Order_ID,Order_Date,Customer_ID,Customer_Name,Region,City,Category,Product,Quantity,Unit_Price,Discount,Payment_Mode,Customer_Type,Returned,Revenue,Discount_Amount,Final_Sales
ORD300001,2025-03-27,CUST13421,Customer_13421,East,Vijayawada,Electronics,Smart Watch,2,10911.02,0.05,Debit Card,Returning,No,21822.04,1091.102,20730.938000000002
ORD300002,2024-06-06,CUST12647,Customer_12647,North,Kolkata,Furniture,Sofa,3,10544.55,0.05,Cash,Returning,No,31633.649999999998,1581.6825,30051.9675
ORD300003,2024-07-03,CUST12597,Customer_12597,South,Hyderabad,Home & Kitchen,Mixer Grinder,6,1242.14,0.05,Credit Card,Returning,No,7452.84,372.64200000000005,7080.198
ORD300004,2025-09-14,CUST13403,Customer_13403,North,Hyderabad,Clothing,Jeans,3,1620.36,0.0,Credit Card,Returning,No,4861.08,0.0,4861.08
ORD300005,2025-07-20,CUST12586,Customer_12586,East,Bengaluru,Sports,Yoga Mat,5,7564.48,0.15,UPI,Returning,No,37822.399999999994,5673.359999999999,32149.039999999994
ORD300006,2024-07-06,CUST13229,Customer_13229,East,Bengaluru,Furniture,Office Chair,1,13843.28,0.2,Debit Card,Returning,No,13843.28,2768.6560000000004,11074.624
ORD300007,2024-04-10,CUST12019,Customer_12019,North,Delhi,Sports,Cricket Bat,2,7949.95,0.0,UPI,Returning,No,15899.9,0.0,15899.9
ORD300008,2024-03-03,CUST12223,Customer_12223,North,Delhi,Electronics,Smart Watch,6,19782.23,0.15,Credit Card,New,No,118693.38,17804.007,100889.373
ORD300009,2025-03-11,CUST12095,Customer_12095,North,Bengaluru,Clothing,Jacket,3,4820.75,0.05,Debit Card,Returning,No,14462.25,723.1125000000001,13739.1375
ORD300010,2025-06-21,CUST13339,Customer_13339,South,Bengaluru,Home & Kitchen,Cookware Set,4,2548.3,0.0,Debit Card,New,No,10193.2,0.0,10193.2
ORD300011,2024-06-04,CUST12740,Customer_12740,West,Bengaluru,Clothing,Formal Shirt,1,3971.02,0.0,UPI,Returning,No,3971.02,0.0,3971.02
ORD300012,2024-01-22,CUST13211,Customer_13211,West,Bengaluru,Home & Kitchen,Bedsheet,1,9034.28,0.05,Cash,Returning,No,9034.28,451.71400000000006,8582.566
ORD300013,2024-11-24,CUST13233,Customer_13233,East,Vijayawada,Sports,Football,4,9450.39,0.15,Debit Card,New,No,37801.56,5670.2339999999995,32131.325999999997
ORD300014,2025-06-23,CUST12188,Customer_12188,West,Vijayawada,Furniture,Coffee Table,1,27537.77,0.1,Cash,Returning,No,27537.77,2753.777,24783.993000000002
ORD300015,2024-11-26,CUST12487,Customer_12487,North,,Electronics,Smart Watch,3,21511.25,0.15,Credit Card,Returning,No,64533.75,9680.0625,54853.6875
ORD300016,2025-06-22,CUST12008,Customer_12008,North,Hyderabad,Clothing,Sneakers,7,1318.16,0.05,Cash,Returning,No,9227.12,461.35600000000005,8765.764000000001
ORD300017,2025-08-31,CUST12325,Customer_12325,East,Mumbai,Electronics,Bluetooth Speaker,4,3282.98,0.15,Net Banking,Returning,Yes,13131.92,1969.788,11162.132
ORD300018,2024-08-14,CUST12486,Customer_12486,West,Pune,Home & Kitchen,Cookware Set,2,9603.58,0.05,Debit Card,Returning,No,19207.16,960.3580000000001,18246.802
ORD300019,2024-10-30,CUST13368,Customer_13368,East,Vijayawada,Clothing,Formal Shirt,6,3335.23,0.15,Net Banking,Returning,No,20011.38,3001.707,17009.673000000003
ORD300020,2025-09-10,CUST12257,Customer_12257,East,Mumbai,Clothing,T-Shirt,1,3403.17,0.0,Credit Card,New,No,3403.17,0.0,3403.17
ORD300021,2025-02-01,CUST12546,Customer_12546,North,Vijayawada,Electronics,Bluetooth Speaker,1,18548.88,0.1,Cash,Returning,Yes,18548.88,1854.8880000000001,16693.992000000002
ORD300022,2024-06-20,CUST12471,Customer_12471,West,Pune,Furniture,Sofa,5,7628.52,0.0,UPI,Returning,No,38142.600000000006,0.0,38142.600000000006
ORD300023,2025-05-17,CUST12135,Customer_12135,West,Pune,Furniture,Sofa,2,4366.81,0.0,Cash,Returning,Yes,8733.62,0.0,8733.62
ORD300024,2025-01-10,CUST12111,Customer_12111,North,Mumbai,Furniture,Study Table,4,5794.49,0.15,Cash,New,No,23177.96,3476.694,19701.266
ORD300025,2024-08-11,CUST12850,Customer_12850,West,Chennai,Furniture,Study Table,3,11106.03,0.15,Cash,Returning,No,33318.090000000004,4997.713500000001,28320.376500000002
ORD300026,2024-03-05,CUST12128,Customer_12128,East,Kolkata,Clothing,Jeans,4,3377.09,0.1,Credit Card,New,Yes,13508.36,1350.8360000000002,12157.524000000001
ORD300027,2024-05-14,CUST13500,Customer_13500,East,Pune,Furniture,Sofa,1,3944.68,0.25,Net Banking,Returning,No,3944.68,986.17,2958.5099999999998
ORD300028,2025-07-20,CUST12378,Customer_12378,South,Delhi,Electronics,Power Bank,1,2819.55,0.1,Cash,New,No,2819.55,281.95500000000004,2537.5950000000003
ORD300029,2025-06-04,CUST13053,Customer_13053,West,Chennai,Furniture,Study Table,2,25943.35,0.15,Cash,Returning,No,51886.7,7783.004999999999,44103.695
ORD300030,2024-02-16,CUST12292,Customer_12292,West,Kolkata,Sports,Football,2,4587.89,0.15,UPI,Returning,No,9175.78,1376.367,7799.4130000000005
ORD300031,2024-04-30,CUST13250,Customer_13250,North,Vijayawada,Home & Kitchen,Mixer Grinder,1,8351.93,0.0,Net Banking,Returning,No,8351.93,0.0,8351.93
ORD300032,2025-06-09,CUST13221,Customer_13221,West,Bengaluru,Home & Kitchen,Storage Box,3,7360.76,0.05,Debit Card,Returning,No,22082.28,1104.114,20978.165999999997
ORD300033,2024-11-07,CUST13276,Customer_13276,East,Kolkata,Furniture,Study Table,6,15484.01,0.1,UPI,New,No,92904.06,9290.406,83613.654
ORD300034,2024-06-24,CUST12449,Customer_12449,West,Vijayawada,Sports,Football,1,7193.47,0.05,Net Banking,New,No,7193.47,359.67350000000005,6833.7965
ORD300035,2025-12-23,CUST12131,Customer_12131,North,Hyderabad,Sports,Cricket Bat,3,2317.6,0.05,Credit Card,New,Yes,6952.799999999999,347.64,6605.159999999999
ORD300036,2024-01-12,CUST13464,Customer_13464,North,Delhi,Sports,Football,2,8955.15,0.05,Credit Card,New,No,17910.3,895.515,17014.785
ORD300037,2024-01-03,CUST12439,Customer_12439,West,Chennai,Furniture,Office Chair,2,14946.06,0.15,Credit Card,Returning,No,29892.12,4483.817999999999,25408.302
ORD300038,2025-02-24,CUST12025,Customer_12025,West,Mumbai,Sports,Football,1,9275.04,0.1,Credit Card,New,No,9275.04,927.5040000000001,8347.536
ORD300039,2025-01-16,CUST12882,Customer_12882,North,Delhi,Furniture,Sofa,2,24990.63,0.05,Credit Card,New,No,49981.26,2499.063,47482.197
ORD300040,2025-05-10,CUST12364,Customer_12364,South,Chennai,Home & Kitchen,Mixer Grinder,6,1784.41,0.1,Cash,Returning,No,10706.460000000001,1070.6460000000002,9635.814
ORD300041,2025-11-25,CUST12959,Customer_12959,North,Vijayawada,Clothing,Jacket,1,630.2,0.05,UPI,Returning,No,630.2,31.510000000000005,598.69
ORD300042,2025-12-21,CUST13424,Customer_13424,South,Chennai,Sports,Dumbbells,2,3518.5,0.15,Debit Card,New,No,7037.0,1055.55,5981.45
ORD300043,2025-03-10,CUST13462,Customer_13462,North,Kolkata,Furniture,Study Table,4,22770.29,0.1,Debit Card,New,No,91081.16,9108.116,81973.04400000001
ORD300044,2024-11-26,CUST13251,Customer_13251,North,Mumbai,Home & Kitchen,Water Bottle,2,8353.85,0.05,Net Banking,Returning,No,16707.7,835.3850000000001,15872.315
ORD300045,2025-12-21,CUST12788,Customer_12788,North,Delhi,Clothing,Formal Shirt,3,1862.47,0.1,Cash,Returning,No,5587.41,558.741,5028.669
ORD300046,2025-08-03,CUST13277,Customer_13277,North,Chennai,Furniture,Study Table,2,8076.37,0.1,UPI,New,Yes,16152.74,1615.2740000000001,14537.466
ORD300047,2025-04-20,CUST12979,Customer_12979,East,Chennai,Home & Kitchen,Mixer Grinder,1,5965.64,0.15,Debit Card,New,No,5965.64,894.846,5070.794
ORD300048,2024-06-12,CUST12272,Customer_12272,North,Bengaluru,Home & Kitchen,Water Bottle,3,8916.98,0.2,Debit Card,Returning,No,26750.94,5350.188,21400.752
ORD300049,2024-05-13,CUST13425,Customer_13425,West,Delhi,Sports,Running Shoes,4,1053.09,0.25,UPI,Returning,No,4212.36,1053.09,3159.2699999999995
ORD300050,2025-08-06,CUST12497,Customer_12497,East,Bengaluru,Furniture,Sofa,3,12476.43,0.1,UPI,Returning,Yes,37429.29,3742.929,33686.361000000004
ORD300051,2024-04-07,CUST12993,Customer_12993,North,Mumbai,Home & Kitchen,Cookware Set,1,2091.56,0.1,Credit Card,New,No,2091.56,209.156,1882.404
ORD300052,2024-03-20,CUST12626,Customer_12626,East,Chennai,Electronics,USB Keyboard,4,2908.69,0.1,Credit Card,Returning,No,11634.76,1163.476,10471.284
ORD300053,2025-04-29,CUST12739,Customer_12739,West,Pune,Furniture,Bookshelf,3,27220.41,0.05,Credit Card,Returning,No,81661.23,4083.0615,77578.1685
ORD300054,2024-07-18,CUST13238,Customer_13238,North,Pune,Home & Kitchen,Mixer Grinder,3,1022.87,0.0,UPI,Returning,No,3068.61,0.0,3068.61
ORD300055,2024-08-07,CUST13143,Customer_13143,South,Vijayawada,Clothing,Formal Shirt,1,2597.27,0.1,Cash,Returning,No,2597.27,259.72700000000003,2337.543
ORD300056,2024-01-09,CUST13396,Customer_13396,West,Chennai,Electronics,Power Bank,2,6425.21,0.15,UPI,Returning,No,12850.42,1927.5629999999999,10922.857
ORD300057,2024-10-25,CUST12726,Customer_12726,North,Mumbai,Clothing,Jeans,5,3595.34,0.05,UPI,New,No,17976.7,898.835,17077.865
ORD300058,2025-02-10,CUST12958,Customer_12958,North,Pune,Electronics,Bluetooth Speaker,1,23776.29,0.15,Cash,Returning,No,23776.29,3566.4435,20209.8465
ORD300059,2024-03-13,CUST12382,Customer_12382,North,Bengaluru,Sports,Cricket Bat,3,7893.76,0.05,Credit Card,Returning,No,23681.28,1184.064,22497.216
ORD300060,2024-01-29,CUST12031,Customer_12031,South,Bengaluru,Furniture,Study Table,2,20341.46,0.25,Credit Card,Returning,No,40682.92,10170.73,30512.19
ORD300061,2024-09-11,CUST13073,Customer_13073,East,Delhi,Sports,Football,2,2419.6,0.1,Net Banking,Returning,No,4839.2,483.92,4355.28
ORD300062,2025-12-18,CUST12600,Customer_12600,West,Delhi,Furniture,Sofa,2,15141.92,0.05,Credit Card,Returning,No,30283.84,1514.192,28769.648
ORD300063,2025-01-04,CUST13048,Customer_13048,East,Pune,Furniture,Study Table,3,20693.53,0.1,Cash,New,No,62080.59,6208.059,55872.530999999995
ORD300064,2024-06-20,CUST13493,Customer_13493,West,Delhi,Sports,Football,1,5882.52,0.1,Debit Card,Returning,No,5882.52,588.2520000000001,5294.268
ORD300065,2025-05-09,CUST12639,Customer_12639,South,Kolkata,Electronics,Bluetooth Speaker,1,18005.18,0.05,Net Banking,New,No,18005.18,900.259,17104.921000000002
ORD300066,2024-10-22,CUST13218,Customer_13218,West,Mumbai,Electronics,Power Bank,7,16078.63,,Credit Card,Returning,No,112550.40999999999,0.0,112550.40999999999
ORD300067,2025-08-31,CUST13434,Customer_13434,South,Kolkata,Electronics,Power Bank,3,3308.37,0.1,Cash,Returning,No,9925.11,992.5110000000001,8932.599
ORD300068,2025-09-21,CUST12059,Customer_12059,North,Vijayawada,Home & Kitchen,Storage Box,2,7739.4,0.15,Debit Card,New,No,15478.8,2321.8199999999997,13156.98
ORD300069,2025-11-17,CUST12117,Customer_12117,East,Bengaluru,Home & Kitchen,Storage Box,2,7928.79,0.05,Credit Card,Returning,No,15857.58,792.879,15064.701
ORD300070,2025-01-10,CUST13386,Customer_13386,South,Chennai,Furniture,Coffee Table,3,4273.59,0.1,UPI,Returning,No,12820.77,1282.0770000000002,11538.693
ORD300071,2024-09-04,CUST12434,Customer_12434,South,Delhi,Electronics,Power Bank,4,10174.97,0.1,UPI,Returning,Yes,40699.88,4069.988,36629.892
ORD300072,2025-07-27,CUST12399,Customer_12399,East,Mumbai,Home & Kitchen,Storage Box,2,3214.3,0.15,Debit Card,Returning,No,6428.6,964.29,5464.31
ORD300073,2025-09-13,CUST12037,Customer_12037,East,Vijayawada,Furniture,Coffee Table,1,9229.65,0.05,Debit Card,Returning,No,9229.65,461.4825,8768.1675
ORD300074,2024-05-20,CUST13048,Customer_13048,South,Pune,Sports,Dumbbells,1,8478.6,0.05,Debit Card,Returning,No,8478.6,423.93000000000006,8054.67
ORD300075,2025-11-05,CUST13492,Customer_13492,South,Mumbai,Home & Kitchen,Water Bottle,1,3548.89,0.0,Credit Card,New,Yes,3548.89,0.0,3548.89
ORD300076,2024-02-28,CUST12602,Customer_12602,South,Mumbai,Home & Kitchen,Storage Box,1,10116.78,0.0,Credit Card,New,No,10116.78,0.0,10116.78
ORD300077,2024-10-21,CUST12631,Customer_12631,North,Chennai,Electronics,Wireless Headphones,5,17476.88,0.0,UPI,Returning,No,87384.40000000001,0.0,87384.40000000001
ORD300078,2025-12-11,CUST12673,Customer_12673,South,Vijayawada,Electronics,Wireless Headphones,3,13230.87,0.0,UPI,Returning,Yes,39692.61,0.0,39692.61
ORD300079,2025-09-21,CUST13456,Customer_13456,North,Chennai,Sports,Dumbbells,6,3794.44,0.05,Debit Card,New,No,22766.64,1138.332,21628.308
ORD300080,2025-11-07,CUST12783,Customer_12783,North,Delhi,Electronics,Smart Watch,1,14331.27,0.2,Net Banking,New,No,14331.27,2866.2540000000004,11465.016
ORD300081,2025-12-29,CUST12029,Customer_12029,West,Vijayawada,Clothing,Formal Shirt,1,3520.78,0.0,UPI,New,No,3520.78,0.0,3520.78
ORD300082,2024-01-09,CUST13293,Customer_13293,West,Chennai,Sports,Running Shoes,3,8705.69,0.2,Cash,Returning,No,26117.07,5223.414000000001,20893.656
ORD300083,2025-11-02,CUST12504,Customer_12504,South,Mumbai,Electronics,Smart Watch,1,7836.15,0.05,Net Banking,New,No,7836.15,391.8075,7444.3425
ORD300084,2024-09-07,CUST13275,Customer_13275,South,Pune,Furniture,Study Table,1,12499.94,0.25,Debit Card,Returning,No,12499.94,3124.985,9374.955
ORD300085,2025-04-04,CUST12121,Customer_12121,East,Pune,Sports,Yoga Mat,6,1049.53,0.0,Net Banking,Returning,No,6297.18,0.0,6297.18
ORD300086,2025-02-12,CUST12528,Customer_12528,East,Delhi,Sports,Yoga Mat,5,5222.54,0.2,Credit Card,New,No,26112.7,5222.540000000001,20890.16
ORD300087,2025-06-20,CUST12253,Customer_12253,North,Hyderabad,Clothing,Formal Shirt,2,4662.31,0.05,Cash,Returning,No,9324.62,466.23100000000005,8858.389000000001
ORD300088,2024-08-06,CUST12229,Customer_12229,East,Delhi,Electronics,Smart Watch,2,20515.92,0.0,Debit Card,Returning,Yes,41031.84,0.0,41031.84
ORD300089,2024-05-06,CUST12854,Customer_12854,East,Hyderabad,Electronics,Smart Watch,4,21552.13,0.05,UPI,Returning,No,86208.52,4310.426,81898.094
ORD300090,2024-05-20,CUST12701,Customer_12701,North,Chennai,Sports,Football,4,2221.38,0.05,Debit Card,New,No,8885.52,444.27600000000007,8441.244
ORD300091,2024-02-22,CUST12515,Customer_12515,North,Chennai,Home & Kitchen,Mixer Grinder,1,8137.03,0.15,Cash,Returning,No,8137.03,1220.5545,6916.4755
ORD300092,2024-12-03,CUST12093,Customer_12093,West,Pune,Furniture,Coffee Table,4,22349.22,0.1,Credit Card,Returning,No,89396.88,8939.688,80457.19200000001
ORD300093,2025-07-17,CUST12919,Customer_12919,North,Pune,Sports,Cricket Bat,3,8397.42,0.0,Net Banking,Returning,No,25192.260000000002,0.0,25192.260000000002
ORD300094,2025-04-08,CUST12392,Customer_12392,East,Vijayawada,Furniture,Sofa,1,25311.54,0.0,Net Banking,New,No,25311.54,0.0,25311.54
ORD300095,2024-12-19,CUST12037,Customer_12037,East,Vijayawada,Clothing,Jacket,1,5238.33,0.05,Credit Card,Returning,No,5238.33,261.9165,4976.4135
ORD300096,2024-03-24,CUST13002,Customer_13002,East,Vijayawada,Sports,Running Shoes,3,8031.58,0.05,UPI,New,No,24094.739999999998,1204.7369999999999,22890.002999999997
ORD300097,2024-04-24,CUST13169,Customer_13169,East,Mumbai,Sports,Yoga Mat,4,7578.53,0.15,Debit Card,New,No,30314.12,4547.1179999999995,25767.002
ORD300098,2024-06-17,CUST13472,Customer_13472,South,Hyderabad,Furniture,Study Table,2,18739.9,0.0,Net Banking,New,No,37479.8,0.0,37479.8
ORD300099,2024-10-23,CUST12383,Customer_12383,North,Hyderabad,Sports,Running Shoes,1,704.19,0.25,Cash,Returning,No,704.19,176.0475,528.1425
ORD300100,2024-10-20,CUST12196,Customer_12196,East,Vijayawada,Home & Kitchen,Storage Box,2,2318.76,0.1,UPI,New,No,4637.52,463.75200000000007,4173.768
ORD300101,2025-08-05,CUST13154,Customer_13154,South,Mumbai,Sports,Football,3,3436.17,0.1,UPI,Returning,No,10308.51,1030.851,9277.659
ORD300102,2024-02-21,CUST13248,Customer_13248,West,Delhi,Furniture,Office Chair,3,3305.42,0.15,Debit Card,New,No,9916.26,1487.439,8428.821
ORD300103,2025-10-03,CUST12291,Customer_12291,North,Bengaluru,Electronics,USB Keyboard,6,22868.72,0.1,Debit Card,Returning,No,137212.32,13721.232000000002,123491.088
ORD300104,2025-08-15,CUST12418,Customer_12418,East,Mumbai,Electronics,Bluetooth Speaker,2,3086.15,0.1,Net Banking,New,No,6172.3,617.23,5555.07
ORD300105,2024-10-15,CUST12912,Customer_12912,South,Chennai,Electronics,USB Keyboard,2,12040.32,0.05,Debit Card,New,No,24080.64,1204.032,22876.608
ORD300106,2024-09-15,CUST12709,Customer_12709,North,Mumbai,Home & Kitchen,Water Bottle,3,8840.17,0.0,UPI,Returning,No,26520.510000000002,0.0,26520.510000000002
ORD300107,2024-02-23,CUST13056,Customer_13056,East,Bengaluru,Furniture,Office Chair,1,4074.94,0.05,Credit Card,Returning,No,4074.94,203.747,3871.193
ORD300108,2025-11-27,CUST12958,Customer_12958,West,Hyderabad,Electronics,Bluetooth Speaker,2,20359.81,0.2,Debit Card,Returning,No,40719.62,8143.924000000001,32575.696000000004
ORD300109,2024-09-20,CUST12267,Customer_12267,West,Kolkata,Furniture,Bookshelf,4,27784.22,0.0,Cash,Returning,Yes,111136.88,0.0,111136.88
ORD300110,2025-12-28,CUST12274,Customer_12274,South,Mumbai,Sports,Dumbbells,2,7384.77,0.2,Net Banking,Returning,No,14769.54,2953.9080000000004,11815.632000000001
ORD300111,2024-08-08,CUST12134,Customer_12134,South,Kolkata,Sports,Dumbbells,3,6565.45,0.1,Cash,Returning,No,19696.35,1969.635,17726.715
ORD300112,2024-02-12,CUST12501,Customer_12501,North,Chennai,Home & Kitchen,Cookware Set,1,8788.03,0.1,Debit Card,Returning,Yes,8788.03,878.8030000000001,7909.227000000001
ORD300113,2024-07-24,CUST12405,Customer_12405,North,Pune,Electronics,Power Bank,1,18961.41,0.15,Debit Card,Returning,No,18961.41,2844.2115,16117.1985
ORD300114,2024-09-27,CUST12964,Customer_12964,West,Chennai,Clothing,Sneakers,3,4864.41,0.15,UPI,Returning,No,14593.23,2188.9845,12404.245499999999
ORD300115,2025-07-10,CUST13377,Customer_13377,North,Kolkata,Home & Kitchen,Water Bottle,5,11479.79,0.1,Debit Card,Returning,No,57398.950000000004,5739.895,51659.05500000001
ORD300116,2025-01-16,CUST12084,Customer_12084,North,Delhi,Clothing,Formal Shirt,3,523.19,0.15,Net Banking,New,No,1569.5700000000002,235.43550000000002,1334.1345000000001
ORD300117,2025-06-06,CUST12745,Customer_12745,South,Kolkata,Home & Kitchen,Cookware Set,2,7621.13,0.0,UPI,New,No,15242.26,0.0,15242.26
ORD300118,2025-05-22,CUST13129,Customer_13129,South,Delhi,Clothing,Jacket,1,2622.44,0.05,Credit Card,Returning,No,2622.44,131.122,2491.318
ORD300119,2024-04-08,CUST13383,Customer_13383,North,Vijayawada,Home & Kitchen,Mixer Grinder,4,1757.88,0.1,Credit Card,Returning,No,7031.52,703.152,6328.368
ORD300120,2025-05-10,CUST12236,Customer_12236,East,Vijayawada,Electronics,Smart Watch,1,1475.33,0.05,Net Banking,Returning,No,1475.33,73.7665,1401.5635
ORD300121,2025-12-20,CUST13363,Customer_13363,North,Mumbai,Home & Kitchen,Water Bottle,1,9301.85,0.1,Net Banking,Returning,No,9301.85,930.1850000000001,8371.665
ORD300122,2025-09-02,CUST12658,Customer_12658,North,Hyderabad,Home & Kitchen,Mixer Grinder,7,425.7,0.15,UPI,New,No,2979.9,446.985,2532.915
ORD300123,2025-02-24,CUST12508,Customer_12508,West,Hyderabad,Electronics,USB Keyboard,1,13371.41,0.05,Cash,Returning,No,13371.41,668.5705,12702.8395
ORD300124,2024-02-26,CUST12417,Customer_12417,South,Kolkata,Sports,Yoga Mat,3,6177.71,0.15,Debit Card,New,No,18533.13,2779.9695,15753.160500000002
ORD300125,2025-09-21,CUST12517,Customer_12517,South,Vijayawada,Sports,Yoga Mat,5,2153.4,0.15,Net Banking,Returning,No,10767.0,1615.05,9151.95
ORD300126,2025-12-15,CUST13256,Customer_13256,North,Hyderabad,Sports,Yoga Mat,1,4584.82,0.1,Credit Card,New,No,4584.82,458.48199999999997,4126.338
ORD300127,2024-08-15,CUST12758,Customer_12758,West,Hyderabad,Electronics,Smart Watch,4,3763.67,0.1,UPI,New,Yes,15054.68,1505.468,13549.212
ORD300128,2025-05-26,CUST13226,Customer_13226,East,Pune,Electronics,Wireless Headphones,3,6651.58,0.1,UPI,New,No,19954.739999999998,1995.474,17959.266
ORD300129,2024-10-08,CUST12104,Customer_12104,West,Hyderabad,Sports,Cricket Bat,1,2839.4,0.05,Net Banking,New,No,2839.4,141.97,2697.4300000000003
ORD300130,2024-05-03,CUST12804,Customer_12804,South,Bengaluru,Electronics,Wireless Headphones,3,1411.1,0.05,UPI,Returning,No,4233.299999999999,211.66499999999996,4021.6349999999993
ORD300131,2024-10-06,CUST12114,Customer_12114,South,Kolkata,Clothing,Formal Shirt,4,5563.18,0.05,Debit Card,Returning,No,22252.72,1112.6360000000002,21140.084000000003
ORD300132,2024-11-08,CUST12707,Customer_12707,East,Mumbai,Electronics,USB Keyboard,3,22498.21,0.05,UPI,Returning,No,67494.63,3374.7315000000003,64119.8985
ORD300133,2025-07-25,CUST13003,Customer_13003,South,Chennai,Electronics,Power Bank,1,21656.24,0.05,Cash,New,No,21656.24,1082.8120000000001,20573.428
ORD300134,2025-09-30,CUST12079,Customer_12079,East,Pune,Sports,Football,5,7166.19,0.15,Cash,Returning,Yes,35830.95,5374.642499999999,30456.3075
ORD300135,2025-06-15,CUST13292,Customer_13292,South,Kolkata,Electronics,Smart Watch,2,2031.02,0.15,Net Banking,Returning,No,4062.04,609.3059999999999,3452.734
ORD300136,2024-03-04,CUST13105,Customer_13105,South,Chennai,Furniture,Study Table,2,27475.92,0.2,UPI,New,No,54951.84,10990.368,43961.471999999994
ORD300137,2024-05-24,CUST13145,Customer_13145,North,Bengaluru,Clothing,Jeans,1,621.0,0.1,Net Banking,Returning,No,621.0,62.1,558.9
ORD300138,2024-01-10,CUST13479,Customer_13479,West,Delhi,Electronics,Wireless Headphones,2,20771.56,0.0,Credit Card,Returning,Yes,41543.12,0.0,41543.12
ORD300139,2024-07-04,CUST13263,Customer_13263,West,Delhi,Furniture,Bookshelf,1,24771.95,0.25,Cash,New,No,24771.95,6192.9875,18578.9625
ORD300140,2025-10-16,CUST13081,Customer_13081,North,Vijayawada,Clothing,Jacket,6,2040.03,0.1,Net Banking,Returning,Yes,12240.18,1224.018,11016.162
ORD300141,2025-01-29,CUST12255,Customer_12255,East,Bengaluru,Furniture,Sofa,3,2772.67,0.0,Credit Card,New,No,8318.01,0.0,8318.01
ORD300142,2025-01-03,CUST12984,Customer_12984,North,Kolkata,Home & Kitchen,Mixer Grinder,2,7713.02,0.05,UPI,New,No,15426.04,771.3020000000001,14654.738000000001
ORD300143,2025-03-30,CUST12129,Customer_12129,East,Delhi,Clothing,Jeans,1,1185.82,0.05,Cash,New,No,1185.82,59.291,1126.529
ORD300144,2025-12-24,CUST12425,Customer_12425,West,Kolkata,Electronics,Wireless Headphones,1,11337.38,0.1,Credit Card,Returning,No,11337.38,1133.738,10203.642
ORD300145,2025-05-23,CUST12860,Customer_12860,East,Kolkata,Home & Kitchen,Cookware Set,3,1301.76,0.1,Net Banking,Returning,No,3905.2799999999997,390.528,3514.7519999999995
ORD300146,2025-11-17,CUST13257,Customer_13257,South,Bengaluru,Furniture,Bookshelf,1,17422.73,0.15,Net Banking,Returning,No,17422.73,2613.4094999999998,14809.3205
ORD300147,2025-11-11,CUST12606,Customer_12606,West,Pune,Sports,Yoga Mat,2,6134.97,0.2,UPI,New,No,12269.94,2453.9880000000003,9815.952000000001
ORD300148,2024-08-19,CUST13496,Customer_13496,South,Vijayawada,Home & Kitchen,Water Bottle,5,4913.51,0.1,Credit Card,Returning,No,24567.550000000003,2456.7550000000006,22110.795000000002
ORD300149,2025-04-11,CUST13331,Customer_13331,South,Bengaluru,Clothing,T-Shirt,1,3628.21,0.05,Net Banking,Returning,No,3628.21,181.4105,3446.7995
ORD300150,2025-11-22,CUST13155,Customer_13155,South,Chennai,Clothing,Jacket,1,3316.46,0.05,UPI,Returning,No,3316.46,165.823,3150.637
ORD300151,2024-10-17,CUST12004,Customer_12004,East,Pune,Furniture,Bookshelf,3,27944.08,0.1,Credit Card,New,No,83832.24,8383.224,75449.016
ORD300152,2024-12-26,CUST12074,Customer_12074,North,Bengaluru,Furniture,Bookshelf,3,5805.99,0.1,UPI,Returning,Yes,17417.97,1741.7970000000003,15676.173
ORD300153,2024-11-06,CUST12664,Customer_12664,North,Kolkata,Furniture,Office Chair,3,7742.43,0.1,Credit Card,Returning,No,23227.29,2322.7290000000003,20904.561
ORD300154,2024-04-03,CUST13244,Customer_13244,East,Pune,Electronics,Bluetooth Speaker,2,16224.62,0.0,Debit Card,Returning,No,32449.24,0.0,32449.24
ORD300155,2025-03-30,CUST13197,Customer_13197,West,Bengaluru,Home & Kitchen,Mixer Grinder,7,4907.96,0.1,Net Banking,Returning,No,34355.72,3435.572,30920.148
ORD300156,2024-06-22,CUST13346,Customer_13346,South,Chennai,Sports,Yoga Mat,4,6354.09,0.0,Cash,New,Yes,25416.36,0.0,25416.36
ORD300157,2024-10-28,CUST12754,Customer_12754,North,Kolkata,Electronics,Power Bank,5,20069.94,0.0,Net Banking,New,No,100349.7,0.0,100349.7
ORD300158,2025-12-02,CUST12322,Customer_12322,North,Chennai,Electronics,Power Bank,4,7250.13,0.05,Cash,New,Yes,29000.52,1450.026,27550.494
ORD300159,2024-05-14,CUST12115,Customer_12115,South,Bengaluru,Home & Kitchen,Mixer Grinder,1,5742.53,0.05,Credit Card,Returning,No,5742.53,287.1265,5455.403499999999
ORD300160,2024-06-12,CUST13345,Customer_13345,West,Kolkata,Electronics,Power Bank,1,20957.34,0.0,UPI,New,No,20957.34,0.0,20957.34
ORD300161,2024-05-04,CUST12143,Customer_12143,West,Mumbai,Home & Kitchen,Mixer Grinder,2,6816.31,0.05,UPI,Returning,Yes,13632.62,681.6310000000001,12950.989000000001
ORD300162,2024-09-14,CUST13023,Customer_13023,West,Chennai,Home & Kitchen,Cookware Set,2,660.01,0.0,UPI,Returning,No,1320.02,0.0,1320.02
ORD300163,2025-02-25,CUST12152,Customer_12152,West,Pune,Electronics,Wireless Headphones,3,4052.29,0.15,Credit Card,Returning,No,12156.869999999999,1823.5304999999998,10333.339499999998
ORD300164,2024-03-11,CUST12164,Customer_12164,East,Mumbai,Electronics,Wireless Headphones,1,18726.03,0.05,Net Banking,Returning,No,18726.03,936.3015,17789.728499999997
ORD300165,2025-09-02,CUST13018,Customer_13018,South,Hyderabad,Furniture,Sofa,1,23262.12,0.1,Debit Card,Returning,No,23262.12,2326.212,20935.908
ORD300166,2025-12-10,CUST13204,Customer_13204,North,Hyderabad,Clothing,Jacket,3,5545.97,0.15,Cash,New,No,16637.91,2495.6865,14142.2235
ORD300167,2024-04-14,CUST12369,Customer_12369,South,Pune,Clothing,Sneakers,6,3069.73,0.2,Cash,New,No,18418.38,3683.6760000000004,14734.704000000002
ORD300168,2025-12-21,CUST12192,Customer_12192,East,Vijayawada,Electronics,Bluetooth Speaker,3,15328.95,0.0,UPI,Returning,No,45986.850000000006,0.0,45986.850000000006
ORD300169,2025-10-06,CUST13462,Customer_13462,North,Chennai,Electronics,Wireless Headphones,4,4298.32,0.1,Credit Card,Returning,Yes,17193.28,1719.328,15473.952
ORD300170,2024-11-26,CUST12466,Customer_12466,North,Vijayawada,Home & Kitchen,Storage Box,3,614.05,0.1,Debit Card,Returning,No,1842.1499999999999,184.215,1657.935
ORD300171,2024-02-25,CUST12172,Customer_12172,West,Vijayawada,Furniture,Sofa,3,23778.2,0.1,UPI,Returning,No,71334.6,7133.460000000001,64201.14000000001
ORD300172,2025-05-18,CUST13129,Customer_13129,East,Bengaluru,Clothing,Jacket,3,668.45,0.1,Debit Card,Returning,No,2005.3500000000001,200.53500000000003,1804.815
ORD300173,2024-07-24,CUST12738,Customer_12738,South,Delhi,Home & Kitchen,Water Bottle,1,11401.63,0.1,Credit Card,New,No,11401.63,1140.163,10261.466999999999
ORD300174,2025-05-14,CUST13307,Customer_13307,North,Hyderabad,Electronics,Bluetooth Speaker,3,15467.45,0.15,Cash,Returning,No,46402.350000000006,6960.352500000001,39441.997500000005
ORD300175,2024-06-10,CUST13296,Customer_13296,West,Kolkata,Home & Kitchen,Storage Box,1,5554.49,0.15,Debit Card,New,No,5554.49,833.1735,4721.3165
ORD300176,2024-01-03,CUST12342,Customer_12342,North,Bengaluru,Home & Kitchen,Cookware Set,2,9541.78,0.05,Cash,Returning,No,19083.56,954.1780000000001,18129.382
ORD300177,2024-07-14,CUST12395,Customer_12395,South,Chennai,Sports,Dumbbells,2,7463.56,0.05,Credit Card,New,No,14927.12,746.3560000000001,14180.764000000001
ORD300178,2024-04-08,CUST13083,Customer_13083,East,Hyderabad,Clothing,Formal Shirt,1,5382.6,0.0,UPI,Returning,No,5382.6,0.0,5382.6
ORD300179,2024-01-16,CUST13366,Customer_13366,North,Kolkata,Clothing,T-Shirt,5,5541.14,0.1,Net Banking,New,No,27705.7,2770.57,24935.13
ORD300180,2024-01-15,CUST12823,Customer_12823,West,Chennai,Electronics,USB Keyboard,7,1506.57,0.0,UPI,Returning,No,10545.99,0.0,10545.99
ORD300181,2024-05-11,CUST12264,Customer_12264,North,Delhi,Electronics,Wireless Headphones,3,16127.94,0.1,UPI,Returning,No,48383.82,4838.3820000000005,43545.438
ORD300182,2024-07-05,CUST12267,Customer_12267,South,Bengaluru,Sports,Yoga Mat,1,1427.74,0.05,UPI,Returning,No,1427.74,71.387,1356.353
ORD300183,2024-10-09,CUST13027,Customer_13027,South,Bengaluru,Clothing,Jacket,2,4775.04,0.05,Net Banking,New,Yes,9550.08,477.504,9072.576
ORD300184,2025-08-08,CUST13078,Customer_13078,East,Kolkata,Furniture,Coffee Table,1,24628.06,0.0,UPI,New,No,24628.06,0.0,24628.06
ORD300185,2025-06-25,CUST13475,Customer_13475,South,Bengaluru,Electronics,Smart Watch,5,4431.06,0.2,Net Banking,Returning,No,22155.300000000003,4431.06,17724.24
ORD300186,2025-02-16,CUST12297,Customer_12297,North,Vijayawada,Electronics,USB Keyboard,4,21564.7,0.05,Net Banking,New,No,86258.8,4312.9400000000005,81945.86
ORD300187,2025-12-10,CUST13395,Customer_13395,East,Pune,Furniture,Study Table,2,14675.0,0.15,Credit Card,New,No,29350.0,4402.5,24947.5
ORD300188,2025-07-25,CUST12908,Customer_12908,North,Chennai,Electronics,Wireless Headphones,4,3122.16,0.15,Cash,New,No,12488.64,1873.2959999999998,10615.344
ORD300189,2025-04-04,CUST12834,Customer_12834,East,Vijayawada,Home & Kitchen,Cookware Set,3,7029.66,0.15,Net Banking,New,No,21088.98,3163.3469999999998,17925.633
ORD300190,2024-09-16,CUST13476,Customer_13476,North,Hyderabad,Furniture,Office Chair,5,16642.64,0.05,Credit Card,New,No,83213.2,4160.66,79052.54
ORD300191,2024-05-25,CUST13133,Customer_13133,West,Pune,Furniture,Office Chair,4,28424.37,0.25,Net Banking,Returning,No,113697.48,28424.37,85273.11
ORD300192,2024-02-10,CUST12598,Customer_12598,East,Delhi,Home & Kitchen,Cookware Set,2,9873.07,0.2,Debit Card,New,No,19746.14,3949.228,15796.912
ORD300193,2024-07-23,CUST12793,Customer_12793,North,Delhi,Furniture,Study Table,3,22541.48,0.0,UPI,Returning,No,67624.44,0.0,67624.44
ORD300194,2025-01-02,CUST13023,Customer_13023,West,Delhi,Furniture,Study Table,6,23612.93,0.25,Debit Card,Returning,No,141677.58000000002,35419.395000000004,106258.18500000001
ORD300195,2024-11-19,CUST13418,Customer_13418,West,Vijayawada,Clothing,Formal Shirt,2,2459.23,0.2,Credit Card,Returning,No,4918.46,983.692,3934.768
ORD300196,2025-11-21,CUST12222,Customer_12222,South,Hyderabad,Clothing,T-Shirt,1,2731.53,0.0,Credit Card,Returning,No,2731.53,0.0,2731.53
ORD300197,2024-12-15,CUST12029,Customer_12029,East,Delhi,Electronics,USB Keyboard,3,14593.66,0.15,Credit Card,New,No,43780.979999999996,6567.146999999999,37213.833
ORD300198,2025-09-11,CUST12725,Customer_12725,North,Hyderabad,Sports,Yoga Mat,1,7569.14,0.05,Cash,New,No,7569.14,378.45700000000005,7190.683
ORD300199,2025-11-26,CUST13413,Customer_13413,South,Pune,Clothing,Formal Shirt,1,3151.79,0.15,Net Banking,New,No,3151.79,472.76849999999996,2679.0215
ORD300200,2025-03-31,CUST13395,Customer_13395,East,Mumbai,Clothing,Jeans,6,2800.51,0.2,Debit Card,Returning,No,16803.06,3360.6120000000005,13442.448
ORD300201,2024-06-26,CUST12082,Customer_12082,North,Chennai,Home & Kitchen,Cookware Set,3,375.24,0.05,Net Banking,Returning,No,1125.72,56.286,1069.434
ORD300202,2024-09-06,CUST12180,Customer_12180,West,Vijayawada,Home & Kitchen,Storage Box,6,7503.9,0.05,UPI,New,No,45023.399999999994,2251.1699999999996,42772.229999999996
ORD300203,2025-05-07,CUST13356,Customer_13356,South,Chennai,Electronics,Power Bank,4,18903.27,0.1,Credit Card,Returning,Yes,75613.08,7561.308000000001,68051.772
ORD300204,2024-02-17,CUST13062,Customer_13062,North,Bengaluru,Home & Kitchen,Bedsheet,2,4105.79,0.2,Debit Card,New,No,8211.58,1642.316,6569.264
ORD300205,2024-12-06,CUST12249,Customer_12249,West,Vijayawada,Home & Kitchen,Water Bottle,3,5593.04,0.05,Net Banking,Returning,No,16779.12,838.956,15940.163999999999
ORD300206,2025-01-20,CUST12123,Customer_12123,North,Vijayawada,Sports,Football,2,4137.22,0.2,UPI,Returning,No,8274.44,1654.8880000000001,6619.552000000001
ORD300207,2024-12-11,CUST12188,Customer_12188,West,Delhi,Sports,Yoga Mat,5,4011.19,0.0,UPI,Returning,Yes,20055.95,0.0,20055.95
ORD300208,2025-12-21,CUST12076,Customer_12076,North,Chennai,Electronics,Smart Watch,2,21969.48,0.1,Debit Card,New,No,43938.96,4393.896,39545.064
ORD300209,2024-01-13,CUST12042,Customer_12042,East,Pune,Furniture,Sofa,1,3351.06,0.15,Cash,New,No,3351.06,502.659,2848.401
ORD300210,2024-06-04,CUST13447,Customer_13447,North,Pune,Home & Kitchen,Storage Box,3,1147.47,0.0,Net Banking,Returning,No,3442.41,0.0,3442.41
ORD300211,2025-10-11,CUST12380,Customer_12380,East,Chennai,Home & Kitchen,Water Bottle,4,853.42,0.15,Net Banking,Returning,No,3413.68,512.0519999999999,2901.6279999999997
ORD300212,2024-08-27,CUST13454,Customer_13454,South,Mumbai,Clothing,Jeans,2,2080.08,0.05,Net Banking,Returning,No,4160.16,208.008,3952.152
ORD300213,2025-10-12,CUST12734,Customer_12734,South,Delhi,Clothing,Sneakers,1,2539.3,0.1,Net Banking,New,No,2539.3,253.93000000000004,2285.3700000000003
ORD300214,2025-07-14,CUST12971,Customer_12971,South,Mumbai,Electronics,Power Bank,2,14961.38,0.0,Cash,Returning,No,29922.76,0.0,29922.76
ORD300215,2024-08-22,CUST13255,Customer_13255,South,Kolkata,Home & Kitchen,Mixer Grinder,2,9061.06,0.1,Debit Card,Returning,No,18122.12,1812.212,16309.908
ORD300216,2024-12-27,CUST12737,Customer_12737,North,Mumbai,Clothing,Jeans,2,820.09,0.1,Net Banking,New,No,1640.18,164.01800000000003,1476.162
ORD300217,2025-02-28,CUST12886,Customer_12886,West,Vijayawada,Furniture,Coffee Table,2,14394.47,0.0,Net Banking,Returning,Yes,28788.94,0.0,28788.94
ORD300218,2024-04-23,CUST12708,Customer_12708,South,Chennai,Furniture,Coffee Table,5,9436.62,0.15,Net Banking,Returning,No,47183.100000000006,7077.465000000001,40105.635
ORD300219,2025-05-25,CUST13462,Customer_13462,South,Pune,Electronics,Smart Watch,7,23771.36,0.05,Credit Card,Returning,No,166399.52000000002,8319.976,158079.54400000002
ORD300220,2024-02-23,CUST12426,Customer_12426,West,Delhi,Furniture,Office Chair,1,26323.58,0.1,Cash,Returning,No,26323.58,2632.358,23691.222
ORD300221,2025-03-26,CUST12339,Customer_12339,South,Bengaluru,Furniture,Coffee Table,2,27699.9,0.05,Net Banking,Returning,No,55399.8,2769.9900000000002,52629.810000000005
ORD300222,2025-06-09,CUST12986,Customer_12986,East,Mumbai,Home & Kitchen,Storage Box,1,8157.72,0.1,Credit Card,Returning,No,8157.72,815.772,7341.948
ORD300223,2024-03-13,CUST13174,Customer_13174,North,Chennai,Electronics,Smart Watch,2,23338.45,0.15,Debit Card,Returning,Yes,46676.9,7001.535,39675.365000000005
ORD300224,2025-09-05,CUST13451,Customer_13451,North,Delhi,Furniture,Office Chair,3,20952.85,0.1,Net Banking,New,No,62858.549999999996,6285.855,56572.69499999999
ORD300225,2024-10-03,CUST12372,Customer_12372,West,Kolkata,Home & Kitchen,Water Bottle,1,5218.07,0.0,Credit Card,Returning,No,5218.07,0.0,5218.07
ORD300226,2025-06-08,CUST12089,Customer_12089,North,Pune,Electronics,Smart Watch,1,15187.22,0.1,Debit Card,Returning,No,15187.22,1518.722,13668.498
ORD300227,2025-12-20,CUST12964,Customer_12964,South,Vijayawada,Electronics,Smart Watch,5,6216.0,0.1,Cash,Returning,No,31080.0,3108.0,27972.0
ORD300228,2025-01-24,CUST13467,Customer_13467,East,Pune,Furniture,Sofa,3,9137.82,0.15,Cash,New,No,27413.46,4112.018999999999,23301.441
ORD300229,2025-03-07,CUST13481,Customer_13481,East,Hyderabad,Electronics,Bluetooth Speaker,3,10421.77,0.2,Cash,New,No,31265.31,6253.062000000001,25012.248
ORD300230,2025-10-01,CUST13129,Customer_13129,South,Hyderabad,Sports,Football,1,6397.42,0.05,Net Banking,Returning,No,6397.42,319.87100000000004,6077.549
ORD300231,2024-07-26,CUST12078,Customer_12078,South,Hyderabad,Sports,Dumbbells,4,5823.76,0.05,Net Banking,Returning,No,23295.04,1164.7520000000002,22130.288
ORD300232,2025-03-12,CUST12697,Customer_12697,South,Delhi,Sports,Dumbbells,4,7159.64,0.15,Credit Card,Returning,Yes,28638.56,4295.784,24342.776
ORD300233,2024-08-11,CUST12029,Customer_12029,West,Mumbai,Home & Kitchen,Bedsheet,4,3262.42,0.05,Debit Card,Returning,No,13049.68,652.484,12397.196
ORD300234,2024-10-24,CUST12445,Customer_12445,West,Mumbai,Sports,Football,3,7327.59,0.1,Net Banking,Returning,No,21982.77,2198.277,19784.493000000002
ORD300235,2025-08-02,CUST13374,Customer_13374,East,Delhi,Clothing,Formal Shirt,2,2870.89,0.0,Debit Card,Returning,No,5741.78,0.0,5741.78
ORD300236,2024-05-09,CUST12920,Customer_12920,West,Pune,Furniture,Office Chair,1,25919.38,0.1,Debit Card,Returning,No,25919.38,2591.938,23327.442000000003
ORD300237,2025-02-10,CUST13493,Customer_13493,West,Vijayawada,Sports,Yoga Mat,2,4160.68,0.25,Credit Card,Returning,No,8321.36,2080.34,6241.02
ORD300238,2025-11-11,CUST13410,Customer_13410,North,Chennai,Furniture,Coffee Table,7,22123.2,0.1,UPI,New,No,154862.4,15486.24,139376.16
ORD300239,2025-03-12,CUST12500,Customer_12500,North,Chennai,Sports,Yoga Mat,3,3710.79,0.1,UPI,Returning,No,11132.369999999999,1113.2369999999999,10019.133
ORD300240,2024-03-17,CUST13037,Customer_13037,West,Delhi,Electronics,Wireless Headphones,1,4514.94,0.1,Credit Card,New,No,4514.94,451.49399999999997,4063.4459999999995
ORD300241,2025-07-29,CUST13085,Customer_13085,East,Vijayawada,Electronics,Power Bank,3,7895.76,0.25,UPI,New,No,23687.28,5921.82,17765.46
ORD300242,2025-04-01,CUST12430,Customer_12430,West,Hyderabad,Furniture,Sofa,3,27099.94,0.2,Credit Card,New,No,81299.81999999999,16259.964,65039.85599999999
ORD300243,2025-09-22,CUST13320,Customer_13320,North,Hyderabad,Home & Kitchen,Mixer Grinder,1,7022.96,0.1,Credit Card,Returning,Yes,7022.96,702.296,6320.664
ORD300244,2025-09-07,CUST12802,Customer_12802,East,Mumbai,Sports,Football,1,3055.02,0.2,Debit Card,Returning,No,3055.02,611.004,2444.016
ORD300245,2024-09-28,CUST13295,Customer_13295,East,Delhi,Sports,Dumbbells,6,3315.44,0.05,UPI,Returning,No,19892.64,994.6320000000001,18898.007999999998
ORD300246,2024-09-28,CUST12367,Customer_12367,West,Pune,Electronics,Smart Watch,2,19981.86,0.0,Debit Card,Returning,No,39963.72,0.0,39963.72
ORD300247,2024-03-30,CUST12161,Customer_12161,South,Pune,Furniture,Bookshelf,1,21843.93,0.0,Credit Card,Returning,No,21843.93,0.0,21843.93
ORD300248,2024-01-04,CUST12250,Customer_12250,North,Mumbai,Clothing,Sneakers,3,1967.94,0.0,Net Banking,New,No,5903.82,0.0,5903.82
ORD300249,2024-05-28,CUST13470,Customer_13470,North,Vijayawada,Furniture,Bookshelf,5,16721.49,0.0,Debit Card,Returning,No,83607.45000000001,0.0,83607.45000000001
ORD300250,2024-08-12,CUST12376,Customer_12376,East,Delhi,Furniture,Office Chair,2,23888.56,0.2,Net Banking,Returning,Yes,47777.12,9555.424,38221.696
ORD300251,2024-05-08,CUST13410,Customer_13410,East,Pune,Electronics,Bluetooth Speaker,2,21494.69,0.2,Credit Card,New,No,42989.38,8597.876,34391.504
ORD300252,2024-10-26,CUST12045,Customer_12045,South,Mumbai,Clothing,Jeans,5,4337.41,0.0,Net Banking,New,No,21687.05,0.0,21687.05
ORD300253,2025-11-28,CUST12244,Customer_12244,West,Delhi,Clothing,Formal Shirt,3,5611.52,0.1,UPI,Returning,No,16834.56,1683.4560000000001,15151.104000000001
ORD300254,2025-02-16,CUST12706,Customer_12706,North,Pune,Clothing,T-Shirt,2,3313.83,0.15,Debit Card,Returning,No,6627.66,994.1489999999999,5633.511
ORD300255,2025-06-18,CUST12787,Customer_12787,East,Vijayawada,Furniture,Study Table,1,11141.77,0.1,Net Banking,New,No,11141.77,1114.1770000000001,10027.593
ORD300256,2024-03-15,CUST13223,Customer_13223,South,Chennai,Home & Kitchen,Cookware Set,5,6276.77,0.05,UPI,New,Yes,31383.850000000002,1569.1925,29814.6575
ORD300257,2025-11-22,CUST12210,Customer_12210,South,Delhi,Home & Kitchen,Storage Box,1,2159.28,0.1,Cash,Returning,No,2159.28,215.92800000000003,1943.352
ORD300258,2025-09-24,CUST13135,Customer_13135,North,Hyderabad,Furniture,Coffee Table,5,17052.79,0.1,Cash,Returning,No,85263.95000000001,8526.395000000002,76737.55500000001
ORD300259,2024-09-11,CUST12051,Customer_12051,West,Mumbai,Clothing,Formal Shirt,6,2733.37,0.15,UPI,Returning,No,16400.22,2460.033,13940.187000000002
ORD300260,2024-07-11,CUST13453,Customer_13453,East,Vijayawada,Furniture,Bookshelf,1,2163.24,0.0,Net Banking,Returning,No,2163.24,0.0,2163.24
ORD300261,2024-06-06,CUST12189,Customer_12189,West,Kolkata,Home & Kitchen,Water Bottle,3,9574.8,0.15,Credit Card,New,No,28724.399999999998,4308.66,24415.739999999998
ORD300262,2024-03-04,CUST12033,Customer_12033,North,Bengaluru,Clothing,Jacket,3,1396.31,0.05,Debit Card,Returning,No,4188.93,209.44650000000001,3979.4835000000003
ORD300263,2025-08-20,CUST13006,Customer_13006,South,Kolkata,Sports,Football,6,6651.14,0.15,Cash,New,No,39906.840000000004,5986.026000000001,33920.814000000006
ORD300264,2025-11-10,CUST13001,Customer_13001,South,Bengaluru,Clothing,Jacket,1,5099.89,0.1,Cash,New,No,5099.89,509.98900000000003,4589.901
ORD300265,2025-12-25,CUST12115,Customer_12115,East,Bengaluru,Electronics,USB Keyboard,2,19368.48,0.1,Net Banking,Returning,No,38736.96,3873.696,34863.263999999996
ORD300266,2025-07-23,CUST12105,Customer_12105,West,Chennai,Electronics,Power Bank,3,11146.06,0.15,UPI,Returning,No,33438.18,5015.727,28422.453
ORD300267,2025-06-08,CUST12008,Customer_12008,East,Delhi,Clothing,Formal Shirt,3,4503.34,0.0,Debit Card,Returning,No,13510.02,0.0,13510.02
ORD300268,2024-06-18,CUST12405,Customer_12405,West,Delhi,Sports,Running Shoes,6,6644.85,0.1,Credit Card,New,No,39869.100000000006,3986.9100000000008,35882.19
ORD300269,2025-10-27,CUST12802,Customer_12802,South,Vijayawada,Electronics,Smart Watch,1,15254.5,0.2,Net Banking,New,No,15254.5,3050.9,12203.6
ORD300270,2024-06-29,CUST13335,Customer_13335,South,Kolkata,Clothing,Jeans,4,4501.59,0.15,Credit Card,New,No,18006.36,2700.954,15305.406
ORD300271,2024-08-18,CUST12130,Customer_12130,East,Mumbai,Clothing,T-Shirt,1,3441.63,0.0,Net Banking,Returning,No,3441.63,0.0,3441.63
ORD300272,2025-09-20,CUST13215,Customer_13215,South,Bengaluru,Sports,Football,1,1465.88,0.15,Credit Card,Returning,No,1465.88,219.882,1245.998
ORD300273,2025-01-27,CUST12256,Customer_12256,West,Chennai,Sports,Running Shoes,3,1882.05,0.15,Cash,Returning,No,5646.15,846.9224999999999,4799.2275
ORD300274,2024-12-12,CUST12021,Customer_12021,East,Vijayawada,Electronics,Wireless Headphones,2,11839.81,0.15,UPI,New,No,23679.62,3551.9429999999998,20127.677
ORD300275,2025-10-29,CUST12172,Customer_12172,East,Bengaluru,Electronics,Smart Watch,3,4918.08,0.05,Credit Card,New,No,14754.24,737.712,14016.528
ORD300276,2025-03-30,CUST12911,Customer_12911,West,Hyderabad,Sports,Cricket Bat,2,2111.4,0.05,Debit Card,New,No,4222.8,211.14000000000001,4011.6600000000003
ORD300277,2024-11-27,CUST12833,Customer_12833,North,Bengaluru,Sports,Dumbbells,3,4367.77,0.15,Credit Card,New,No,13103.310000000001,1965.4965000000002,11137.8135
ORD300278,2025-12-26,CUST13285,Customer_13285,West,Chennai,Home & Kitchen,Water Bottle,2,2763.08,0.1,Credit Card,Returning,No,5526.16,552.616,4973.544
ORD300279,2025-06-04,CUST12576,Customer_12576,West,Kolkata,Furniture,Study Table,3,16126.62,0.25,Cash,Returning,No,48379.86,12094.965,36284.895000000004
ORD300280,2025-06-29,CUST12189,Customer_12189,North,Pune,Sports,Running Shoes,4,977.22,0.1,Credit Card,Returning,No,3908.88,390.88800000000003,3517.992
ORD300281,2024-08-29,CUST12969,Customer_12969,East,Kolkata,Furniture,Coffee Table,3,21585.09,0.0,Credit Card,Returning,No,64755.270000000004,0.0,64755.270000000004
ORD300282,2025-04-08,CUST13189,Customer_13189,East,Bengaluru,Clothing,Jacket,3,2861.25,0.2,Debit Card,Returning,No,8583.75,1716.75,6867.0
ORD300283,2024-06-26,CUST13335,Customer_13335,East,Delhi,Sports,Cricket Bat,2,1157.28,0.05,UPI,Returning,No,2314.56,115.72800000000001,2198.832
ORD300284,2024-08-02,CUST13263,Customer_13263,West,Chennai,Home & Kitchen,Storage Box,1,5613.04,0.15,Net Banking,New,No,5613.04,841.956,4771.084
ORD300285,2025-09-18,CUST12934,Customer_12934,East,Bengaluru,Furniture,Study Table,2,2497.53,0.05,Credit Card,Returning,No,4995.06,249.75300000000004,4745.307000000001
ORD300286,2025-05-23,CUST12626,Customer_12626,East,Mumbai,Electronics,Smart Watch,4,8597.69,0.2,Debit Card,Returning,No,34390.76,6878.152000000001,27512.608
ORD300287,2025-04-18,CUST12252,Customer_12252,South,Delhi,Home & Kitchen,Bedsheet,5,9073.65,0.05,Net Banking,New,No,45368.25,2268.4125,43099.8375
ORD300288,2024-06-08,CUST13004,Customer_13004,South,Mumbai,Clothing,T-Shirt,2,2357.17,0.1,UPI,Returning,Yes,4714.34,471.434,4242.906
ORD300289,2025-05-31,CUST13492,Customer_13492,South,Pune,Clothing,T-Shirt,4,728.19,0.0,Cash,Returning,No,2912.76,0.0,2912.76
ORD300290,2024-11-10,CUST12171,Customer_12171,West,Chennai,Clothing,Sneakers,2,4318.14,0.1,Debit Card,New,No,8636.28,863.6280000000002,7772.652
ORD300291,2025-02-25,CUST13163,Customer_13163,South,Kolkata,Furniture,Bookshelf,2,27084.72,0.0,Cash,New,Yes,54169.44,0.0,54169.44
ORD300292,2024-04-05,CUST13235,Customer_13235,South,Mumbai,Home & Kitchen,Bedsheet,3,4438.53,0.1,UPI,New,No,13315.59,1331.5590000000002,11984.030999999999
ORD300293,2024-03-14,CUST13032,Customer_13032,East,Hyderabad,Furniture,Coffee Table,1,7179.04,0.0,Debit Card,New,Yes,7179.04,0.0,7179.04
ORD300294,2024-08-21,CUST12900,Customer_12900,West,Mumbai,Sports,Running Shoes,3,3864.41,0.0,Net Banking,Returning,No,11593.23,0.0,11593.23
ORD300295,2024-09-27,CUST12112,Customer_12112,West,Mumbai,Sports,Cricket Bat,7,4130.11,0.2,Cash,New,No,28910.769999999997,5782.1539999999995,23128.615999999998
ORD300296,2025-01-13,CUST12822,Customer_12822,West,Hyderabad,Clothing,Jacket,5,1788.52,0.25,Credit Card,New,No,8942.6,2235.65,6706.950000000001
ORD300297,2025-03-08,CUST12966,Customer_12966,East,,Furniture,Coffee Table,6,3231.39,0.2,UPI,Returning,No,19388.34,3877.668,15510.672
ORD300298,2024-03-22,CUST13045,Customer_13045,North,Vijayawada,Furniture,Bookshelf,1,13928.92,0.05,Cash,Returning,No,13928.92,696.446,13232.474
ORD300299,2025-08-04,CUST12352,Customer_12352,East,Pune,Clothing,Jacket,2,662.15,0.1,Credit Card,New,No,1324.3,132.43,1191.87
ORD300300,2025-11-06,CUST13222,Customer_13222,West,Chennai,Home & Kitchen,Cookware Set,1,6555.86,0.15,UPI,Returning,No,6555.86,983.3789999999999,5572.481
ORD300301,2025-06-09,CUST12800,Customer_12800,North,Chennai,Furniture,Study Table,3,28252.08,0.05,Cash,Returning,No,84756.24,4237.812000000001,80518.428
ORD300302,2025-06-18,CUST12974,Customer_12974,West,Hyderabad,Electronics,Bluetooth Speaker,1,2308.01,0.25,UPI,Returning,No,2308.01,577.0025,1731.0075000000002
ORD300303,2025-06-06,CUST13203,Customer_13203,North,Bengaluru,Home & Kitchen,Mixer Grinder,1,11126.87,0.05,Debit Card,New,No,11126.87,556.3435000000001,10570.5265
ORD300304,2024-06-02,CUST12569,Customer_12569,South,Bengaluru,Electronics,Power Bank,1,3806.06,0.05,Net Banking,Returning,No,3806.06,190.303,3615.757
ORD300305,2025-08-12,CUST12004,Customer_12004,West,Vijayawada,Clothing,Jeans,1,3417.85,0.1,Debit Card,New,No,3417.85,341.785,3076.065
ORD300306,2024-08-30,CUST12392,Customer_12392,East,Bengaluru,Home & Kitchen,Bedsheet,5,4403.52,0.05,Net Banking,Returning,No,22017.600000000002,1100.88,20916.72
ORD300307,2024-07-01,CUST13481,Customer_13481,West,Vijayawada,Electronics,Smart Watch,6,17791.04,0.1,Net Banking,Returning,No,106746.24,10674.624000000002,96071.61600000001
ORD300308,2024-10-18,CUST12222,Customer_12222,West,Hyderabad,Electronics,Smart Watch,2,2053.53,0.05,Debit Card,New,No,4107.06,205.35300000000004,3901.7070000000003
ORD300309,2024-07-24,CUST12957,Customer_12957,East,Vijayawada,Sports,Running Shoes,4,5444.2,0.1,UPI,Returning,Yes,21776.8,2177.68,19599.12
ORD300310,2025-04-05,CUST12508,Customer_12508,North,Mumbai,Sports,Cricket Bat,1,8456.73,0.1,Debit Card,Returning,No,8456.73,845.673,7611.057
ORD300311,2025-03-04,CUST12936,Customer_12936,West,Vijayawada,Electronics,Power Bank,4,11181.42,0.0,Debit Card,New,No,44725.68,0.0,44725.68
ORD300312,2024-07-30,CUST12442,Customer_12442,South,Bengaluru,Home & Kitchen,Water Bottle,2,8745.25,0.05,UPI,Returning,No,17490.5,874.5250000000001,16615.975
ORD300313,2025-04-24,CUST13213,Customer_13213,South,Bengaluru,Clothing,Jacket,2,3916.9,0.25,Net Banking,Returning,Yes,7833.8,1958.45,5875.35
ORD300314,2024-05-07,CUST13346,Customer_13346,East,Chennai,Electronics,USB Keyboard,1,7376.2,0.2,UPI,Returning,No,7376.2,1475.24,5900.96
ORD300315,2024-07-22,CUST12863,Customer_12863,West,Mumbai,Sports,Running Shoes,1,7349.35,0.1,Cash,New,No,7349.35,734.9350000000001,6614.415
ORD300316,2025-02-05,CUST12760,Customer_12760,West,Delhi,Clothing,Jeans,2,2372.88,0.15,Credit Card,Returning,No,4745.76,711.864,4033.896
ORD300317,2024-07-07,CUST12021,Customer_12021,East,Pune,Clothing,Jeans,2,1554.93,0.05,Cash,Returning,Yes,3109.86,155.49300000000002,2954.367
ORD300318,2025-07-22,CUST12039,Customer_12039,East,Pune,Furniture,Bookshelf,2,13549.98,0.05,Credit Card,Returning,No,27099.96,1354.998,25744.962
ORD300319,2025-11-02,CUST12525,Customer_12525,East,Hyderabad,Home & Kitchen,Storage Box,4,1679.41,0.0,Net Banking,Returning,No,6717.64,0.0,6717.64
ORD300320,2025-11-28,CUST12877,Customer_12877,West,Chennai,Electronics,Wireless Headphones,2,8997.86,0.2,Net Banking,Returning,No,17995.72,3599.1440000000002,14396.576000000001
ORD300321,2024-03-28,CUST12911,Customer_12911,East,Chennai,Home & Kitchen,Storage Box,2,8038.92,0.15,UPI,Returning,No,16077.84,2411.676,13666.164
ORD300322,2025-01-12,CUST13405,Customer_13405,South,Vijayawada,Clothing,Formal Shirt,3,730.63,0.1,Debit Card,Returning,No,2191.89,219.189,1972.7009999999998
ORD300323,2024-10-15,CUST12655,Customer_12655,South,Vijayawada,Furniture,Study Table,3,19404.98,0.15,Credit Card,New,No,58214.94,8732.241,49482.699
ORD300324,2025-10-22,CUST13057,Customer_13057,North,,Electronics,Bluetooth Speaker,2,5008.0,0.15,UPI,New,No,10016.0,1502.3999999999999,8513.6
ORD300325,2025-09-02,CUST12269,Customer_12269,East,Pune,Sports,Yoga Mat,4,2497.54,0.1,Credit Card,New,No,9990.16,999.0160000000001,8991.144
ORD300326,2024-12-20,CUST13048,Customer_13048,East,Delhi,Home & Kitchen,Water Bottle,2,10698.75,0.05,UPI,New,No,21397.5,1069.875,20327.625
ORD300327,2025-05-24,CUST13126,Customer_13126,South,Mumbai,Electronics,Bluetooth Speaker,3,17217.26,0.05,UPI,Returning,No,51651.78,2582.589,49069.191
ORD300328,2024-12-30,CUST12384,Customer_12384,South,Hyderabad,Electronics,USB Keyboard,4,5639.42,0.05,Credit Card,Returning,No,22557.68,1127.884,21429.796000000002
ORD300329,2025-11-19,CUST12693,Customer_12693,West,Hyderabad,Furniture,Office Chair,4,3590.85,0.0,Debit Card,New,No,14363.4,0.0,14363.4
ORD300330,2024-08-14,CUST12668,Customer_12668,West,Bengaluru,Home & Kitchen,Mixer Grinder,3,3182.35,0.1,Net Banking,Returning,Yes,9547.05,954.7049999999999,8592.345
ORD300331,2025-05-05,CUST12293,Customer_12293,South,Pune,Electronics,Bluetooth Speaker,3,22123.95,0.0,Credit Card,New,No,66371.85,0.0,66371.85
ORD300332,2025-12-29,CUST12730,Customer_12730,East,Hyderabad,Sports,Football,2,5691.27,0.1,Credit Card,New,No,11382.54,1138.2540000000001,10244.286
ORD300333,2025-08-18,CUST12954,Customer_12954,North,Kolkata,Sports,Cricket Bat,4,4222.7,0.15,Credit Card,Returning,No,16890.8,2533.62,14357.18
ORD300334,2024-07-25,CUST13158,Customer_13158,East,Mumbai,Electronics,USB Keyboard,4,8622.88,0.1,Debit Card,Returning,No,34491.52,3449.152,31042.367999999995
ORD300335,2025-12-21,CUST13052,Customer_13052,South,Vijayawada,Furniture,Study Table,2,28195.51,0.05,Debit Card,Returning,No,56391.02,2819.551,53571.469
ORD300336,2025-10-26,CUST12283,Customer_12283,South,Vijayawada,Home & Kitchen,Water Bottle,2,10419.26,0.1,Net Banking,Returning,No,20838.52,2083.8520000000003,18754.668
ORD300337,2025-03-16,CUST12042,Customer_12042,East,Bengaluru,Sports,Football,1,3158.82,0.0,Net Banking,Returning,No,3158.82,0.0,3158.82
ORD300338,2024-09-02,CUST12916,Customer_12916,West,Vijayawada,Furniture,Office Chair,4,3195.01,0.05,UPI,New,No,12780.04,639.0020000000001,12141.038
ORD300339,2025-08-09,CUST12511,Customer_12511,South,Chennai,Electronics,Power Bank,1,7213.32,0.05,UPI,New,No,7213.32,360.666,6852.6539999999995
ORD300340,2025-12-28,CUST12067,Customer_12067,North,Pune,Furniture,Coffee Table,1,18089.49,0.15,Credit Card,Returning,No,18089.49,2713.4235000000003,15376.0665
ORD300341,2024-12-28,CUST12152,Customer_12152,North,Delhi,Sports,Cricket Bat,4,4872.19,0.1,Net Banking,Returning,No,19488.76,1948.876,17539.884
ORD300342,2024-04-13,CUST12545,Customer_12545,East,Delhi,Electronics,Smart Watch,1,16253.97,0.1,Debit Card,New,No,16253.97,1625.397,14628.573
ORD300343,2024-02-01,CUST12935,Customer_12935,South,Delhi,Furniture,Study Table,1,4522.21,0.0,UPI,Returning,No,4522.21,0.0,4522.21
ORD300344,2024-06-19,CUST13242,Customer_13242,East,Bengaluru,Electronics,Wireless Headphones,2,14868.48,0.05,Credit Card,Returning,No,29736.96,1486.848,28250.112
ORD300345,2024-12-20,CUST13310,Customer_13310,East,Chennai,Furniture,Office Chair,1,26378.77,0.25,Net Banking,Returning,No,26378.77,6594.6925,19784.0775
ORD300346,2024-07-11,CUST13497,Customer_13497,South,Delhi,Clothing,Sneakers,3,1498.85,0.15,Net Banking,Returning,No,4496.549999999999,674.4824999999998,3822.067499999999
ORD300347,2024-04-14,CUST12280,Customer_12280,East,Kolkata,Clothing,Sneakers,1,2760.45,0.0,UPI,Returning,No,2760.45,0.0,2760.45
ORD300348,2024-11-25,CUST12501,Customer_12501,South,Chennai,Electronics,Smart Watch,1,1434.59,0.15,Debit Card,Returning,No,1434.59,215.18849999999998,1219.4015
ORD300349,2024-09-22,CUST12234,Customer_12234,East,Mumbai,Clothing,Jeans,2,2535.85,0.15,UPI,Returning,No,5071.7,760.755,4310.945
ORD300350,2025-01-12,CUST13305,Customer_13305,East,Pune,Furniture,Study Table,2,10603.91,0.15,Debit Card,Returning,No,21207.82,3181.173,18026.647
ORD300351,2025-02-08,CUST12070,Customer_12070,North,Bengaluru,Home & Kitchen,Mixer Grinder,2,9649.8,0.05,UPI,Returning,No,19299.6,964.98,18334.62
ORD300352,2025-11-27,CUST12334,Customer_12334,East,Hyderabad,Clothing,Formal Shirt,2,5729.56,0.0,Debit Card,Returning,No,11459.12,0.0,11459.12
ORD300353,2025-09-27,CUST13347,Customer_13347,South,Pune,Home & Kitchen,Bedsheet,1,5086.16,0.15,Debit Card,Returning,Yes,5086.16,762.924,4323.236
ORD300354,2024-01-08,CUST13122,Customer_13122,East,Vijayawada,Furniture,Sofa,1,24853.16,0.1,Net Banking,Returning,No,24853.16,2485.3160000000003,22367.844
ORD300355,2025-01-30,CUST13062,Customer_13062,West,Kolkata,Home & Kitchen,Water Bottle,3,7790.94,0.05,Debit Card,Returning,No,23372.82,1168.641,22204.179
ORD300356,2024-12-17,CUST13248,Customer_13248,South,Kolkata,Clothing,Jacket,1,2111.89,0.0,UPI,New,No,2111.89,0.0,2111.89
ORD300357,2024-09-05,CUST12448,Customer_12448,East,Chennai,Home & Kitchen,Cookware Set,1,2312.45,0.0,Net Banking,New,Yes,2312.45,0.0,2312.45
ORD300358,2024-02-09,CUST12921,Customer_12921,South,Bengaluru,Furniture,Bookshelf,1,2075.9,0.0,Debit Card,New,No,2075.9,0.0,2075.9
ORD300359,2024-09-12,CUST12786,Customer_12786,West,Chennai,Furniture,Sofa,2,20618.51,0.15,Net Banking,New,No,41237.02,6185.552999999999,35051.467
ORD300360,2025-02-24,CUST12748,Customer_12748,West,Delhi,Clothing,Sneakers,4,3692.55,0.05,UPI,Returning,No,14770.2,738.5100000000001,14031.69
ORD300361,2024-04-30,CUST12646,Customer_12646,West,Chennai,Electronics,USB Keyboard,6,20621.97,0.05,Cash,Returning,No,123731.82,6186.591,117545.229
ORD300362,2025-05-19,CUST13180,Customer_13180,West,Bengaluru,Sports,Yoga Mat,3,4422.97,0.0,Credit Card,Returning,No,13268.91,0.0,13268.91
ORD300363,2025-07-04,CUST12388,Customer_12388,West,Delhi,Home & Kitchen,Water Bottle,2,3417.3,0.05,Credit Card,Returning,No,6834.6,341.73,6492.870000000001
ORD300364,2024-07-04,CUST12622,Customer_12622,West,Vijayawada,Sports,Football,1,1227.62,0.2,UPI,Returning,No,1227.62,245.524,982.0959999999999
ORD300365,2025-12-02,CUST13378,Customer_13378,North,Kolkata,Furniture,Bookshelf,5,28738.19,0.1,Debit Card,New,No,143690.94999999998,14369.095,129321.85499999998
ORD300366,2024-02-16,CUST12777,Customer_12777,West,Chennai,Electronics,USB Keyboard,4,9962.39,0.1,Cash,Returning,No,39849.56,3984.956,35864.604
ORD300367,2024-04-01,CUST13482,Customer_13482,North,Delhi,Clothing,Jacket,1,5015.23,0.1,UPI,Returning,No,5015.23,501.52299999999997,4513.706999999999
ORD300368,2024-11-05,CUST13049,Customer_13049,East,Vijayawada,Electronics,Wireless Headphones,6,20953.18,0.1,UPI,Returning,No,125719.08,12571.908000000001,113147.172
ORD300369,2024-07-18,CUST12761,Customer_12761,South,Hyderabad,Home & Kitchen,Cookware Set,7,3864.46,0.2,Cash,Returning,No,27051.22,5410.244000000001,21640.976000000002
ORD300370,2024-01-22,CUST12770,Customer_12770,East,Bengaluru,Home & Kitchen,Storage Box,2,3778.66,0.1,UPI,Returning,No,7557.32,755.732,6801.588
ORD300371,2024-08-18,CUST12285,Customer_12285,East,Hyderabad,Home & Kitchen,Storage Box,5,4259.48,0.05,Debit Card,Returning,No,21297.399999999998,1064.87,20232.53
ORD300372,2024-03-28,CUST13260,Customer_13260,West,Pune,Furniture,Sofa,5,13012.67,0.1,Credit Card,Returning,No,65063.35,6506.335,58557.015
ORD300373,2024-09-10,CUST12621,Customer_12621,South,Pune,Electronics,Bluetooth Speaker,6,3682.09,0.15,Debit Card,New,No,22092.54,3313.881,18778.659
ORD300374,2024-06-12,CUST12454,Customer_12454,North,Chennai,Clothing,Jacket,3,1338.08,0.1,Net Banking,Returning,No,4014.24,401.424,3612.816
ORD300375,2025-07-14,CUST12356,Customer_12356,South,Delhi,Sports,Football,2,6586.79,0.1,Credit Card,Returning,No,13173.58,1317.3580000000002,11856.222
ORD300376,2024-04-17,CUST12771,Customer_12771,West,Kolkata,Home & Kitchen,Mixer Grinder,1,7298.96,0.05,Cash,Returning,No,7298.96,364.94800000000004,6934.012
ORD300377,2024-03-30,CUST12542,Customer_12542,East,Hyderabad,Clothing,Sneakers,6,1665.63,0.1,Debit Card,Returning,No,9993.78,999.3780000000002,8994.402
ORD300378,2025-05-26,CUST12863,Customer_12863,West,Mumbai,Electronics,Power Bank,3,23577.19,0.2,UPI,New,No,70731.56999999999,14146.313999999998,56585.255999999994
ORD300379,2024-10-19,CUST13469,Customer_13469,North,Hyderabad,Home & Kitchen,Bedsheet,2,9010.51,0.1,Debit Card,New,No,18021.02,1802.102,16218.918
ORD300380,2025-11-03,CUST13464,Customer_13464,North,Chennai,Electronics,Smart Watch,4,14447.69,0.05,Credit Card,New,No,57790.76,2889.5380000000005,54901.222
ORD300381,2024-03-07,CUST12645,Customer_12645,South,Chennai,Furniture,Coffee Table,2,3239.48,0.15,Credit Card,Returning,No,6478.96,971.8439999999999,5507.116
ORD300382,2024-08-25,CUST13210,Customer_13210,North,Delhi,Electronics,Wireless Headphones,1,3575.38,0.2,Debit Card,New,Yes,3575.38,715.076,2860.304
ORD300383,2024-12-03,CUST12427,Customer_12427,West,Pune,Furniture,Bookshelf,3,26617.15,0.1,Cash,New,No,79851.45000000001,7985.145000000001,71866.30500000001
ORD300384,2024-06-24,CUST13102,Customer_13102,East,Chennai,Furniture,Office Chair,3,22363.15,0.2,UPI,Returning,No,67089.45000000001,13417.890000000003,53671.56000000001
ORD300385,2025-04-16,CUST13222,Customer_13222,West,Hyderabad,Home & Kitchen,Water Bottle,3,5261.09,0.1,Cash,Returning,No,15783.27,1578.3270000000002,14204.943
ORD300386,2025-08-06,CUST13332,Customer_13332,East,Delhi,Home & Kitchen,Cookware Set,7,11199.49,0.05,Cash,Returning,No,78396.43,3919.8215,74476.60849999999
ORD300387,2025-07-23,CUST12954,Customer_12954,South,Chennai,Home & Kitchen,Cookware Set,4,4953.82,0.05,Credit Card,New,No,19815.28,990.764,18824.516
ORD300388,2024-01-21,CUST12490,Customer_12490,West,Delhi,Electronics,Power Bank,6,15275.86,0.1,Credit Card,New,No,91655.16,9165.516000000001,82489.644
ORD300389,2024-01-12,CUST13173,Customer_13173,East,Mumbai,Home & Kitchen,Cookware Set,4,7918.35,0.0,Cash,Returning,No,31673.4,0.0,31673.4
ORD300390,2024-03-03,CUST12680,Customer_12680,West,Vijayawada,Electronics,USB Keyboard,1,4809.35,0.1,Credit Card,Returning,Yes,4809.35,480.93500000000006,4328.415
ORD300391,2025-08-23,CUST13459,Customer_13459,South,Mumbai,Electronics,USB Keyboard,3,10622.87,0.05,Debit Card,New,No,31868.61,1593.4305000000002,30275.179500000002
ORD300392,2025-07-29,CUST12055,Customer_12055,East,Pune,Electronics,Power Bank,2,8630.59,0.05,Credit Card,Returning,No,17261.18,863.0590000000001,16398.121
ORD300393,2024-09-10,CUST12139,Customer_12139,West,Kolkata,Sports,Running Shoes,4,5269.99,0.1,Net Banking,Returning,No,21079.96,2107.996,18971.964
ORD300394,2024-03-12,CUST12924,Customer_12924,East,Vijayawada,Furniture,Coffee Table,2,5023.59,0.15,UPI,Returning,No,10047.18,1507.077,8540.103000000001
ORD300395,2024-06-25,CUST12008,Customer_12008,South,Mumbai,Clothing,Sneakers,5,3860.25,0.25,Credit Card,New,No,19301.25,4825.3125,14475.9375
ORD300396,2024-11-01,CUST13381,Customer_13381,South,Chennai,Home & Kitchen,Storage Box,2,1721.75,0.15,Cash,Returning,Yes,3443.5,516.525,2926.975
ORD300397,2024-07-16,CUST13427,Customer_13427,East,Delhi,Clothing,Sneakers,3,3501.55,0.05,UPI,Returning,No,10504.650000000001,525.2325000000001,9979.417500000001
ORD300398,2024-04-29,CUST12757,Customer_12757,South,Chennai,Furniture,Coffee Table,2,28017.61,0.0,Debit Card,Returning,No,56035.22,0.0,56035.22
ORD300399,2025-02-01,CUST12175,Customer_12175,East,Mumbai,Electronics,Power Bank,2,20479.26,0.05,Credit Card,Returning,No,40958.52,2047.926,38910.594
ORD300400,2024-05-03,CUST12489,Customer_12489,North,Vijayawada,Home & Kitchen,Cookware Set,2,4724.79,0.0,Net Banking,New,No,9449.58,0.0,9449.58
ORD300401,2025-07-25,CUST12278,Customer_12278,East,Delhi,Electronics,USB Keyboard,2,3355.62,0.05,Net Banking,Returning,No,6711.24,335.562,6375.678
ORD300402,2024-04-02,CUST12737,Customer_12737,West,Hyderabad,Electronics,Smart Watch,2,2743.93,0.1,Net Banking,New,No,5487.86,548.786,4939.074
ORD300403,2024-05-31,CUST12568,Customer_12568,South,Chennai,Home & Kitchen,Cookware Set,3,10444.3,0.0,UPI,Returning,No,31332.899999999998,0.0,31332.899999999998
ORD300404,2025-03-06,CUST12985,Customer_12985,North,Chennai,Furniture,Study Table,5,14547.97,0.15,Debit Card,Returning,No,72739.84999999999,10910.977499999999,61828.87249999999
ORD300405,2024-05-16,CUST13374,Customer_13374,West,Vijayawada,Electronics,Smart Watch,2,13944.62,0.0,Net Banking,Returning,No,27889.24,0.0,27889.24
ORD300406,2024-03-23,CUST13279,Customer_13279,North,Pune,Sports,Cricket Bat,7,2600.08,0.0,Debit Card,New,No,18200.559999999998,0.0,18200.559999999998
ORD300407,2024-06-25,CUST12141,Customer_12141,East,Bengaluru,Sports,Cricket Bat,3,6142.2,0.25,Credit Card,New,No,18426.6,4606.65,13819.949999999999
ORD300408,2024-05-17,CUST12186,Customer_12186,North,Hyderabad,Sports,Yoga Mat,2,5790.75,0.0,UPI,Returning,No,11581.5,0.0,11581.5
ORD300409,2024-09-16,CUST13099,Customer_13099,East,Mumbai,Sports,Dumbbells,1,8301.51,0.0,UPI,New,No,8301.51,0.0,8301.51
ORD300410,2025-06-19,CUST12418,Customer_12418,East,Delhi,Clothing,Sneakers,1,2769.29,0.15,Credit Card,Returning,No,2769.29,415.39349999999996,2353.8965
ORD300411,2024-04-12,CUST13301,Customer_13301,West,Pune,Electronics,Power Bank,1,16209.32,0.15,Cash,Returning,No,16209.32,2431.3979999999997,13777.922
ORD300412,2025-12-08,CUST12482,Customer_12482,South,Pune,Sports,Cricket Bat,1,6979.78,0.15,Credit Card,Returning,No,6979.78,1046.9669999999999,5932.813
ORD300413,2025-05-01,CUST12890,Customer_12890,West,Kolkata,Clothing,Jeans,2,1718.22,0.05,UPI,Returning,No,3436.44,171.822,3264.618
ORD300414,2024-04-01,CUST12489,Customer_12489,South,Vijayawada,Clothing,T-Shirt,2,3110.12,0.15,Credit Card,Returning,No,6220.24,933.036,5287.204
ORD300415,2025-05-11,CUST12170,Customer_12170,North,Kolkata,Electronics,Power Bank,1,7453.53,0.05,Net Banking,Returning,Yes,7453.53,372.67650000000003,7080.853499999999
ORD300416,2024-05-20,CUST12680,Customer_12680,North,Chennai,Sports,Football,2,2281.65,0.05,Credit Card,Returning,No,4563.3,228.16500000000002,4335.135
ORD300417,2025-11-20,CUST13380,Customer_13380,South,Kolkata,Furniture,Coffee Table,1,27782.65,0.1,Cash,Returning,No,27782.65,2778.2650000000003,25004.385000000002
ORD300418,2025-05-29,CUST13232,Customer_13232,North,Bengaluru,Home & Kitchen,Cookware Set,4,10273.69,0.0,Credit Card,Returning,No,41094.76,0.0,41094.76
ORD300419,2025-06-16,CUST12236,Customer_12236,North,Delhi,Sports,Cricket Bat,1,4952.34,0.05,Debit Card,New,No,4952.34,247.61700000000002,4704.723
ORD300420,2025-07-12,CUST12405,Customer_12405,East,Delhi,Sports,Yoga Mat,2,1105.23,0.15,Cash,Returning,No,2210.46,331.569,1878.891
ORD300421,2025-07-16,CUST12684,Customer_12684,South,Vijayawada,Electronics,Bluetooth Speaker,2,18563.0,0.0,UPI,Returning,Yes,37126.0,0.0,37126.0
ORD300422,2025-02-05,CUST12457,Customer_12457,West,Hyderabad,Electronics,USB Keyboard,3,20165.5,0.0,Debit Card,New,No,60496.5,0.0,60496.5
ORD300423,2025-08-10,CUST12979,Customer_12979,East,Chennai,Furniture,Sofa,6,20612.37,0.2,Credit Card,New,No,123674.22,24734.844,98939.376
ORD300424,2025-02-24,CUST12934,Customer_12934,South,Bengaluru,Electronics,Wireless Headphones,2,2382.65,0.15,UPI,Returning,No,4765.3,714.795,4050.505
ORD300425,2024-12-24,CUST12208,Customer_12208,South,Chennai,Home & Kitchen,Cookware Set,2,8128.51,0.1,Credit Card,Returning,No,16257.02,1625.7020000000002,14631.318
ORD300426,2025-10-02,CUST13368,Customer_13368,East,Mumbai,Clothing,Formal Shirt,1,764.56,0.05,Credit Card,New,No,764.56,38.228,726.332
ORD300427,2024-06-11,CUST13183,Customer_13183,South,Kolkata,Sports,Dumbbells,5,457.21,0.05,Cash,New,No,2286.0499999999997,114.3025,2171.7475
ORD300428,2024-03-09,CUST12247,Customer_12247,East,Mumbai,Clothing,T-Shirt,5,4852.63,0.05,Cash,Returning,No,24263.15,1213.1575,23049.9925
ORD300429,2025-02-23,CUST13071,Customer_13071,West,Hyderabad,Furniture,Bookshelf,4,28209.17,0.05,Cash,New,No,112836.68,5641.834,107194.84599999999
ORD300430,2025-06-30,CUST12297,Customer_12297,West,Delhi,Sports,Yoga Mat,3,2079.21,0.15,Net Banking,New,No,6237.63,935.6445,5301.9855
ORD300431,2024-03-01,CUST12548,Customer_12548,East,Kolkata,Sports,Cricket Bat,2,7221.21,0.0,Debit Card,New,No,14442.42,0.0,14442.42
ORD300432,2024-12-25,CUST13124,Customer_13124,East,Kolkata,Electronics,USB Keyboard,2,6591.9,0.05,Credit Card,Returning,No,13183.8,659.19,12524.609999999999
ORD300433,2025-11-27,CUST12237,Customer_12237,North,Delhi,Furniture,Study Table,1,21328.15,0.05,UPI,New,No,21328.15,1066.4075,20261.7425
ORD300434,2024-05-26,CUST12774,Customer_12774,East,Kolkata,Furniture,Bookshelf,2,3399.11,0.0,Debit Card,Returning,No,6798.22,0.0,6798.22
ORD300435,2025-09-27,CUST13211,Customer_13211,West,Mumbai,Sports,Running Shoes,6,5317.67,0.2,UPI,New,No,31906.02,6381.204000000001,25524.816
ORD300436,2025-03-15,CUST12063,Customer_12063,South,Chennai,Sports,Cricket Bat,5,1237.82,0.05,Net Banking,New,No,6189.099999999999,309.455,5879.6449999999995
ORD300437,2025-06-30,CUST12237,Customer_12237,North,Hyderabad,Furniture,Sofa,2,21446.91,0.0,Net Banking,Returning,No,42893.82,0.0,42893.82
ORD300438,2025-05-13,CUST12883,Customer_12883,West,Pune,Electronics,Bluetooth Speaker,2,19418.38,0.15,Debit Card,Returning,No,38836.76,5825.514,33011.246
ORD300439,2024-08-19,CUST12455,Customer_12455,East,Chennai,Electronics,Smart Watch,3,11167.08,0.15,Debit Card,Returning,No,33501.24,5025.186,28476.053999999996
ORD300440,2024-09-25,CUST12128,Customer_12128,West,Pune,Clothing,Sneakers,1,4487.71,0.0,Net Banking,New,Yes,4487.71,0.0,4487.71
ORD300441,2025-09-28,CUST13089,Customer_13089,South,Vijayawada,Electronics,Power Bank,1,14323.55,0.05,Debit Card,New,No,14323.55,716.1775,13607.3725
ORD300442,2025-07-09,CUST12043,Customer_12043,South,Kolkata,Electronics,USB Keyboard,1,9105.59,0.1,UPI,New,No,9105.59,910.5590000000001,8195.031
ORD300443,2024-02-23,CUST12673,Customer_12673,South,Delhi,Furniture,Study Table,3,2247.0,0.1,Net Banking,Returning,No,6741.0,674.1,6066.9
ORD300444,2024-06-13,CUST12718,Customer_12718,West,Kolkata,Sports,Yoga Mat,1,3613.57,0.25,Credit Card,Returning,Yes,3613.57,903.3925,2710.1775000000002
ORD300445,2025-07-16,CUST13171,Customer_13171,South,Vijayawada,Clothing,Jeans,3,1681.99,0.05,Debit Card,Returning,No,5045.97,252.29850000000002,4793.6715
ORD300446,2024-12-28,CUST12616,Customer_12616,West,Vijayawada,Furniture,Sofa,1,27133.93,0.05,Credit Card,Returning,No,27133.93,1356.6965,25777.233500000002
ORD300447,2024-07-14,CUST12443,Customer_12443,South,Chennai,Clothing,Jeans,3,1194.33,0.15,Cash,New,No,3582.99,537.4485,3045.5415
ORD300448,2024-12-04,CUST12578,Customer_12578,South,Pune,Sports,Yoga Mat,5,2430.12,0.05,Debit Card,Returning,No,12150.599999999999,607.53,11543.069999999998
ORD300449,2025-07-30,CUST12055,Customer_12055,East,Vijayawada,Sports,Cricket Bat,4,7131.21,0.1,UPI,New,No,28524.84,2852.4840000000004,25672.356
ORD300450,2024-01-14,CUST12166,Customer_12166,West,Pune,Home & Kitchen,Water Bottle,6,5037.4,0.1,UPI,New,No,30224.399999999998,3022.44,27201.96
ORD300451,2025-07-11,CUST12469,Customer_12469,South,Hyderabad,Sports,Yoga Mat,1,4132.65,0.0,UPI,Returning,No,4132.65,0.0,4132.65
ORD300452,2024-03-22,CUST12576,Customer_12576,South,Mumbai,Electronics,Power Bank,2,14942.53,0.0,Net Banking,Returning,No,29885.06,0.0,29885.06
ORD300453,2025-08-14,CUST12033,Customer_12033,West,Mumbai,Home & Kitchen,Storage Box,2,7615.82,0.1,Net Banking,Returning,No,15231.64,1523.164,13708.475999999999
ORD300454,2025-09-04,CUST12410,Customer_12410,West,Pune,Clothing,Sneakers,2,5325.07,0.2,Net Banking,Returning,No,10650.14,2130.028,8520.112
ORD300455,2025-03-08,CUST13104,Customer_13104,West,Pune,Clothing,Sneakers,5,5003.76,0.1,Debit Card,New,No,25018.800000000003,2501.8800000000006,22516.920000000002
ORD300456,2024-10-30,CUST13298,Customer_13298,East,Chennai,Sports,Cricket Bat,6,6780.48,0.05,Net Banking,Returning,No,40682.88,2034.144,38648.736
ORD300457,2025-12-04,CUST12104,Customer_12104,West,Vijayawada,Clothing,Sneakers,5,3179.27,0.0,Debit Card,New,No,15896.35,0.0,15896.35
ORD300458,2025-09-08,CUST13276,Customer_13276,West,Kolkata,Electronics,Power Bank,2,16233.48,0.05,Cash,New,No,32466.96,1623.348,30843.612
ORD300459,2024-12-02,CUST12372,Customer_12372,South,Chennai,Electronics,USB Keyboard,1,1756.51,0.15,Cash,New,No,1756.51,263.4765,1493.0335
ORD300460,2024-11-15,CUST12740,Customer_12740,East,Delhi,Electronics,Wireless Headphones,2,8266.98,0.1,Debit Card,Returning,Yes,16533.96,1653.396,14880.563999999998
ORD300461,2025-11-18,CUST13290,Customer_13290,North,Delhi,Clothing,Formal Shirt,1,4215.41,0.05,Credit Card,New,No,4215.41,210.7705,4004.6394999999998
ORD300462,2024-11-29,CUST12557,Customer_12557,South,Pune,Electronics,Power Bank,2,19595.22,0.0,Cash,New,No,39190.44,0.0,39190.44
ORD300463,2024-10-17,CUST12772,Customer_12772,West,Kolkata,Furniture,Sofa,1,11737.59,0.1,UPI,Returning,Yes,11737.59,1173.759,10563.831
ORD300464,2025-07-15,CUST13046,Customer_13046,West,Mumbai,Furniture,Study Table,4,23598.09,0.1,Cash,Returning,Yes,94392.36,9439.236,84953.124
ORD300465,2025-02-05,CUST12240,Customer_12240,North,Mumbai,Electronics,Power Bank,4,13348.53,0.25,Debit Card,New,No,53394.12,13348.53,40045.590000000004
ORD300466,2025-08-25,CUST12582,Customer_12582,East,Delhi,Electronics,USB Keyboard,1,4528.77,0.15,Net Banking,New,No,4528.77,679.3155,3849.4545000000003
ORD300467,2025-02-10,CUST13236,Customer_13236,North,Chennai,Electronics,Wireless Headphones,2,17704.65,0.15,UPI,New,No,35409.3,5311.395,30097.905000000002
ORD300468,2025-01-27,CUST12096,Customer_12096,East,Bengaluru,Furniture,Study Table,3,10515.94,0.0,Net Banking,New,No,31547.82,0.0,31547.82
ORD300469,2024-11-30,CUST13492,Customer_13492,North,Pune,Home & Kitchen,Bedsheet,2,7005.51,0.0,Cash,Returning,No,14011.02,0.0,14011.02
ORD300470,2025-09-19,CUST13441,Customer_13441,East,Delhi,Furniture,Study Table,5,15047.91,0.2,Credit Card,New,Yes,75239.55,15047.910000000002,60191.64
ORD300471,2025-08-29,CUST12520,Customer_12520,West,Delhi,Furniture,Office Chair,1,9941.72,0.15,Cash,Returning,No,9941.72,1491.2579999999998,8450.462
ORD300472,2024-05-18,CUST12919,Customer_12919,East,Pune,Electronics,Bluetooth Speaker,5,2396.03,0.0,Cash,New,No,11980.150000000001,0.0,11980.150000000001
ORD300473,2025-10-03,CUST12821,Customer_12821,East,Kolkata,Electronics,USB Keyboard,2,7176.47,0.1,Credit Card,Returning,No,14352.94,1435.294,12917.646
ORD300474,2024-08-26,CUST13114,Customer_13114,North,Hyderabad,Home & Kitchen,Bedsheet,1,6604.72,0.15,UPI,New,No,6604.72,990.708,5614.012000000001
ORD300475,2024-12-04,CUST13456,Customer_13456,South,Bengaluru,Sports,Dumbbells,1,6844.41,0.2,Credit Card,Returning,No,6844.41,1368.882,5475.528
ORD300476,2025-11-22,CUST12409,Customer_12409,East,Delhi,Home & Kitchen,Bedsheet,2,5449.75,0.1,Net Banking,Returning,No,10899.5,1089.95,9809.55
ORD300477,2025-03-25,CUST12423,Customer_12423,East,Pune,Clothing,Jeans,1,3303.22,0.05,Cash,Returning,No,3303.22,165.161,3138.0589999999997
ORD300478,2024-11-17,CUST12944,Customer_12944,West,Kolkata,Sports,Running Shoes,3,6251.56,0.1,UPI,New,No,18754.68,1875.468,16879.212
ORD300479,2025-02-14,CUST12865,Customer_12865,South,Kolkata,Sports,Dumbbells,2,3752.59,0.1,Credit Card,Returning,No,7505.18,750.518,6754.662
ORD300480,2024-03-17,CUST12166,Customer_12166,North,Delhi,Furniture,Sofa,1,6421.22,0.05,Debit Card,Returning,No,6421.22,321.06100000000004,6100.159000000001
ORD300481,2024-12-31,CUST13445,Customer_13445,East,Delhi,Furniture,Sofa,4,3387.81,0.25,Debit Card,Returning,No,13551.24,3387.81,10163.43
ORD300482,2024-05-04,CUST12417,Customer_12417,East,Pune,Sports,Football,5,757.73,0.15,UPI,Returning,Yes,3788.65,568.2975,3220.3525
ORD300483,2025-11-09,CUST12545,Customer_12545,North,Pune,Clothing,Sneakers,2,1076.11,0.0,Debit Card,Returning,No,2152.22,0.0,2152.22
ORD300484,2024-05-01,CUST13046,Customer_13046,West,Bengaluru,Clothing,Jacket,2,1067.6,0.0,Credit Card,Returning,Yes,2135.2,0.0,2135.2
ORD300485,2025-04-15,CUST13364,Customer_13364,North,Hyderabad,Furniture,Coffee Table,4,16167.9,0.1,Debit Card,Returning,No,64671.6,6467.16,58204.44
ORD300486,2024-10-10,CUST12379,Customer_12379,East,Chennai,Clothing,Sneakers,2,4546.35,0.2,UPI,Returning,No,9092.7,1818.5400000000002,7274.160000000001
ORD300487,2025-05-11,CUST12528,Customer_12528,West,Mumbai,Home & Kitchen,Water Bottle,1,1661.54,0.15,Debit Card,New,No,1661.54,249.231,1412.309
ORD300488,2025-04-13,CUST12573,Customer_12573,South,Delhi,Sports,Yoga Mat,2,6573.74,0.05,Cash,Returning,No,13147.48,657.374,12490.106
ORD300489,2025-02-01,CUST13100,Customer_13100,South,Hyderabad,Electronics,Wireless Headphones,2,18502.71,0.15,Credit Card,Returning,No,37005.42,5550.812999999999,31454.607
ORD300490,2025-01-04,CUST12493,Customer_12493,North,Hyderabad,Clothing,Formal Shirt,5,3715.4,0.15,Net Banking,New,No,18577.0,2786.5499999999997,15790.45
ORD300491,2025-03-16,CUST13050,Customer_13050,East,Vijayawada,Sports,Cricket Bat,2,9144.83,0.1,Credit Card,Returning,Yes,18289.66,1828.9660000000001,16460.694
ORD300492,2025-05-07,CUST12494,Customer_12494,West,Delhi,Clothing,T-Shirt,1,2501.6,0.1,Credit Card,New,No,2501.6,250.16,2251.44
ORD300493,2024-06-12,CUST12182,Customer_12182,South,Bengaluru,Clothing,Sneakers,2,873.31,0.05,Debit Card,Returning,No,1746.62,87.331,1659.289
ORD300494,2025-05-09,CUST12054,Customer_12054,South,Bengaluru,Furniture,Sofa,1,19684.09,0.1,Debit Card,New,No,19684.09,1968.409,17715.681
ORD300495,2024-09-03,CUST12446,Customer_12446,East,Hyderabad,Home & Kitchen,Water Bottle,4,7707.93,0.05,Credit Card,Returning,Yes,30831.72,1541.5860000000002,29290.134000000002
ORD300496,2024-04-25,CUST12583,Customer_12583,North,Vijayawada,Clothing,Jacket,2,5437.79,0.15,Net Banking,Returning,No,10875.58,1631.337,9244.243
ORD300497,2025-05-23,CUST12772,Customer_12772,North,Hyderabad,Sports,Cricket Bat,2,2513.4,0.0,Credit Card,Returning,No,5026.8,0.0,5026.8
ORD300498,2024-06-24,CUST13105,Customer_13105,West,Chennai,Electronics,Wireless Headphones,1,11992.13,0.2,Cash,Returning,No,11992.13,2398.426,9593.704
ORD300499,2025-01-31,CUST13251,Customer_13251,North,Bengaluru,Clothing,Sneakers,1,5217.35,0.05,UPI,Returning,No,5217.35,260.8675,4956.4825
ORD300500,2025-01-21,CUST12199,Customer_12199,South,Bengaluru,Electronics,Power Bank,1,23517.36,0.1,Debit Card,New,No,23517.36,2351.7360000000003,21165.624
ORD300501,2025-06-23,CUST13136,Customer_13136,West,Pune,Clothing,Formal Shirt,2,1677.53,0.05,UPI,New,No,3355.06,167.75300000000001,3187.307
ORD300502,2024-09-12,CUST12340,Customer_12340,South,Kolkata,Electronics,USB Keyboard,2,10679.57,0.1,Debit Card,New,No,21359.14,2135.914,19223.226
ORD300503,2024-01-06,CUST12772,Customer_12772,East,Pune,Clothing,Sneakers,2,930.69,0.05,UPI,Returning,No,1861.38,93.06900000000002,1768.3110000000001
ORD300504,2024-02-17,CUST12005,Customer_12005,North,Chennai,Sports,Football,2,6266.07,0.1,Cash,Returning,No,12532.14,1253.214,11278.926
ORD300505,2024-04-29,CUST12274,Customer_12274,East,,Home & Kitchen,Bedsheet,3,7082.23,0.1,Net Banking,Returning,No,21246.69,2124.669,19122.021
ORD300506,2024-02-27,CUST13241,Customer_13241,East,Delhi,Clothing,Formal Shirt,6,3134.3,0.15,UPI,New,No,18805.800000000003,2820.8700000000003,15984.930000000002
ORD300507,2024-03-16,CUST13459,Customer_13459,North,Delhi,Furniture,Coffee Table,3,16223.64,0.1,UPI,Returning,Yes,48670.92,4867.092,43803.828
ORD300508,2024-06-25,CUST12801,Customer_12801,South,Vijayawada,Home & Kitchen,Bedsheet,1,8770.92,0.15,Net Banking,New,No,8770.92,1315.638,7455.282
ORD300509,2024-04-16,CUST13196,Customer_13196,North,Bengaluru,Furniture,Coffee Table,2,22580.95,0.15,Net Banking,New,No,45161.9,6774.285,38387.615000000005
ORD300510,2024-10-24,CUST12610,Customer_12610,East,Hyderabad,Sports,Cricket Bat,4,7495.91,0.15,UPI,New,Yes,29983.64,4497.545999999999,25486.094
ORD300511,2024-05-20,CUST12867,Customer_12867,West,Chennai,Sports,Dumbbells,2,7541.55,0.05,Credit Card,New,No,15083.1,754.1550000000001,14328.945
ORD300512,2024-05-20,CUST12706,Customer_12706,North,Vijayawada,Home & Kitchen,Cookware Set,2,5276.35,0.0,Cash,New,No,10552.7,0.0,10552.7
ORD300513,2024-12-11,CUST13143,Customer_13143,South,Chennai,Clothing,Jeans,2,5076.62,0.1,Credit Card,New,No,10153.24,1015.3240000000001,9137.916
ORD300514,2024-11-12,CUST12457,Customer_12457,South,Delhi,Sports,Cricket Bat,1,1283.67,0.15,Cash,Returning,No,1283.67,192.5505,1091.1195
ORD300515,2025-02-05,CUST12949,Customer_12949,East,Vijayawada,Electronics,Power Bank,3,10169.99,0.0,Cash,Returning,No,30509.97,0.0,30509.97
ORD300516,2025-11-15,CUST12173,Customer_12173,East,Hyderabad,Electronics,Bluetooth Speaker,3,19983.4,0.05,Credit Card,New,No,59950.200000000004,2997.51,56952.69
ORD300517,2024-01-17,CUST13273,Customer_13273,South,Delhi,Furniture,Office Chair,2,2030.23,0.1,UPI,New,No,4060.46,406.04600000000005,3654.4139999999998
ORD300518,2025-06-08,CUST13461,Customer_13461,North,Delhi,Home & Kitchen,Water Bottle,5,10844.09,0.1,UPI,New,No,54220.45,5422.045,48798.405
ORD300519,2025-12-16,CUST12635,Customer_12635,North,Kolkata,Furniture,Study Table,3,16318.33,0.0,Debit Card,Returning,No,48954.99,0.0,48954.99
ORD300520,2025-10-24,CUST13208,Customer_13208,East,Chennai,Clothing,Sneakers,1,4858.85,0.15,Net Banking,Returning,No,4858.85,728.8275,4130.0225
ORD300521,2025-12-28,CUST13253,Customer_13253,East,Vijayawada,Sports,Dumbbells,2,7156.36,0.0,UPI,Returning,No,14312.72,0.0,14312.72
ORD300522,2024-05-02,CUST12898,Customer_12898,South,Hyderabad,Home & Kitchen,Bedsheet,3,707.27,0.0,Net Banking,Returning,No,2121.81,0.0,2121.81
ORD300523,2025-09-05,CUST12935,Customer_12935,West,Delhi,Furniture,Bookshelf,6,17518.13,0.15,Cash,New,No,105108.78,15766.317,89342.463
ORD300524,2024-03-05,CUST12430,Customer_12430,South,Kolkata,Sports,Running Shoes,6,851.22,0.05,Net Banking,New,No,5107.32,255.36599999999999,4851.954
ORD300525,2024-10-22,CUST12393,Customer_12393,West,Vijayawada,Electronics,USB Keyboard,3,12853.86,0.2,Cash,Returning,No,38561.58,7712.316000000001,30849.264000000003
ORD300526,2025-08-27,CUST12401,Customer_12401,East,Kolkata,Sports,Cricket Bat,5,1245.93,0.1,Net Banking,New,No,6229.650000000001,622.9650000000001,5606.685
ORD300527,2024-11-24,CUST12838,Customer_12838,North,Vijayawada,Clothing,Jacket,2,3788.45,0.05,Credit Card,Returning,No,7576.9,378.845,7198.054999999999
ORD300528,2024-11-26,CUST13265,Customer_13265,East,Kolkata,Electronics,USB Keyboard,4,10978.44,0.15,Credit Card,New,No,43913.76,6587.064,37326.696
ORD300529,2024-01-15,CUST12900,Customer_12900,West,Kolkata,Electronics,Wireless Headphones,1,23121.14,0.05,Net Banking,New,No,23121.14,1156.057,21965.083
ORD300530,2025-01-21,CUST13475,Customer_13475,South,Pune,Furniture,Sofa,1,21378.86,0.25,Credit Card,New,No,21378.86,5344.715,16034.145
ORD300531,2024-02-14,CUST13181,Customer_13181,South,Vijayawada,Home & Kitchen,Mixer Grinder,2,7490.07,0.1,UPI,Returning,No,14980.14,1498.0140000000001,13482.126
ORD300532,2025-03-10,CUST12305,Customer_12305,South,Bengaluru,Sports,Cricket Bat,1,3638.97,0.0,Net Banking,Returning,No,3638.97,0.0,3638.97
ORD300533,2025-01-12,CUST12520,Customer_12520,East,Bengaluru,Furniture,Study Table,6,25334.33,0.1,Debit Card,Returning,No,152005.98,15200.598000000002,136805.382
ORD300534,2025-06-12,CUST12273,Customer_12273,West,Chennai,Home & Kitchen,Bedsheet,2,9874.68,0.0,Debit Card,New,No,19749.36,0.0,19749.36
ORD300535,2024-01-08,CUST12223,Customer_12223,North,Delhi,Electronics,Bluetooth Speaker,4,18392.93,0.05,Cash,Returning,No,73571.72,3678.5860000000002,69893.134
ORD300536,2025-10-13,CUST12691,Customer_12691,West,Hyderabad,Furniture,Sofa,1,27165.41,0.2,Credit Card,New,No,27165.41,5433.082,21732.328
ORD300537,2024-06-24,CUST12117,Customer_12117,North,Bengaluru,Clothing,Jacket,5,4862.09,0.1,Net Banking,Returning,No,24310.45,2431.045,21879.405
ORD300538,2025-05-08,CUST13183,Customer_13183,North,Vijayawada,Home & Kitchen,Mixer Grinder,3,1726.02,0.0,UPI,Returning,Yes,5178.0599999999995,0.0,5178.0599999999995
ORD300539,2024-04-16,CUST12749,Customer_12749,East,Mumbai,Electronics,Wireless Headphones,5,15147.67,0.1,Debit Card,Returning,No,75738.35,7573.835000000001,68164.515
ORD300540,2025-04-21,CUST12595,Customer_12595,West,Hyderabad,Home & Kitchen,Mixer Grinder,1,7429.15,0.25,Cash,New,No,7429.15,1857.2875,5571.862499999999
ORD300541,2025-07-16,CUST12466,Customer_12466,West,Bengaluru,Clothing,Jeans,1,682.71,0.0,Net Banking,Returning,No,682.71,0.0,682.71
ORD300542,2025-07-08,CUST12710,Customer_12710,West,Mumbai,Home & Kitchen,Mixer Grinder,7,1078.35,0.1,Cash,Returning,No,7548.449999999999,754.8449999999999,6793.604999999999
ORD300543,2025-05-04,CUST12079,Customer_12079,South,Bengaluru,Furniture,Study Table,5,22816.9,0.1,Debit Card,Returning,No,114084.5,11408.45,102676.05
ORD300544,2024-03-29,CUST12123,Customer_12123,West,Pune,Clothing,Jeans,2,5464.19,0.1,Debit Card,Returning,No,10928.38,1092.838,9835.542
ORD300545,2024-12-01,CUST12977,Customer_12977,West,Vijayawada,Clothing,Sneakers,1,1315.1,0.0,Net Banking,Returning,No,1315.1,0.0,1315.1
ORD300546,2025-02-11,CUST12908,Customer_12908,South,Mumbai,Home & Kitchen,Water Bottle,3,882.79,0.25,UPI,Returning,No,2648.37,662.0925,1986.2775
ORD300547,2024-06-20,CUST13200,Customer_13200,West,Pune,Furniture,Sofa,3,27549.3,0.15,Debit Card,New,Yes,82647.9,12397.185,70250.715
ORD300548,2024-02-29,CUST12065,Customer_12065,West,Kolkata,Sports,Football,2,8465.59,0.2,Cash,Returning,No,16931.18,3386.2360000000003,13544.944
ORD300549,2024-02-02,CUST12350,Customer_12350,South,Mumbai,Sports,Dumbbells,3,2310.33,0.1,Credit Card,Returning,No,6930.99,693.099,6237.891
ORD300550,2025-07-29,CUST12450,Customer_12450,East,Delhi,Electronics,Wireless Headphones,5,15973.24,0.2,Debit Card,New,No,79866.2,15973.24,63892.96
ORD300551,2025-04-30,CUST12669,Customer_12669,North,Vijayawada,Home & Kitchen,Mixer Grinder,1,7003.59,0.1,Cash,Returning,No,7003.59,700.359,6303.231
ORD300552,2025-10-21,CUST13488,Customer_13488,North,Delhi,Clothing,Sneakers,2,887.56,0.0,UPI,Returning,No,1775.12,0.0,1775.12
ORD300553,2025-03-02,CUST13325,Customer_13325,South,Mumbai,Furniture,Study Table,2,10046.87,0.1,Credit Card,Returning,No,20093.74,2009.3740000000003,18084.366
ORD300554,2024-02-10,CUST12285,Customer_12285,South,Bengaluru,Home & Kitchen,Cookware Set,1,2483.97,0.1,Debit Card,Returning,No,2483.97,248.397,2235.573
ORD300555,2025-08-15,CUST12337,Customer_12337,West,Mumbai,Sports,Running Shoes,3,1071.62,0.1,Net Banking,Returning,No,3214.8599999999997,321.486,2893.374
ORD300556,2025-12-11,CUST12980,Customer_12980,East,Hyderabad,Electronics,USB Keyboard,1,8932.22,0.0,Credit Card,Returning,No,8932.22,0.0,8932.22
ORD300557,2025-01-16,CUST12817,Customer_12817,South,Mumbai,Electronics,Smart Watch,2,3624.65,0.05,Debit Card,Returning,No,7249.3,362.46500000000003,6886.835
ORD300558,2024-01-31,CUST13398,Customer_13398,North,Delhi,Furniture,Coffee Table,1,14035.32,0.05,Net Banking,New,No,14035.32,701.7660000000001,13333.554
ORD300559,2025-10-23,CUST12188,Customer_12188,East,Hyderabad,Sports,Dumbbells,1,2580.89,0.0,Credit Card,New,No,2580.89,0.0,2580.89
ORD300560,2024-05-17,CUST12161,Customer_12161,East,Chennai,Clothing,Sneakers,1,2048.73,0.0,Debit Card,Returning,No,2048.73,0.0,2048.73
ORD300561,2024-03-04,CUST13365,Customer_13365,West,Pune,Home & Kitchen,Cookware Set,2,3943.25,0.2,Net Banking,New,No,7886.5,1577.3000000000002,6309.2
ORD300562,2024-02-22,CUST12806,Customer_12806,South,Pune,Sports,Running Shoes,5,1512.95,0.25,Net Banking,New,No,7564.75,1891.1875,5673.5625
ORD300563,2025-03-23,CUST12399,Customer_12399,West,Mumbai,Sports,Yoga Mat,3,2529.73,0.2,Debit Card,New,No,7589.1900000000005,1517.8380000000002,6071.352000000001
ORD300564,2025-08-09,CUST13260,Customer_13260,North,Vijayawada,Furniture,Coffee Table,6,7857.5,0.1,Debit Card,Returning,No,47145.0,4714.5,42430.5
ORD300565,2024-05-05,CUST12845,Customer_12845,North,Chennai,Clothing,Sneakers,4,1309.35,0.05,UPI,New,No,5237.4,261.87,4975.53
ORD300566,2024-10-21,CUST13320,Customer_13320,East,Pune,Sports,Football,4,6856.27,0.0,UPI,Returning,Yes,27425.08,0.0,27425.08
ORD300567,2024-03-17,CUST12078,Customer_12078,West,Mumbai,Clothing,Jacket,2,3277.01,0.1,Credit Card,New,Yes,6554.02,655.402,5898.618
ORD300568,2025-06-09,CUST12279,Customer_12279,East,Vijayawada,Clothing,T-Shirt,1,1153.5,0.2,Debit Card,New,No,1153.5,230.70000000000002,922.8
ORD300569,2025-01-18,CUST12889,Customer_12889,South,Vijayawada,Furniture,Study Table,1,7500.77,0.15,Net Banking,New,No,7500.77,1125.1155,6375.654500000001
ORD300570,2024-06-16,CUST13371,Customer_13371,West,Delhi,Clothing,Formal Shirt,2,5150.66,0.0,Cash,New,No,10301.32,0.0,10301.32
ORD300571,2024-01-17,CUST12200,Customer_12200,East,Hyderabad,Clothing,Sneakers,1,726.21,0.05,Debit Card,Returning,Yes,726.21,36.310500000000005,689.8995
ORD300572,2024-01-01,CUST13394,Customer_13394,South,Vijayawada,Sports,Running Shoes,3,7785.16,0.0,UPI,Returning,No,23355.48,0.0,23355.48
ORD300573,2024-05-05,CUST13182,Customer_13182,West,Pune,Home & Kitchen,Bedsheet,6,9112.1,0.1,Cash,Returning,No,54672.600000000006,5467.260000000001,49205.340000000004
ORD300574,2025-01-02,CUST12563,Customer_12563,North,Kolkata,Clothing,Sneakers,1,525.24,0.0,Net Banking,Returning,No,525.24,0.0,525.24
ORD300575,2024-09-01,CUST12102,Customer_12102,West,Delhi,Home & Kitchen,Cookware Set,2,2376.98,0.1,UPI,New,No,4753.96,475.396,4278.564
ORD300576,2024-01-15,CUST12613,Customer_12613,North,Hyderabad,Furniture,Bookshelf,3,18207.94,0.25,Credit Card,New,No,54623.81999999999,13655.954999999998,40967.86499999999
ORD300577,2025-07-20,CUST13059,Customer_13059,North,Kolkata,Furniture,Office Chair,4,22029.05,0.05,Credit Card,Returning,No,88116.2,4405.81,83710.39
ORD300578,2025-04-14,CUST13095,Customer_13095,West,Hyderabad,Clothing,Sneakers,4,3755.24,0.1,UPI,Returning,No,15020.96,1502.096,13518.864
ORD300579,2024-01-15,CUST13412,Customer_13412,South,Bengaluru,Clothing,Sneakers,5,3607.91,0.2,UPI,New,No,18039.55,3607.91,14431.64
ORD300580,2025-06-17,CUST13231,Customer_13231,East,Bengaluru,Electronics,Wireless Headphones,4,18823.92,0.2,UPI,Returning,No,75295.68,15059.135999999999,60236.543999999994
ORD300581,2025-05-30,CUST12817,Customer_12817,West,Bengaluru,Clothing,Sneakers,1,1191.89,0.25,UPI,New,No,1191.89,297.9725,893.9175
ORD300582,2024-05-29,CUST12766,Customer_12766,East,Hyderabad,Furniture,Coffee Table,5,19279.84,0.0,Credit Card,Returning,No,96399.2,0.0,96399.2
ORD300583,2024-09-08,CUST12677,Customer_12677,North,Hyderabad,Sports,Football,7,3348.23,0.1,Credit Card,Returning,No,23437.61,2343.761,21093.849000000002
ORD300584,2025-06-02,CUST12421,Customer_12421,East,Mumbai,Clothing,Formal Shirt,1,5213.59,0.0,Net Banking,New,No,5213.59,0.0,5213.59
ORD300585,2024-05-22,CUST13240,Customer_13240,West,Hyderabad,Clothing,Sneakers,3,2739.15,0.2,Debit Card,Returning,No,8217.45,1643.4900000000002,6573.960000000001
ORD300586,2025-08-03,CUST12558,Customer_12558,North,Hyderabad,Sports,Cricket Bat,3,5924.47,0.2,Cash,Returning,No,17773.41,3554.6820000000002,14218.728
ORD300587,2025-03-29,CUST12976,Customer_12976,West,Mumbai,Sports,Football,1,5577.23,0.15,UPI,Returning,No,5577.23,836.5844999999999,4740.6455
ORD300588,2025-09-09,CUST12171,Customer_12171,South,Pune,Clothing,Formal Shirt,1,1305.07,0.2,Net Banking,Returning,No,1305.07,261.014,1044.056
ORD300589,2024-07-10,CUST12778,Customer_12778,North,Mumbai,Sports,Football,5,935.42,0.15,Credit Card,Returning,No,4677.099999999999,701.5649999999999,3975.5349999999994
ORD300590,2025-05-08,CUST12395,Customer_12395,East,Vijayawada,Furniture,Office Chair,4,12375.46,0.1,Credit Card,Returning,No,49501.84,4950.184,44551.655999999995
ORD300591,2024-06-29,CUST12431,Customer_12431,South,Bengaluru,Sports,Football,2,2364.86,0.2,Cash,Returning,No,4729.72,945.9440000000001,3783.7760000000003
ORD300592,2024-12-03,CUST12861,Customer_12861,South,Mumbai,Sports,Yoga Mat,1,662.33,0.15,Debit Card,Returning,No,662.33,99.3495,562.9805
ORD300593,2025-10-27,CUST12675,Customer_12675,South,Chennai,Furniture,Coffee Table,2,19134.55,0.15,Credit Card,New,No,38269.1,5740.365,32528.735
ORD300594,2024-01-22,CUST12632,Customer_12632,East,Pune,Clothing,Sneakers,1,5257.63,0.05,Cash,Returning,No,5257.63,262.8815,4994.7485
ORD300595,2025-08-04,CUST12077,Customer_12077,North,Hyderabad,Electronics,USB Keyboard,3,5731.77,0.05,Debit Card,Returning,No,17195.31,859.7655000000001,16335.544500000002
ORD300596,2024-06-09,CUST13212,Customer_13212,South,Hyderabad,Sports,Cricket Bat,4,6764.18,0.05,UPI,New,No,27056.72,1352.8360000000002,25703.884000000002
ORD300597,2024-02-01,CUST12312,Customer_12312,North,Kolkata,Home & Kitchen,Cookware Set,3,3605.87,0.1,Net Banking,Returning,Yes,10817.61,1081.7610000000002,9735.849
ORD300598,2024-10-24,CUST13179,Customer_13179,East,Chennai,Sports,Football,2,4986.1,0.05,UPI,Returning,No,9972.2,498.61000000000007,9473.59
ORD300599,2025-11-19,CUST13110,Customer_13110,South,Chennai,Sports,Dumbbells,2,9107.93,0.15,UPI,New,No,18215.86,2732.379,15483.481
ORD300600,2025-07-30,CUST12881,Customer_12881,North,Delhi,Home & Kitchen,Cookware Set,2,2053.2,0.2,Cash,Returning,No,4106.4,821.28,3285.12
ORD300601,2024-05-27,CUST13412,Customer_13412,South,Vijayawada,Furniture,Coffee Table,3,7871.78,0.0,Credit Card,New,No,23615.34,0.0,23615.34
ORD300602,2024-12-26,CUST12070,Customer_12070,North,Hyderabad,Sports,Running Shoes,7,8696.9,0.05,UPI,Returning,No,60878.299999999996,3043.915,57834.384999999995
ORD300603,2025-10-17,CUST12837,Customer_12837,North,Mumbai,Sports,Cricket Bat,3,3379.38,0.05,Credit Card,New,Yes,10138.14,506.907,9631.233
ORD300604,2025-03-31,CUST12885,Customer_12885,North,Hyderabad,Clothing,T-Shirt,5,2170.07,0.0,UPI,New,No,10850.35,0.0,10850.35
ORD300605,2025-05-27,CUST13322,Customer_13322,South,Vijayawada,Home & Kitchen,Mixer Grinder,2,7482.03,0.05,Debit Card,Returning,No,14964.06,748.203,14215.857
ORD300606,2025-01-31,CUST12436,Customer_12436,South,Vijayawada,Home & Kitchen,Mixer Grinder,4,2689.52,0.05,UPI,Returning,No,10758.08,537.904,10220.176
ORD300607,2024-07-28,CUST12177,Customer_12177,West,Chennai,Sports,Dumbbells,1,9172.91,0.1,Net Banking,Returning,No,9172.91,917.291,8255.619
ORD300608,2025-09-28,CUST13309,Customer_13309,North,Mumbai,Furniture,Office Chair,1,21911.5,0.0,Debit Card,Returning,No,21911.5,0.0,21911.5
ORD300609,2024-05-25,CUST12017,Customer_12017,East,Chennai,Sports,Running Shoes,5,1710.23,0.0,Credit Card,Returning,No,8551.15,0.0,8551.15
ORD300610,2024-06-16,CUST12233,Customer_12233,West,Mumbai,Clothing,Jeans,1,840.62,0.2,Cash,New,No,840.62,168.12400000000002,672.496
ORD300611,2025-03-10,CUST12817,Customer_12817,South,Pune,Sports,Running Shoes,2,5658.71,0.2,UPI,Returning,No,11317.42,2263.484,9053.936
ORD300612,2025-03-13,CUST12912,Customer_12912,West,Bengaluru,Electronics,Smart Watch,4,20280.15,0.15,Cash,New,No,81120.6,12168.09,68952.51000000001
ORD300613,2025-08-09,CUST13440,Customer_13440,North,Vijayawada,Electronics,Power Bank,1,22145.29,0.2,Cash,Returning,No,22145.29,4429.058,17716.232
ORD300614,2024-07-26,CUST12735,Customer_12735,South,Vijayawada,Sports,Cricket Bat,1,6243.88,0.0,Net Banking,Returning,Yes,6243.88,0.0,6243.88
ORD300615,2024-03-07,CUST12221,Customer_12221,South,Delhi,Home & Kitchen,Cookware Set,2,6468.87,0.05,Credit Card,New,No,12937.74,646.8870000000001,12290.853
ORD300616,2024-12-03,CUST12390,Customer_12390,South,Vijayawada,Electronics,Smart Watch,1,13532.2,0.05,Net Banking,New,No,13532.2,676.6100000000001,12855.59
ORD300617,2024-12-03,CUST13343,Customer_13343,South,Delhi,Electronics,Bluetooth Speaker,1,13802.04,0.1,Credit Card,New,No,13802.04,1380.2040000000002,12421.836000000001
ORD300618,2025-09-17,CUST13425,Customer_13425,East,Pune,Furniture,Bookshelf,1,24651.55,0.05,Credit Card,Returning,No,24651.55,1232.5775,23418.9725
ORD300619,2025-01-17,CUST12777,Customer_12777,West,Delhi,Sports,Dumbbells,2,3899.4,0.1,Net Banking,Returning,No,7798.8,779.8800000000001,7018.92
ORD300620,2025-03-20,CUST12625,Customer_12625,South,Delhi,Electronics,Wireless Headphones,2,16573.33,0.0,Net Banking,New,No,33146.66,0.0,33146.66
ORD300621,2024-06-23,CUST13149,Customer_13149,South,Vijayawada,Clothing,T-Shirt,5,4041.28,0.0,Cash,Returning,No,20206.4,0.0,20206.4
ORD300622,2024-06-06,CUST12654,Customer_12654,North,Chennai,Sports,Yoga Mat,5,3575.05,0.15,Credit Card,Returning,No,17875.25,2681.2875,15193.9625
ORD300623,2025-08-22,CUST13283,Customer_13283,North,Chennai,Sports,Football,3,8790.16,0.05,UPI,Returning,No,26370.48,1318.5240000000001,25051.956
ORD300624,2024-10-04,CUST12399,Customer_12399,West,Delhi,Electronics,Smart Watch,3,11564.89,0.15,Net Banking,Returning,No,34694.67,5204.2005,29490.4695
ORD300625,2025-07-23,CUST12352,Customer_12352,South,Hyderabad,Furniture,Study Table,4,8360.18,0.05,UPI,Returning,No,33440.72,1672.036,31768.684
ORD300626,2024-08-04,CUST13398,Customer_13398,East,Delhi,Clothing,Sneakers,2,1485.23,0.05,Cash,New,No,2970.46,148.523,2821.937
ORD300627,2024-07-07,CUST13176,Customer_13176,East,Chennai,Sports,Dumbbells,4,702.21,0.0,Debit Card,Returning,No,2808.84,0.0,2808.84
ORD300628,2024-01-09,CUST12377,Customer_12377,North,Bengaluru,Home & Kitchen,Bedsheet,2,503.69,0.0,Cash,Returning,No,1007.38,0.0,1007.38
ORD300629,2024-01-31,CUST12101,Customer_12101,West,Delhi,Electronics,Wireless Headphones,2,6361.48,0.05,Debit Card,New,No,12722.96,636.148,12086.812
ORD300630,2025-04-19,CUST12273,Customer_12273,South,Vijayawada,Furniture,Coffee Table,3,28250.11,0.1,Debit Card,Returning,No,84750.33,8475.033000000001,76275.297
ORD300631,2024-11-14,CUST13025,Customer_13025,West,Kolkata,Clothing,Formal Shirt,2,4625.92,0.05,UPI,Returning,No,9251.84,462.59200000000004,8789.248
ORD300632,2025-05-29,CUST12387,Customer_12387,North,Pune,Electronics,USB Keyboard,3,2970.78,0.05,Net Banking,Returning,No,8912.34,445.617,8466.723
ORD300633,2024-02-21,CUST12758,Customer_12758,North,Bengaluru,Furniture,Bookshelf,2,15083.26,0.15,Credit Card,Returning,No,30166.52,4524.978,25641.542
ORD300634,2024-12-15,CUST12447,Customer_12447,West,Kolkata,Furniture,Coffee Table,6,17416.87,0.05,Debit Card,Returning,Yes,104501.22,5225.061000000001,99276.159
ORD300635,2024-06-15,CUST13175,Customer_13175,South,Hyderabad,Home & Kitchen,Storage Box,6,9566.39,0.05,Net Banking,Returning,No,57398.34,2869.917,54528.422999999995
ORD300636,2024-02-10,CUST12304,Customer_12304,North,Bengaluru,Electronics,Smart Watch,4,4159.23,0.05,Net Banking,Returning,No,16636.92,831.846,15805.073999999999
ORD300637,2024-01-26,CUST12291,Customer_12291,West,Chennai,Clothing,Formal Shirt,2,1937.78,0.0,Debit Card,New,No,3875.56,0.0,3875.56
ORD300638,2025-03-05,CUST12504,Customer_12504,North,Mumbai,Clothing,Jeans,1,2197.68,0.0,Credit Card,New,No,2197.68,0.0,2197.68
ORD300639,2024-08-21,CUST13474,Customer_13474,East,Pune,Electronics,USB Keyboard,3,20141.01,0.1,UPI,New,No,60423.03,6042.303,54380.727
ORD300640,2025-07-11,CUST12920,Customer_12920,West,Bengaluru,Electronics,Smart Watch,1,12535.09,0.2,UPI,Returning,No,12535.09,2507.018,10028.072
ORD300641,2024-02-12,CUST12814,Customer_12814,South,Mumbai,Home & Kitchen,Mixer Grinder,2,2878.02,0.05,Net Banking,New,Yes,5756.04,287.802,5468.238
ORD300642,2024-08-03,CUST12937,Customer_12937,North,Vijayawada,Furniture,Sofa,6,2315.78,0.15,Cash,New,No,13894.68,2084.2019999999998,11810.478000000001
ORD300643,2024-03-03,CUST13181,Customer_13181,West,Bengaluru,Electronics,Smart Watch,2,4318.05,0.1,Debit Card,New,No,8636.1,863.6100000000001,7772.49
ORD300644,2024-01-13,CUST13121,Customer_13121,North,Chennai,Clothing,Sneakers,1,2429.26,0.05,Credit Card,New,No,2429.26,121.46300000000002,2307.797
ORD300645,2025-04-05,CUST13363,Customer_13363,East,Vijayawada,Home & Kitchen,Storage Box,4,990.57,0.1,Net Banking,Returning,No,3962.28,396.22800000000007,3566.052
ORD300646,2024-11-20,CUST13303,Customer_13303,East,Hyderabad,Home & Kitchen,Water Bottle,6,4196.74,0.0,Net Banking,Returning,No,25180.44,0.0,25180.44
ORD300647,2025-08-27,CUST12449,Customer_12449,West,Vijayawada,Electronics,Smart Watch,2,6510.6,0.1,Credit Card,New,No,13021.2,1302.1200000000001,11719.08
ORD300648,2024-08-10,CUST13340,Customer_13340,North,Hyderabad,Sports,Dumbbells,3,8031.31,0.05,UPI,Returning,No,24093.93,1204.6965,22889.233500000002
ORD300649,2024-12-19,CUST12629,Customer_12629,West,Bengaluru,Clothing,T-Shirt,2,1979.86,0.0,UPI,Returning,No,3959.72,0.0,3959.72
ORD300650,2024-06-03,CUST12346,Customer_12346,North,Mumbai,Electronics,USB Keyboard,5,19419.5,0.05,Credit Card,Returning,Yes,97097.5,4854.875,92242.625
ORD300651,2025-02-15,CUST12462,Customer_12462,East,Kolkata,Furniture,Coffee Table,2,14395.99,0.15,Net Banking,New,Yes,28791.98,4318.797,24473.183
ORD300652,2025-08-24,CUST12515,Customer_12515,South,Hyderabad,Furniture,Office Chair,2,16237.4,0.1,Net Banking,New,No,32474.8,3247.48,29227.32
ORD300653,2024-03-19,CUST12781,Customer_12781,East,Chennai,Electronics,Bluetooth Speaker,1,13800.72,0.0,Cash,Returning,No,13800.72,0.0,13800.72
ORD300654,2024-05-13,CUST12194,Customer_12194,South,Chennai,Clothing,Sneakers,5,3338.3,0.1,Debit Card,Returning,No,16691.5,1669.15,15022.35
ORD300655,2024-04-23,CUST12480,Customer_12480,North,Delhi,Sports,Football,2,6247.36,0.2,Cash,New,No,12494.72,2498.944,9995.776
ORD300656,2025-05-19,CUST12879,Customer_12879,North,Bengaluru,Sports,Cricket Bat,1,5662.26,0.1,Debit Card,Returning,No,5662.26,566.226,5096.034000000001
ORD300657,2025-02-16,CUST13151,Customer_13151,East,Delhi,Electronics,Bluetooth Speaker,2,11789.44,0.15,Cash,Returning,No,23578.88,3536.832,20042.048000000003
ORD300658,2025-08-06,CUST12260,Customer_12260,North,Kolkata,Electronics,Wireless Headphones,3,15520.36,0.05,Debit Card,Returning,No,46561.08,2328.054,44233.026
ORD300659,2025-11-23,CUST12437,Customer_12437,East,Chennai,Sports,Yoga Mat,1,7027.3,0.15,Cash,New,No,7027.3,1054.095,5973.205
ORD300660,2025-03-12,CUST13102,Customer_13102,West,Kolkata,Furniture,Sofa,4,25797.28,0.1,Net Banking,Returning,No,103189.12,10318.912,92870.208
ORD300661,2025-07-05,CUST13272,Customer_13272,North,Hyderabad,Clothing,Sneakers,3,5173.92,0.1,Cash,Returning,No,15521.76,1552.1760000000002,13969.584
ORD300662,2024-11-11,CUST13244,Customer_13244,East,Delhi,Clothing,Jacket,2,2877.06,0.05,Credit Card,Returning,No,5754.12,287.706,5466.414
ORD300663,2024-06-04,CUST12703,Customer_12703,West,Pune,Sports,Dumbbells,4,8446.85,0.0,Cash,New,No,33787.4,0.0,33787.4
ORD300664,2024-05-25,CUST12752,Customer_12752,East,Hyderabad,Clothing,T-Shirt,2,1075.57,0.0,Cash,Returning,No,2151.14,0.0,2151.14
ORD300665,2025-05-26,CUST12363,Customer_12363,South,Vijayawada,Furniture,Office Chair,2,8680.99,0.1,Cash,Returning,No,17361.98,1736.198,15625.782
ORD300666,2024-03-05,CUST12286,Customer_12286,North,Bengaluru,Electronics,Wireless Headphones,1,6276.7,0.05,UPI,New,No,6276.7,313.83500000000004,5962.865
ORD300667,2025-08-05,CUST12242,Customer_12242,East,Mumbai,Home & Kitchen,Cookware Set,6,804.83,0.15,Credit Card,Returning,No,4828.9800000000005,724.3470000000001,4104.633000000001
ORD300668,2024-11-28,CUST12601,Customer_12601,North,Hyderabad,Electronics,Bluetooth Speaker,4,11325.66,0.2,Cash,Returning,No,45302.64,9060.528,36242.112
ORD300669,2024-01-16,CUST12654,Customer_12654,East,Pune,Furniture,Study Table,3,28851.76,0.15,Net Banking,New,No,86555.28,12983.292,73571.988
ORD300670,2025-05-14,CUST12252,Customer_12252,South,Delhi,Electronics,Power Bank,3,8868.14,0.1,Credit Card,Returning,No,26604.42,2660.442,23943.978
ORD300671,2025-01-07,CUST13092,Customer_13092,South,Pune,Clothing,T-Shirt,1,4803.08,0.1,Debit Card,Returning,No,4803.08,480.308,4322.772
ORD300672,2024-05-09,CUST12742,Customer_12742,South,Delhi,Home & Kitchen,Cookware Set,4,6089.93,0.0,UPI,New,No,24359.72,0.0,24359.72
ORD300673,2025-07-18,CUST12512,Customer_12512,West,Bengaluru,Home & Kitchen,Mixer Grinder,2,4060.15,0.15,Credit Card,New,No,8120.3,1218.045,6902.255
ORD300674,2024-05-02,CUST13136,Customer_13136,West,Chennai,Clothing,Jacket,2,2442.21,0.05,Credit Card,Returning,Yes,4884.42,244.221,4640.1990000000005
ORD300675,2025-10-27,CUST12710,Customer_12710,North,Bengaluru,Electronics,Bluetooth Speaker,2,4916.55,0.0,Net Banking,Returning,No,9833.1,0.0,9833.1
ORD300676,2025-10-12,CUST12598,Customer_12598,East,Chennai,Sports,Dumbbells,4,8348.42,0.05,Cash,New,No,33393.68,1669.6840000000002,31723.996
ORD300677,2024-08-22,CUST13486,Customer_13486,East,Bengaluru,Home & Kitchen,Bedsheet,5,8298.93,0.1,Credit Card,Returning,No,41494.65,4149.465,37345.185
ORD300678,2024-08-27,CUST12668,Customer_12668,South,Pune,Furniture,Study Table,2,20427.64,0.05,Debit Card,New,No,40855.28,2042.7640000000001,38812.515999999996
ORD300679,2025-04-04,CUST12012,Customer_12012,South,Vijayawada,Sports,Running Shoes,1,2848.39,0.0,UPI,New,No,2848.39,0.0,2848.39
ORD300680,2025-04-02,CUST13133,Customer_13133,South,Kolkata,Sports,Dumbbells,2,1958.9,0.2,Net Banking,New,No,3917.8,783.5600000000001,3134.2400000000002
ORD300681,2024-10-12,CUST12696,Customer_12696,South,Kolkata,Electronics,Wireless Headphones,3,11619.44,0.1,Credit Card,Returning,No,34858.32,3485.8320000000003,31372.487999999998
ORD300682,2024-08-18,CUST13174,Customer_13174,East,Vijayawada,Home & Kitchen,Bedsheet,1,3287.93,0.0,Debit Card,New,No,3287.93,0.0,3287.93
ORD300683,2025-06-20,CUST12244,Customer_12244,South,Delhi,Electronics,Bluetooth Speaker,2,10304.21,0.0,Debit Card,Returning,Yes,20608.42,0.0,20608.42
ORD300684,2024-08-01,CUST12605,Customer_12605,South,Kolkata,Home & Kitchen,Mixer Grinder,2,6639.39,0.05,Credit Card,New,No,13278.78,663.9390000000001,12614.841
ORD300685,2025-09-18,CUST12612,Customer_12612,West,Mumbai,Electronics,Bluetooth Speaker,1,8571.9,0.1,Cash,Returning,No,8571.9,857.19,7714.709999999999
ORD300686,2025-05-31,CUST12441,Customer_12441,North,Pune,Furniture,Bookshelf,4,7872.62,0.0,Credit Card,New,No,31490.48,0.0,31490.48
ORD300687,2025-03-11,CUST12276,Customer_12276,North,Mumbai,Clothing,Jacket,3,5604.5,0.05,Debit Card,New,No,16813.5,840.6750000000001,15972.825
ORD300688,2024-02-07,CUST13193,Customer_13193,South,Hyderabad,Furniture,Office Chair,2,12370.14,0.05,Cash,New,No,24740.28,1237.0140000000001,23503.266
ORD300689,2025-09-22,CUST13110,Customer_13110,North,Hyderabad,Furniture,Coffee Table,5,2571.86,0.1,UPI,New,No,12859.300000000001,1285.9300000000003,11573.37
ORD300690,2025-05-27,CUST12824,Customer_12824,West,Delhi,Furniture,Office Chair,7,9195.09,0.1,Cash,New,Yes,64365.630000000005,6436.563000000001,57929.067
ORD300691,2024-08-27,CUST13030,Customer_13030,East,Kolkata,Sports,Dumbbells,2,2311.74,0.15,Debit Card,Returning,No,4623.48,693.5219999999999,3929.9579999999996
ORD300692,2024-03-11,CUST13079,Customer_13079,East,Hyderabad,Home & Kitchen,Water Bottle,1,11073.26,0.15,Net Banking,New,No,11073.26,1660.989,9412.271
ORD300693,2024-03-02,CUST12654,Customer_12654,West,Pune,Electronics,Smart Watch,2,7107.91,0.0,Cash,New,No,14215.82,0.0,14215.82
ORD300694,2025-03-10,CUST13459,Customer_13459,West,Pune,Clothing,Sneakers,3,4621.02,0.05,Cash,Returning,No,13863.060000000001,693.1530000000001,13169.907000000001
ORD300695,2024-12-11,CUST12578,Customer_12578,South,Mumbai,Sports,Yoga Mat,3,4649.4,0.15,Net Banking,Returning,No,13948.199999999999,2092.2299999999996,11855.97
ORD300696,2025-07-23,CUST12975,Customer_12975,North,Kolkata,Sports,Yoga Mat,3,5729.55,0.2,UPI,New,No,17188.65,3437.7300000000005,13750.920000000002
ORD300697,2024-03-28,CUST12166,Customer_12166,North,Chennai,Clothing,Formal Shirt,7,2988.04,0.0,Net Banking,Returning,No,20916.28,0.0,20916.28
ORD300698,2024-05-18,CUST13382,Customer_13382,West,Pune,Home & Kitchen,Water Bottle,4,2965.2,0.1,Credit Card,New,No,11860.8,1186.08,10674.72
ORD300699,2025-10-21,CUST12737,Customer_12737,East,Bengaluru,Home & Kitchen,Mixer Grinder,2,1514.26,0.05,Net Banking,Returning,Yes,3028.52,151.42600000000002,2877.094
ORD300700,2025-03-31,CUST13404,Customer_13404,West,Mumbai,Electronics,Bluetooth Speaker,7,9284.42,0.1,Credit Card,Returning,No,64990.94,6499.094000000001,58491.846000000005
ORD300701,2024-04-25,CUST12059,Customer_12059,East,Delhi,Electronics,Wireless Headphones,5,4049.07,0.0,Credit Card,New,No,20245.350000000002,0.0,20245.350000000002
ORD300702,2024-01-21,CUST12273,Customer_12273,South,Chennai,Home & Kitchen,Mixer Grinder,4,7406.26,0.15,Cash,Returning,No,29625.04,4443.756,25181.284
ORD300703,2025-02-01,CUST12514,Customer_12514,South,Pune,Sports,Dumbbells,1,3575.16,0.0,Debit Card,New,No,3575.16,0.0,3575.16
ORD300704,2024-11-23,CUST13435,Customer_13435,North,Mumbai,Sports,Football,2,8733.3,0.1,Cash,Returning,No,17466.6,1746.6599999999999,15719.939999999999
ORD300705,2024-10-07,CUST12666,Customer_12666,West,Pune,Electronics,Wireless Headphones,3,8379.02,0.15,Cash,Returning,No,25137.06,3770.559,21366.501
ORD300706,2024-05-29,CUST12199,Customer_12199,South,Bengaluru,Clothing,Jacket,6,2070.12,0.05,Net Banking,Returning,No,12420.72,621.0360000000001,11799.684
ORD300707,2025-04-12,CUST13281,Customer_13281,North,Mumbai,Electronics,USB Keyboard,2,4249.1,0.05,Credit Card,Returning,No,8498.2,424.9100000000001,8073.290000000001
ORD300708,2025-08-28,CUST12891,Customer_12891,South,Mumbai,Furniture,Bookshelf,3,11877.68,0.1,Cash,Returning,No,35633.04,3563.304,32069.736
ORD300709,2024-01-14,CUST13116,Customer_13116,South,Pune,Clothing,T-Shirt,3,1429.34,0.2,Credit Card,Returning,No,4288.0199999999995,857.6039999999999,3430.4159999999997
ORD300710,2024-08-02,CUST12326,Customer_12326,East,Kolkata,Furniture,Sofa,3,11294.37,0.0,Net Banking,Returning,No,33883.11,0.0,33883.11
ORD300711,2024-03-09,CUST13331,Customer_13331,South,Mumbai,Electronics,Bluetooth Speaker,5,10556.45,0.1,Debit Card,Returning,No,52782.25,5278.225,47504.025
ORD300712,2024-07-30,CUST12940,Customer_12940,North,Chennai,Furniture,Office Chair,2,11754.71,0.0,UPI,New,No,23509.42,0.0,23509.42
ORD300713,2024-06-09,CUST12744,Customer_12744,North,Mumbai,Furniture,Bookshelf,7,16335.12,0.1,UPI,New,No,114345.84000000001,11434.584000000003,102911.25600000001
ORD300714,2025-11-16,CUST12140,Customer_12140,East,Kolkata,Home & Kitchen,Cookware Set,5,10383.4,0.2,Net Banking,Returning,No,51917.0,10383.400000000001,41533.6
ORD300715,2025-04-17,CUST12559,Customer_12559,East,Pune,Electronics,Smart Watch,2,6733.05,0.1,Credit Card,Returning,No,13466.1,1346.6100000000001,12119.49
ORD300716,2025-07-24,CUST13414,Customer_13414,South,Hyderabad,Sports,Football,7,7051.57,0.0,Debit Card,New,No,49360.99,0.0,49360.99
ORD300717,2025-03-29,CUST12446,Customer_12446,South,Mumbai,Clothing,Jacket,4,473.49,0.05,Cash,New,Yes,1893.96,94.69800000000001,1799.262
ORD300718,2024-08-04,CUST12742,Customer_12742,North,Kolkata,Electronics,USB Keyboard,2,19306.03,0.15,Cash,Returning,No,38612.06,5791.808999999999,32820.251
ORD300719,2025-04-28,CUST13247,Customer_13247,East,Chennai,Electronics,USB Keyboard,1,14052.16,0.1,Net Banking,Returning,No,14052.16,1405.2160000000001,12646.944
ORD300720,2025-11-24,CUST12319,Customer_12319,North,Chennai,Furniture,Coffee Table,1,23647.24,0.0,Credit Card,Returning,No,23647.24,0.0,23647.24
ORD300721,2024-05-11,CUST12730,Customer_12730,South,Pune,Sports,Yoga Mat,2,1536.97,0.05,UPI,Returning,No,3073.94,153.697,2920.243
ORD300722,2024-12-14,CUST12380,Customer_12380,West,Bengaluru,Home & Kitchen,Mixer Grinder,4,1828.55,0.1,UPI,Returning,No,7314.2,731.4200000000001,6582.78
ORD300723,2024-12-11,CUST13392,Customer_13392,East,Mumbai,Clothing,T-Shirt,3,3804.97,0.1,UPI,New,No,11414.91,1141.491,10273.419
ORD300724,2025-10-22,CUST12112,Customer_12112,South,Hyderabad,Sports,Running Shoes,1,1612.22,0.1,UPI,New,No,1612.22,161.222,1450.998
ORD300725,2025-02-06,CUST13260,Customer_13260,North,Bengaluru,Home & Kitchen,Storage Box,6,4154.43,0.1,Net Banking,Returning,No,24926.58,2492.6580000000004,22433.922000000002
ORD300726,2024-08-24,CUST13495,Customer_13495,East,Pune,Clothing,Jacket,2,5130.5,0.05,Net Banking,New,No,10261.0,513.0500000000001,9747.95
ORD300727,2025-01-17,CUST13280,Customer_13280,North,Hyderabad,Furniture,Office Chair,2,18192.57,0.1,Net Banking,Returning,No,36385.14,3638.514,32746.626
ORD300728,2025-03-22,CUST12066,Customer_12066,North,Vijayawada,Electronics,USB Keyboard,1,23662.46,0.25,UPI,New,No,23662.46,5915.615,17746.845
ORD300729,2024-05-13,CUST12080,Customer_12080,South,Chennai,Clothing,Sneakers,2,668.04,0.0,UPI,Returning,No,1336.08,0.0,1336.08
ORD300730,2024-07-25,CUST12461,Customer_12461,South,Mumbai,Clothing,Jeans,4,5565.68,0.05,Cash,Returning,No,22262.72,1113.1360000000002,21149.584000000003
ORD300731,2024-03-26,CUST12635,Customer_12635,South,Pune,Clothing,Sneakers,3,4578.17,0.05,Credit Card,Returning,No,13734.51,686.7255,13047.7845
ORD300732,2024-09-16,CUST13223,Customer_13223,North,Vijayawada,Electronics,USB Keyboard,1,18755.02,0.0,Net Banking,New,Yes,18755.02,0.0,18755.02
ORD300733,2024-09-28,CUST13312,Customer_13312,West,Kolkata,Furniture,Sofa,4,16730.81,0.0,Credit Card,New,No,66923.24,0.0,66923.24
ORD300734,2024-01-03,CUST13295,Customer_13295,North,Pune,Sports,Cricket Bat,2,4020.07,0.1,Cash,New,No,8040.14,804.0140000000001,7236.126
ORD300735,2024-03-04,CUST12488,Customer_12488,North,Kolkata,Clothing,Jeans,3,1302.12,0.1,Debit Card,Returning,No,3906.3599999999997,390.63599999999997,3515.7239999999997
ORD300736,2024-03-23,CUST12553,Customer_12553,South,Bengaluru,Furniture,Sofa,3,14026.7,0.1,Cash,Returning,Yes,42080.100000000006,4208.010000000001,37872.090000000004
ORD300737,2024-03-09,CUST12011,Customer_12011,North,Bengaluru,Clothing,T-Shirt,1,1118.71,0.1,Debit Card,Returning,No,1118.71,111.87100000000001,1006.839
ORD300738,2024-01-08,CUST13186,Customer_13186,West,Kolkata,Sports,Football,3,4914.61,0.1,Debit Card,Returning,No,14743.829999999998,1474.3829999999998,13269.446999999998
ORD300739,2024-02-06,CUST12246,Customer_12246,West,Hyderabad,Electronics,USB Keyboard,3,5242.35,0.1,Net Banking,New,No,15727.050000000001,1572.7050000000002,14154.345000000001
ORD300740,2025-12-11,CUST13088,Customer_13088,South,Chennai,Furniture,Study Table,2,26861.53,0.05,UPI,Returning,No,53723.06,2686.1530000000002,51036.907
ORD300741,2024-11-22,CUST13355,Customer_13355,East,Chennai,Home & Kitchen,Water Bottle,1,7576.9,0.05,Net Banking,New,Yes,7576.9,378.845,7198.054999999999
ORD300742,2024-03-23,CUST12050,Customer_12050,South,Pune,Furniture,Office Chair,1,9807.45,0.15,UPI,New,No,9807.45,1471.1175,8336.3325
ORD300743,2024-12-28,CUST12037,Customer_12037,South,Mumbai,Home & Kitchen,Mixer Grinder,2,8840.93,0.25,Credit Card,New,No,17681.86,4420.465,13261.395
ORD300744,2025-09-11,CUST12169,Customer_12169,South,Mumbai,Sports,Cricket Bat,3,8025.23,0.05,Net Banking,Returning,No,24075.69,1203.7845,22871.905499999997
ORD300745,2024-02-22,CUST12874,Customer_12874,North,Chennai,Home & Kitchen,Water Bottle,4,1878.13,0.05,Net Banking,New,No,7512.52,375.62600000000003,7136.894
ORD300746,2024-03-23,CUST12747,Customer_12747,West,Mumbai,Furniture,Sofa,2,2008.06,0.2,Credit Card,New,No,4016.12,803.224,3212.8959999999997
ORD300747,2024-02-22,CUST12679,Customer_12679,South,Vijayawada,Home & Kitchen,Water Bottle,3,1364.71,0.05,Net Banking,New,No,4094.13,204.7065,3889.4235
ORD300748,2024-08-25,CUST12436,Customer_12436,North,Bengaluru,Furniture,Office Chair,1,12432.08,0.0,Debit Card,New,No,12432.08,0.0,12432.08
ORD300749,2025-12-21,CUST13162,Customer_13162,East,Vijayawada,Sports,Yoga Mat,1,6084.3,0.0,Credit Card,New,No,6084.3,0.0,6084.3
ORD300750,2025-12-25,CUST13196,Customer_13196,North,Pune,Home & Kitchen,Bedsheet,1,8130.87,0.15,Debit Card,New,No,8130.87,1219.6305,6911.2395
ORD300751,2025-09-27,CUST13220,Customer_13220,East,Chennai,Sports,Football,1,4599.25,0.15,Net Banking,New,No,4599.25,689.8874999999999,3909.3625
ORD300752,2025-09-23,CUST12145,Customer_12145,East,Delhi,Clothing,Sneakers,1,3290.98,0.1,UPI,New,No,3290.98,329.098,2961.882
ORD300753,2025-10-19,CUST13122,Customer_13122,West,Vijayawada,Electronics,Bluetooth Speaker,2,1766.98,0.05,Debit Card,New,No,3533.96,176.698,3357.262
ORD300754,2025-09-12,CUST12485,Customer_12485,East,Delhi,Clothing,Sneakers,3,2541.36,0.1,Net Banking,New,No,7624.08,762.408,6861.672
ORD300755,2025-06-30,CUST13102,Customer_13102,South,Bengaluru,Electronics,Wireless Headphones,2,13831.14,0.0,Debit Card,New,No,27662.28,0.0,27662.28
ORD300756,2025-12-13,CUST12297,Customer_12297,South,Hyderabad,Electronics,Wireless Headphones,5,14252.76,0.0,Net Banking,New,No,71263.8,0.0,71263.8
ORD300757,2025-01-18,CUST12947,Customer_12947,East,Delhi,Electronics,Smart Watch,2,21042.41,0.05,Debit Card,New,No,42084.82,2104.241,39980.579
ORD300758,2024-12-29,CUST12175,Customer_12175,South,Pune,Furniture,Study Table,5,13072.45,0.1,UPI,Returning,No,65362.25,6536.225,58826.025
ORD300759,2024-03-26,CUST13473,Customer_13473,South,Delhi,Electronics,Wireless Headphones,5,4283.4,0.1,Debit Card,Returning,No,21417.0,2141.7000000000003,19275.3
ORD300760,2024-10-08,CUST12693,Customer_12693,South,Hyderabad,Sports,Running Shoes,2,6165.47,0.15,Cash,Returning,No,12330.94,1849.641,10481.299
ORD300761,2025-12-31,CUST12960,Customer_12960,East,Mumbai,Furniture,Coffee Table,3,12153.86,0.0,Cash,New,No,36461.58,0.0,36461.58
ORD300762,2024-12-02,CUST12595,Customer_12595,East,Bengaluru,Clothing,Sneakers,6,3254.97,0.15,Credit Card,Returning,Yes,19529.82,2929.473,16600.347
ORD300763,2024-07-25,CUST13476,Customer_13476,West,Mumbai,Furniture,Office Chair,1,21799.98,0.1,UPI,New,No,21799.98,2179.998,19619.982
ORD300764,2025-10-21,CUST12371,Customer_12371,East,Mumbai,Electronics,Power Bank,2,20096.44,0.05,Credit Card,Returning,No,40192.88,2009.644,38183.236
ORD300765,2025-03-14,CUST12052,Customer_12052,South,Bengaluru,Home & Kitchen,Cookware Set,7,9593.03,0.05,Cash,New,No,67151.21,3357.5605000000005,63793.64950000001
ORD300766,2025-04-17,CUST12492,Customer_12492,South,Mumbai,Clothing,Formal Shirt,2,1812.23,0.05,Credit Card,Returning,No,3624.46,181.223,3443.237
ORD300767,2024-02-12,CUST12575,Customer_12575,West,Chennai,Electronics,Bluetooth Speaker,2,1597.56,0.2,Cash,Returning,No,3195.12,639.024,2556.096
ORD300768,2024-11-14,CUST12282,Customer_12282,South,Vijayawada,Clothing,Jacket,5,4332.51,0.05,Debit Card,Returning,No,21662.550000000003,1083.1275000000003,20579.422500000004
ORD300769,2024-01-31,CUST12958,Customer_12958,East,Mumbai,Home & Kitchen,Storage Box,1,6054.24,0.0,Cash,Returning,No,6054.24,0.0,6054.24
ORD300770,2025-12-02,CUST12805,Customer_12805,South,Chennai,Home & Kitchen,Cookware Set,1,10424.9,0.15,Net Banking,Returning,No,10424.9,1563.735,8861.164999999999
ORD300771,2025-02-08,CUST12754,Customer_12754,North,Chennai,Clothing,Sneakers,2,2638.27,0.05,Debit Card,New,Yes,5276.54,263.827,5012.713
ORD300772,2024-04-17,CUST12588,Customer_12588,West,Bengaluru,Furniture,Coffee Table,1,28973.85,0.25,Debit Card,Returning,No,28973.85,7243.4625,21730.387499999997
ORD300773,2025-07-25,CUST12713,Customer_12713,West,Kolkata,Sports,Cricket Bat,5,2508.55,0.1,Net Banking,Returning,No,12542.75,1254.275,11288.475
ORD300774,2025-04-05,CUST12567,Customer_12567,East,Vijayawada,Home & Kitchen,Bedsheet,1,2902.92,0.05,UPI,New,Yes,2902.92,145.14600000000002,2757.774
ORD300775,2025-03-25,CUST12200,Customer_12200,East,Delhi,Sports,Yoga Mat,2,3680.06,0.1,UPI,Returning,No,7360.12,736.0120000000001,6624.108
ORD300776,2024-03-14,CUST12829,Customer_12829,North,Bengaluru,Home & Kitchen,Mixer Grinder,6,8964.81,0.15,Cash,New,No,53788.86,8068.329,45720.531
ORD300777,2024-12-17,CUST12449,Customer_12449,West,Hyderabad,Home & Kitchen,Storage Box,3,10798.84,0.05,Cash,Returning,No,32396.52,1619.826,30776.694
ORD300778,2024-07-30,CUST12739,Customer_12739,North,Pune,Furniture,Sofa,1,15679.44,0.0,UPI,Returning,No,15679.44,0.0,15679.44
ORD300779,2025-04-25,CUST12109,Customer_12109,West,Hyderabad,Sports,Dumbbells,2,4654.27,0.05,Cash,Returning,Yes,9308.54,465.4270000000001,8843.113000000001
ORD300780,2025-06-14,CUST12759,Customer_12759,West,Vijayawada,Sports,Dumbbells,6,1727.15,0.0,Net Banking,New,No,10362.900000000001,0.0,10362.900000000001
ORD300781,2024-05-24,CUST13105,Customer_13105,North,Chennai,Electronics,Bluetooth Speaker,5,23775.05,0.15,Credit Card,New,No,118875.25,17831.2875,101043.9625
ORD300782,2024-04-10,CUST12521,Customer_12521,North,Hyderabad,Clothing,Jacket,1,4080.23,0.05,UPI,New,No,4080.23,204.0115,3876.2185
ORD300783,2025-02-10,CUST12969,Customer_12969,West,Bengaluru,Clothing,Jeans,1,1854.68,0.05,Cash,Returning,No,1854.68,92.73400000000001,1761.9460000000001
ORD300784,2025-05-23,CUST13087,Customer_13087,North,Kolkata,Clothing,Sneakers,1,2793.55,0.1,UPI,New,No,2793.55,279.355,2514.195
ORD300785,2025-10-03,CUST13436,Customer_13436,South,Bengaluru,Electronics,Power Bank,3,16640.27,0.2,UPI,New,No,49920.81,9984.162,39936.648
ORD300786,2024-02-09,CUST12620,Customer_12620,North,Pune,Clothing,Formal Shirt,5,5054.67,0.15,Cash,Returning,No,25273.35,3791.0024999999996,21482.3475
ORD300787,2025-06-05,CUST12800,Customer_12800,South,Pune,Sports,Cricket Bat,5,2276.57,0.0,Cash,New,No,11382.85,0.0,11382.85
ORD300788,2024-05-23,CUST12614,Customer_12614,East,Chennai,Furniture,Office Chair,1,14952.35,0.1,UPI,New,No,14952.35,1495.2350000000001,13457.115
ORD300789,2025-08-09,CUST12428,Customer_12428,West,Hyderabad,Sports,Running Shoes,1,3303.25,0.05,Credit Card,New,No,3303.25,165.16250000000002,3138.0875
ORD300790,2025-02-06,CUST12988,Customer_12988,East,Chennai,Electronics,Smart Watch,3,5223.77,0.0,UPI,Returning,No,15671.310000000001,0.0,15671.310000000001
ORD300791,2024-07-17,CUST12955,Customer_12955,West,Vijayawada,Electronics,Bluetooth Speaker,2,21907.61,0.15,Debit Card,Returning,No,43815.22,6572.283,37242.937
ORD300792,2024-06-12,CUST12517,Customer_12517,North,Kolkata,Sports,Running Shoes,6,1624.76,0.05,Debit Card,New,No,9748.56,487.428,9261.132
ORD300793,2025-08-07,CUST12925,Customer_12925,South,Pune,Clothing,Sneakers,4,5553.81,0.05,Cash,New,Yes,22215.24,1110.7620000000002,21104.478000000003
ORD300794,2025-01-07,CUST13449,Customer_13449,West,Vijayawada,Sports,Running Shoes,2,7633.82,0.05,Net Banking,Returning,Yes,15267.64,763.3820000000001,14504.258
ORD300795,2025-04-28,CUST13003,Customer_13003,South,Kolkata,Home & Kitchen,Bedsheet,2,5256.8,0.05,Debit Card,Returning,No,10513.6,525.6800000000001,9987.92
ORD300796,2025-06-01,CUST12813,Customer_12813,South,Chennai,Sports,Running Shoes,4,2125.41,0.1,Debit Card,New,No,8501.64,850.164,7651.476
ORD300797,2024-09-17,CUST12363,Customer_12363,West,Bengaluru,Clothing,T-Shirt,5,4057.85,0.15,Credit Card,New,No,20289.25,3043.3875,17245.8625
ORD300798,2025-02-12,CUST12810,Customer_12810,East,Chennai,Clothing,Sneakers,3,969.92,0.0,Cash,Returning,No,2909.7599999999998,0.0,2909.7599999999998
ORD300799,2025-07-27,CUST13314,Customer_13314,South,Mumbai,Home & Kitchen,Water Bottle,7,1703.85,0.05,Credit Card,New,No,11926.949999999999,596.3475,11330.602499999999
ORD300800,2024-05-11,CUST12023,Customer_12023,North,Delhi,Furniture,Coffee Table,2,4013.94,0.1,Credit Card,New,No,8027.88,802.788,7225.092000000001
ORD300801,2025-03-23,CUST12798,Customer_12798,South,Hyderabad,Sports,Yoga Mat,6,3595.33,0.15,Credit Card,New,No,21571.98,3235.797,18336.183
ORD300802,2024-06-06,CUST12693,Customer_12693,East,Bengaluru,Furniture,Sofa,3,13719.2,0.1,Net Banking,New,No,41157.600000000006,4115.760000000001,37041.840000000004
ORD300803,2024-03-27,CUST12289,Customer_12289,South,Mumbai,Furniture,Bookshelf,2,24307.41,0.05,Net Banking,Returning,No,48614.82,2430.741,46184.079
ORD300804,2025-10-17,CUST13470,Customer_13470,North,Kolkata,Clothing,T-Shirt,2,3844.36,0.15,Net Banking,Returning,No,7688.72,1153.308,6535.412
ORD300805,2025-03-19,CUST13114,Customer_13114,West,Hyderabad,Electronics,Wireless Headphones,4,21102.97,0.0,Cash,Returning,No,84411.88,0.0,84411.88
ORD300806,2024-06-26,CUST12619,Customer_12619,West,Kolkata,Home & Kitchen,Storage Box,1,1828.47,0.0,Debit Card,Returning,No,1828.47,0.0,1828.47
ORD300807,2025-07-18,CUST13092,Customer_13092,West,Delhi,Clothing,T-Shirt,1,1840.79,0.0,Debit Card,New,Yes,1840.79,0.0,1840.79
ORD300808,2024-10-11,CUST13383,Customer_13383,North,Bengaluru,Electronics,Bluetooth Speaker,5,5856.22,0.0,UPI,Returning,No,29281.100000000002,0.0,29281.100000000002
ORD300809,2024-12-23,CUST12322,Customer_12322,South,Pune,Sports,Running Shoes,1,5929.78,0.1,Cash,New,No,5929.78,592.978,5336.802
ORD300810,2024-10-04,CUST12497,Customer_12497,South,Delhi,Furniture,Office Chair,1,16697.0,0.1,Credit Card,Returning,No,16697.0,1669.7,15027.3
ORD300811,2024-12-07,CUST12571,Customer_12571,East,Kolkata,Clothing,Jacket,3,5761.76,0.2,Credit Card,Returning,No,17285.28,3457.056,13828.223999999998
ORD300812,2025-12-16,CUST13128,Customer_13128,South,Delhi,Furniture,Study Table,5,2251.5,0.25,Credit Card,Returning,No,11257.5,2814.375,8443.125
ORD300813,2025-11-16,CUST12441,Customer_12441,North,Pune,Sports,Dumbbells,1,6738.95,0.05,Cash,New,No,6738.95,336.9475,6402.0025
ORD300814,2025-02-04,CUST12117,Customer_12117,West,Chennai,Electronics,Smart Watch,1,4735.63,0.1,Credit Card,New,No,4735.63,473.56300000000005,4262.067
ORD300815,2025-03-05,CUST13428,Customer_13428,South,Chennai,Home & Kitchen,Storage Box,3,6389.4,0.2,Credit Card,Returning,No,19168.199999999997,3833.6399999999994,15334.559999999998
ORD300816,2024-09-03,CUST12614,Customer_12614,South,Vijayawada,Furniture,Office Chair,2,23614.83,0.25,Cash,New,Yes,47229.66,11807.415,35422.245
ORD300817,2025-08-31,CUST13209,Customer_13209,North,Chennai,Electronics,USB Keyboard,4,7633.7,0.1,Credit Card,Returning,No,30534.8,3053.48,27481.32
ORD300818,2025-08-09,CUST12502,Customer_12502,West,Vijayawada,Electronics,Smart Watch,2,5454.52,0.0,Cash,New,No,10909.04,0.0,10909.04
ORD300819,2025-07-12,CUST13346,Customer_13346,East,Chennai,Home & Kitchen,Storage Box,5,5903.49,0.05,Credit Card,New,No,29517.449999999997,1475.8725,28041.577499999996
ORD300820,2025-01-22,CUST13172,Customer_13172,North,Pune,Furniture,Study Table,6,20674.48,0.1,Cash,Returning,No,124046.88,12404.688000000002,111642.19200000001
ORD300821,2024-08-13,CUST12648,Customer_12648,North,Bengaluru,Electronics,Smart Watch,1,6142.48,0.05,Net Banking,Returning,No,6142.48,307.12399999999997,5835.356
ORD300822,2024-02-06,CUST13065,Customer_13065,North,Chennai,Clothing,Formal Shirt,6,2295.62,0.0,UPI,Returning,No,13773.72,0.0,13773.72
ORD300823,2024-12-26,CUST12092,Customer_12092,North,Delhi,Sports,Football,4,9263.68,0.0,UPI,Returning,Yes,37054.72,0.0,37054.72
ORD300824,2025-08-02,CUST13036,Customer_13036,North,Delhi,Electronics,Bluetooth Speaker,2,8249.77,0.2,UPI,New,No,16499.54,3299.9080000000004,13199.632000000001
ORD300825,2025-10-31,CUST13409,Customer_13409,North,Mumbai,Sports,Yoga Mat,4,7904.88,0.05,Net Banking,Returning,No,31619.52,1580.976,30038.544
ORD300826,2025-05-29,CUST13352,Customer_13352,West,Kolkata,Electronics,Bluetooth Speaker,2,9799.45,0.2,Debit Card,Returning,No,19598.9,3919.7800000000007,15679.12
ORD300827,2025-12-29,CUST13118,Customer_13118,East,Pune,Electronics,Power Bank,1,17742.87,0.0,Debit Card,Returning,No,17742.87,0.0,17742.87
ORD300828,2024-02-18,CUST12972,Customer_12972,South,Bengaluru,Home & Kitchen,Mixer Grinder,6,3828.72,0.1,Credit Card,Returning,No,22972.32,2297.232,20675.088
ORD300829,2025-08-24,CUST13473,Customer_13473,East,Delhi,Furniture,Study Table,3,2333.93,0.15,UPI,New,No,7001.789999999999,1050.2685,5951.521499999999
ORD300830,2025-03-19,CUST12094,Customer_12094,East,Chennai,Home & Kitchen,Water Bottle,1,11281.48,0.05,Net Banking,New,No,11281.48,564.074,10717.405999999999
ORD300831,2025-07-06,CUST13176,Customer_13176,East,Pune,Home & Kitchen,Cookware Set,1,7081.29,0.05,Debit Card,Returning,No,7081.29,354.0645,6727.2255
ORD300832,2024-04-05,CUST12745,Customer_12745,West,Chennai,Furniture,Bookshelf,2,10183.82,0.05,Debit Card,New,No,20367.64,1018.3820000000001,19349.257999999998
ORD300833,2024-12-04,CUST13249,Customer_13249,East,Mumbai,Sports,Yoga Mat,1,840.96,0.1,Credit Card,New,No,840.96,84.096,756.864
ORD300834,2025-09-04,CUST12911,Customer_12911,West,Pune,Electronics,Wireless Headphones,3,23025.65,0.1,Net Banking,Returning,No,69076.95000000001,6907.6950000000015,62169.25500000001
ORD300835,2025-04-05,CUST12587,Customer_12587,South,Hyderabad,Furniture,Coffee Table,2,19759.0,0.05,Credit Card,Returning,No,39518.0,1975.9,37542.1
ORD300836,2024-05-20,CUST12829,Customer_12829,East,Hyderabad,Sports,Dumbbells,1,4448.97,0.2,Debit Card,Returning,No,4448.97,889.7940000000001,3559.1760000000004
ORD300837,2025-08-20,CUST12888,Customer_12888,West,Delhi,Electronics,USB Keyboard,5,5238.48,0.05,Net Banking,Returning,No,26192.399999999998,1309.62,24882.78
ORD300838,2024-08-17,CUST12479,Customer_12479,South,Delhi,Clothing,Sneakers,3,4998.51,0.0,Debit Card,New,No,14995.53,0.0,14995.53
ORD300839,2025-06-12,CUST12633,Customer_12633,West,Pune,Sports,Dumbbells,4,4934.24,0.2,UPI,New,No,19736.96,3947.392,15789.568
ORD300840,2025-02-09,CUST13495,Customer_13495,West,Hyderabad,Electronics,Smart Watch,3,13715.67,0.05,Net Banking,Returning,No,41147.01,2057.3505,39089.6595
ORD300841,2024-10-27,CUST12183,Customer_12183,North,Vijayawada,Clothing,Jacket,3,2592.26,0.0,Net Banking,New,No,7776.780000000001,0.0,7776.780000000001
ORD300842,2025-11-06,CUST13082,Customer_13082,North,Delhi,Home & Kitchen,Storage Box,6,10300.62,0.0,Cash,Returning,No,61803.72,0.0,61803.72
ORD300843,2024-09-29,CUST12543,Customer_12543,East,Delhi,Electronics,USB Keyboard,7,10983.76,0.0,Debit Card,Returning,No,76886.32,0.0,76886.32
ORD300844,2025-02-26,CUST13388,Customer_13388,West,Delhi,Home & Kitchen,Cookware Set,4,961.23,0.0,Net Banking,Returning,No,3844.92,0.0,3844.92
ORD300845,2025-11-22,CUST13214,Customer_13214,West,Chennai,Electronics,USB Keyboard,1,17648.96,0.05,Credit Card,Returning,No,17648.96,882.448,16766.512
ORD300846,2025-11-05,CUST12594,Customer_12594,West,Bengaluru,Electronics,Smart Watch,1,19696.77,0.0,Cash,New,No,19696.77,0.0,19696.77
ORD300847,2025-01-12,CUST13489,Customer_13489,West,Delhi,Clothing,Formal Shirt,7,4399.89,0.1,Cash,Returning,No,30799.230000000003,3079.9230000000007,27719.307
ORD300848,2025-11-19,CUST12648,Customer_12648,East,Mumbai,Electronics,Power Bank,3,10985.17,0.1,Cash,Returning,No,32955.51,3295.5510000000004,29659.959000000003
ORD300849,2025-03-10,CUST12419,Customer_12419,North,Mumbai,Sports,Yoga Mat,1,8144.72,0.0,Cash,Returning,Yes,8144.72,0.0,8144.72
ORD300850,2025-03-26,CUST13248,Customer_13248,North,Chennai,Home & Kitchen,Water Bottle,3,2538.82,0.15,Debit Card,New,No,7616.460000000001,1142.469,6473.991000000001
ORD300851,2025-12-24,CUST13343,Customer_13343,West,Mumbai,Clothing,Formal Shirt,1,2622.36,0.05,Cash,New,No,2622.36,131.11800000000002,2491.242
ORD300852,2024-02-04,CUST13174,Customer_13174,East,Bengaluru,Electronics,Power Bank,2,12034.8,0.1,Credit Card,Returning,No,24069.6,2406.96,21662.64
ORD300853,2025-11-11,CUST12309,Customer_12309,West,Vijayawada,Electronics,USB Keyboard,2,3262.22,0.1,UPI,Returning,No,6524.44,652.444,5871.995999999999
ORD300854,2025-02-17,CUST13066,Customer_13066,East,Kolkata,Clothing,Jeans,1,2734.77,0.05,UPI,Returning,No,2734.77,136.73850000000002,2598.0315
ORD300855,2024-05-20,CUST12006,Customer_12006,North,Mumbai,Electronics,Bluetooth Speaker,1,22141.36,0.05,Debit Card,New,No,22141.36,1107.068,21034.292
ORD300856,2024-11-04,CUST13112,Customer_13112,North,Chennai,Electronics,Bluetooth Speaker,1,14039.48,0.15,Credit Card,New,Yes,14039.48,2105.922,11933.557999999999
ORD300857,2025-02-19,CUST12914,Customer_12914,West,Delhi,Sports,Dumbbells,2,5545.96,0.15,Debit Card,Returning,No,11091.92,1663.788,9428.132
ORD300858,2025-10-06,CUST12443,Customer_12443,West,Mumbai,Sports,Football,1,4097.62,0.05,Debit Card,Returning,No,4097.62,204.881,3892.739
ORD300859,2024-03-31,CUST13491,Customer_13491,East,Pune,Sports,Running Shoes,3,6613.49,0.15,UPI,New,No,19840.47,2976.0705000000003,16864.3995
ORD300860,2025-07-11,CUST12322,Customer_12322,East,Chennai,Clothing,T-Shirt,4,4103.63,0.05,Net Banking,New,No,16414.52,820.7260000000001,15593.794
ORD300861,2025-03-02,CUST13217,Customer_13217,North,,Electronics,USB Keyboard,2,2696.3,0.05,UPI,Returning,No,5392.6,269.63000000000005,5122.97
ORD300862,2024-11-06,CUST12319,Customer_12319,West,Delhi,Electronics,Power Bank,2,9271.7,0.15,Debit Card,Returning,No,18543.4,2781.51,15761.890000000001
ORD300863,2025-11-02,CUST13461,Customer_13461,West,Bengaluru,Furniture,Office Chair,3,22587.88,0.0,Net Banking,Returning,No,67763.64,0.0,67763.64
ORD300864,2025-08-29,CUST13286,Customer_13286,West,Kolkata,Electronics,Wireless Headphones,4,11624.31,0.0,UPI,Returning,No,46497.24,0.0,46497.24
ORD300865,2025-07-17,CUST12645,Customer_12645,West,Delhi,Clothing,Jacket,3,3013.3,0.15,Cash,New,No,9039.900000000001,1355.9850000000001,7683.915000000001
ORD300866,2025-12-14,CUST13160,Customer_13160,South,Mumbai,Furniture,Study Table,5,12355.78,0.2,Net Banking,New,No,61778.9,12355.78,49423.12
ORD300867,2024-11-16,CUST12470,Customer_12470,West,Mumbai,Clothing,Formal Shirt,3,2562.62,0.15,Debit Card,New,Yes,7687.86,1153.1789999999999,6534.681
ORD300868,2025-04-30,CUST12476,Customer_12476,West,Bengaluru,Electronics,Bluetooth Speaker,3,3237.08,0.15,Cash,New,No,9711.24,1456.686,8254.554
ORD300869,2024-09-02,CUST12854,Customer_12854,West,Bengaluru,Electronics,Power Bank,5,20720.82,0.0,Cash,Returning,No,103604.1,0.0,103604.1
ORD300870,2024-04-15,CUST13009,Customer_13009,North,Pune,Sports,Running Shoes,1,3421.76,0.1,Cash,New,Yes,3421.76,342.17600000000004,3079.5840000000003
ORD300871,2024-03-04,CUST12348,Customer_12348,West,Vijayawada,Electronics,Power Bank,6,14030.97,0.1,Credit Card,Returning,No,84185.81999999999,8418.582,75767.238
ORD300872,2025-07-20,CUST12282,Customer_12282,North,Kolkata,Clothing,Jacket,2,3294.06,0.05,Net Banking,Returning,No,6588.12,329.406,6258.714
ORD300873,2024-03-04,CUST13019,Customer_13019,South,Kolkata,Furniture,Study Table,2,20634.03,0.05,Net Banking,Returning,No,41268.06,2063.403,39204.657
ORD300874,2025-05-13,CUST12118,Customer_12118,North,Delhi,Sports,Yoga Mat,1,6690.09,0.1,Net Banking,New,No,6690.09,669.009,6021.081
ORD300875,2025-07-05,CUST12440,Customer_12440,West,Bengaluru,Home & Kitchen,Mixer Grinder,3,11165.57,0.25,Net Banking,New,No,33496.71,8374.1775,25122.5325
ORD300876,2024-09-15,CUST12303,Customer_12303,West,Mumbai,Electronics,Power Bank,3,2006.57,0.05,Net Banking,New,No,6019.71,300.9855,5718.7245
ORD300877,2025-04-10,CUST12315,Customer_12315,North,Chennai,Furniture,Sofa,4,6930.91,0.1,Net Banking,New,No,27723.64,2772.364,24951.275999999998
ORD300878,2025-05-21,CUST13330,Customer_13330,North,Pune,Electronics,USB Keyboard,3,21307.1,0.15,UPI,Returning,No,63921.299999999996,9588.195,54333.104999999996
ORD300879,2025-05-11,CUST13153,Customer_13153,West,Chennai,Furniture,Bookshelf,1,10476.68,0.15,Net Banking,New,No,10476.68,1571.502,8905.178
ORD300880,2025-11-08,CUST13011,Customer_13011,West,Vijayawada,Home & Kitchen,Mixer Grinder,4,7470.38,0.25,Cash,Returning,No,29881.52,7470.38,22411.14
ORD300881,2025-01-09,CUST13397,Customer_13397,West,Mumbai,Sports,Running Shoes,3,7086.14,0.05,Credit Card,Returning,No,21258.420000000002,1062.921,20195.499000000003
ORD300882,2025-08-13,CUST12494,Customer_12494,West,Delhi,Home & Kitchen,Water Bottle,1,8032.88,0.15,Cash,Returning,No,8032.88,1204.932,6827.948
ORD300883,2024-05-31,CUST12883,Customer_12883,North,Chennai,Electronics,Smart Watch,3,22263.18,0.25,Cash,Returning,No,66789.54000000001,16697.385000000002,50092.155000000006
ORD300884,2025-03-07,CUST12698,Customer_12698,East,Mumbai,Sports,Cricket Bat,2,8552.56,0.2,Credit Card,Returning,No,17105.12,3421.024,13684.096
ORD300885,2025-11-24,CUST12811,Customer_12811,South,Hyderabad,Furniture,Office Chair,4,25652.27,0.1,UPI,Returning,No,102609.08,10260.908000000001,92348.172
ORD300886,2025-03-06,CUST12267,Customer_12267,West,Kolkata,Furniture,Office Chair,1,4504.24,0.0,Cash,Returning,No,4504.24,0.0,4504.24
ORD300887,2024-08-11,CUST12934,Customer_12934,North,Chennai,Electronics,Smart Watch,5,20901.97,0.05,UPI,New,No,104509.85,5225.4925,99284.35750000001
ORD300888,2024-08-12,CUST13222,Customer_13222,West,Kolkata,Clothing,Jeans,3,3448.35,0.15,UPI,Returning,No,10345.05,1551.7575,8793.2925
ORD300889,2024-05-11,CUST12569,Customer_12569,South,Chennai,Sports,Yoga Mat,5,3883.26,0.05,Cash,Returning,No,19416.300000000003,970.8150000000002,18445.485000000004
ORD300890,2025-01-26,CUST12594,Customer_12594,North,Pune,Sports,Dumbbells,2,8083.87,0.05,UPI,New,No,16167.74,808.3870000000001,15359.353
ORD300891,2025-01-22,CUST12652,Customer_12652,South,Delhi,Clothing,T-Shirt,4,3896.51,0.0,Net Banking,Returning,No,15586.04,0.0,15586.04
ORD300892,2024-05-02,CUST12424,Customer_12424,West,Pune,Furniture,Study Table,1,19684.83,0.05,UPI,New,No,19684.83,984.2415000000001,18700.5885
ORD300893,2025-08-03,CUST12771,Customer_12771,South,Chennai,Furniture,Study Table,3,24431.88,0.0,Debit Card,Returning,No,73295.64,0.0,73295.64
ORD300894,2025-05-03,CUST12163,Customer_12163,West,Chennai,Furniture,Bookshelf,4,7919.41,0.05,Debit Card,New,No,31677.64,1583.882,30093.757999999998
ORD300895,2024-12-01,CUST12528,Customer_12528,West,Bengaluru,Electronics,Wireless Headphones,3,13998.08,0.15,UPI,Returning,No,41994.24,6299.1359999999995,35695.104
ORD300896,2025-01-30,CUST12214,Customer_12214,North,Delhi,Sports,Running Shoes,3,7881.46,0.15,Cash,New,No,23644.38,3546.657,20097.723
ORD300897,2024-07-20,CUST12131,Customer_12131,East,Bengaluru,Sports,Football,3,886.05,0.05,UPI,Returning,No,2658.1499999999996,132.9075,2525.2425
ORD300898,2024-09-06,CUST12435,Customer_12435,South,Kolkata,Furniture,Coffee Table,3,18421.12,0.0,UPI,New,No,55263.36,0.0,55263.36
ORD300899,2025-11-07,CUST13364,Customer_13364,South,Mumbai,Clothing,Jeans,3,3173.43,0.1,Debit Card,Returning,No,9520.289999999999,952.029,8568.260999999999
ORD300900,2024-10-10,CUST12884,Customer_12884,East,Chennai,Home & Kitchen,Bedsheet,1,7787.87,0.0,UPI,Returning,No,7787.87,0.0,7787.87
ORD300901,2024-05-13,CUST13085,Customer_13085,North,Mumbai,Electronics,Power Bank,3,4348.41,0.1,Net Banking,New,No,13045.23,1304.5230000000001,11740.706999999999
ORD300902,2025-12-19,CUST12962,Customer_12962,North,Kolkata,Electronics,Smart Watch,6,17286.57,0.15,Cash,Returning,No,103719.42,15557.912999999999,88161.507
ORD300903,2024-01-15,CUST12012,Customer_12012,East,Chennai,Home & Kitchen,Storage Box,1,2780.91,0.2,UPI,New,No,2780.91,556.182,2224.728
ORD300904,2025-06-28,CUST12517,Customer_12517,East,Pune,Clothing,Jeans,2,5069.76,0.05,Debit Card,Returning,No,10139.52,506.97600000000006,9632.544
ORD300905,2024-01-27,CUST12067,Customer_12067,East,Mumbai,Home & Kitchen,Cookware Set,1,7983.54,0.1,UPI,Returning,No,7983.54,798.354,7185.186
ORD300906,2025-12-07,CUST13140,Customer_13140,West,Mumbai,Sports,Dumbbells,6,2419.88,0.15,Net Banking,Returning,No,14519.28,2177.892,12341.388
ORD300907,2024-05-15,CUST12002,Customer_12002,South,Kolkata,Clothing,Jacket,3,648.09,0.05,Debit Card,Returning,No,1944.27,97.21350000000001,1847.0565
ORD300908,2024-05-13,CUST13321,Customer_13321,East,Mumbai,Clothing,Sneakers,6,3170.05,0.15,Cash,Returning,No,19020.300000000003,2853.0450000000005,16167.255000000003
ORD300909,2024-12-31,CUST12304,Customer_12304,West,Mumbai,Home & Kitchen,Mixer Grinder,4,4934.3,0.0,Debit Card,Returning,No,19737.2,0.0,19737.2
ORD300910,2025-07-24,CUST13362,Customer_13362,West,Delhi,Sports,Cricket Bat,5,1880.53,0.0,Credit Card,Returning,No,9402.65,0.0,9402.65
ORD300911,2025-02-01,CUST13327,Customer_13327,West,Mumbai,Sports,Running Shoes,1,9406.75,0.1,Credit Card,New,No,9406.75,940.6750000000001,8466.075
ORD300912,2025-01-22,CUST12643,Customer_12643,North,Hyderabad,Sports,Cricket Bat,1,8871.7,0.05,Net Banking,New,No,8871.7,443.58500000000004,8428.115000000002
ORD300913,2025-03-26,CUST12741,Customer_12741,East,Pune,Furniture,Coffee Table,1,10808.16,0.0,Cash,New,No,10808.16,0.0,10808.16
ORD300914,2024-08-14,CUST13236,Customer_13236,South,Hyderabad,Clothing,Sneakers,4,2780.64,0.1,Debit Card,Returning,No,11122.56,1112.256,10010.304
ORD300915,2024-01-24,CUST13201,Customer_13201,South,Pune,Home & Kitchen,Cookware Set,1,5889.02,0.05,Net Banking,Returning,No,5889.02,294.451,5594.569
ORD300916,2025-02-20,CUST12948,Customer_12948,East,Pune,Home & Kitchen,Water Bottle,2,5444.91,0.1,Debit Card,Returning,No,10889.82,1088.982,9800.838
ORD300917,2024-11-03,CUST12274,Customer_12274,East,Bengaluru,Furniture,Coffee Table,2,26256.53,0.1,Debit Card,New,No,52513.06,5251.3060000000005,47261.754
ORD300918,2024-11-23,CUST12299,Customer_12299,South,Mumbai,Sports,Running Shoes,3,2484.72,0.0,Credit Card,Returning,No,7454.16,0.0,7454.16
ORD300919,2024-06-16,CUST12310,Customer_12310,West,Pune,Clothing,Formal Shirt,5,1591.39,0.05,Credit Card,Returning,No,7956.950000000001,397.8475000000001,7559.102500000001
ORD300920,2024-01-06,CUST12184,Customer_12184,South,Delhi,Electronics,Wireless Headphones,1,12722.43,0.1,Debit Card,Returning,No,12722.43,1272.2430000000002,11450.187
ORD300921,2025-09-22,CUST12159,Customer_12159,West,Bengaluru,Sports,Dumbbells,2,1683.99,0.1,Cash,Returning,No,3367.98,336.798,3031.182
ORD300922,2024-06-02,CUST13052,Customer_13052,East,Hyderabad,Furniture,Coffee Table,6,11227.98,0.15,Debit Card,New,No,67367.88,10105.182,57262.698000000004
ORD300923,2025-06-24,CUST12653,Customer_12653,West,Bengaluru,Home & Kitchen,Cookware Set,3,7443.92,0.05,Cash,Returning,No,22331.760000000002,1116.5880000000002,21215.172000000002
ORD300924,2025-10-13,CUST12192,Customer_12192,South,Delhi,Sports,Football,5,1445.77,0.1,Debit Card,Returning,No,7228.85,722.8850000000001,6505.965
ORD300925,2024-08-19,CUST12103,Customer_12103,East,Delhi,Home & Kitchen,Mixer Grinder,1,6525.63,0.05,Credit Card,New,No,6525.63,326.28150000000005,6199.3485
ORD300926,2025-08-24,CUST12567,Customer_12567,East,Mumbai,Sports,Cricket Bat,2,9101.49,0.0,Credit Card,New,No,18202.98,0.0,18202.98
ORD300927,2024-11-16,CUST13413,Customer_13413,South,Delhi,Electronics,Bluetooth Speaker,3,9767.7,0.2,Cash,New,No,29303.100000000002,5860.620000000001,23442.480000000003
ORD300928,2025-01-07,CUST12164,Customer_12164,South,Chennai,Furniture,Study Table,2,23818.71,0.05,Net Banking,Returning,No,47637.42,2381.871,45255.549
ORD300929,2025-08-13,CUST13132,Customer_13132,South,Hyderabad,Sports,Football,2,1290.32,0.05,Cash,New,No,2580.64,129.032,2451.6079999999997
ORD300930,2025-12-31,CUST12465,Customer_12465,West,Mumbai,Clothing,Sneakers,3,5497.95,0.1,Credit Card,New,Yes,16493.85,1649.385,14844.464999999998
ORD300931,2024-08-29,CUST13337,Customer_13337,East,Delhi,Sports,Cricket Bat,5,6014.07,0.0,UPI,New,No,30070.35,0.0,30070.35
ORD300932,2025-12-21,CUST12215,Customer_12215,East,Delhi,Furniture,Bookshelf,3,10228.21,0.1,Debit Card,Returning,No,30684.629999999997,3068.4629999999997,27616.166999999998
ORD300933,2025-01-02,CUST12468,Customer_12468,North,Mumbai,Furniture,Bookshelf,2,3810.69,0.05,Debit Card,Returning,No,7621.38,381.069,7240.311
ORD300934,2025-08-01,CUST12764,Customer_12764,North,Bengaluru,Sports,Dumbbells,1,8450.03,0.1,UPI,Returning,No,8450.03,845.0030000000002,7605.027
ORD300935,2025-10-30,CUST12082,Customer_12082,North,Hyderabad,Sports,Yoga Mat,4,2974.36,0.2,UPI,Returning,No,11897.44,2379.4880000000003,9517.952000000001
ORD300936,2024-12-20,CUST12020,Customer_12020,South,Vijayawada,Sports,Yoga Mat,2,6540.11,0.05,Net Banking,Returning,No,13080.22,654.011,12426.208999999999
ORD300937,2024-03-07,CUST12477,Customer_12477,East,Bengaluru,Sports,Yoga Mat,2,7428.23,0.25,UPI,New,No,14856.46,3714.115,11142.345
ORD300938,2024-04-09,CUST13022,Customer_13022,West,Chennai,Electronics,Bluetooth Speaker,3,8074.79,0.2,Credit Card,New,No,24224.37,4844.874,19379.496
ORD300939,2025-05-09,CUST12787,Customer_12787,West,Pune,Sports,Cricket Bat,3,9415.01,0.15,Credit Card,Returning,No,28245.03,4236.7545,24008.2755
ORD300940,2024-03-10,CUST12595,Customer_12595,North,Hyderabad,Furniture,Coffee Table,1,20966.3,0.0,Credit Card,New,No,20966.3,0.0,20966.3
ORD300941,2025-11-24,CUST12034,Customer_12034,West,,Sports,Dumbbells,2,1852.85,0.05,Net Banking,Returning,No,3705.7,185.285,3520.415
ORD300942,2024-05-16,CUST12849,Customer_12849,North,Bengaluru,Home & Kitchen,Bedsheet,2,9311.28,0.25,Debit Card,Returning,No,18622.56,4655.64,13966.920000000002
ORD300943,2024-04-22,CUST12050,Customer_12050,North,Delhi,Sports,Football,6,3416.76,0.2,Cash,Returning,Yes,20500.56,4100.112,16400.448
ORD300944,2025-11-16,CUST13500,Customer_13500,West,Mumbai,Furniture,Office Chair,2,6244.28,0.05,Net Banking,Returning,No,12488.56,624.428,11864.132
ORD300945,2025-02-01,CUST13063,Customer_13063,East,Chennai,Sports,Cricket Bat,4,6539.01,0.0,UPI,New,No,26156.04,0.0,26156.04
ORD300946,2024-09-03,CUST12370,Customer_12370,South,Hyderabad,Clothing,Jacket,1,5701.7,0.0,Debit Card,New,No,5701.7,0.0,5701.7
ORD300947,2024-01-15,CUST13080,Customer_13080,North,Vijayawada,Clothing,Jacket,1,600.87,0.05,Credit Card,Returning,Yes,600.87,30.0435,570.8265
ORD300948,2024-01-04,CUST13366,Customer_13366,North,Vijayawada,Home & Kitchen,Water Bottle,4,3077.67,0.1,Credit Card,Returning,No,12310.68,1231.0680000000002,11079.612000000001
ORD300949,2025-06-06,CUST13064,Customer_13064,West,Mumbai,Clothing,Jacket,2,597.15,0.15,Cash,New,No,1194.3,179.14499999999998,1015.155
ORD300950,2024-08-09,CUST12620,Customer_12620,North,Hyderabad,Sports,Cricket Bat,4,4237.79,0.05,Debit Card,New,No,16951.16,847.558,16103.601999999999
ORD300951,2025-06-29,CUST13104,Customer_13104,South,Vijayawada,Sports,Cricket Bat,2,2357.34,0.0,UPI,Returning,No,4714.68,0.0,4714.68
ORD300952,2025-12-23,CUST12466,Customer_12466,North,Mumbai,Home & Kitchen,Storage Box,7,5110.57,0.1,Cash,New,No,35773.99,3577.399,32196.590999999997
ORD300953,2024-12-25,CUST12426,Customer_12426,East,Vijayawada,Clothing,Jeans,1,1806.35,0.1,Debit Card,Returning,No,1806.35,180.635,1625.715
ORD300954,2024-09-18,CUST13357,Customer_13357,North,Hyderabad,Sports,Cricket Bat,3,5607.37,0.1,UPI,Returning,Yes,16822.11,1682.2110000000002,15139.899000000001
ORD300955,2025-06-16,CUST12057,Customer_12057,East,Vijayawada,Electronics,Smart Watch,1,2781.95,0.25,Net Banking,New,No,2781.95,695.4875,2086.4624999999996
ORD300956,2025-04-18,CUST13241,Customer_13241,South,Delhi,Electronics,Smart Watch,1,9445.2,0.1,Debit Card,Returning,No,9445.2,944.5200000000001,8500.68
ORD300957,2024-06-15,CUST12546,Customer_12546,North,Bengaluru,Electronics,Bluetooth Speaker,2,5245.39,0.15,Credit Card,Returning,No,10490.78,1573.617,8917.163
ORD300958,2024-04-29,CUST12908,Customer_12908,North,Pune,Home & Kitchen,Storage Box,4,4643.36,0.1,Cash,Returning,Yes,18573.44,1857.344,16716.095999999998
ORD300959,2024-03-10,CUST12187,Customer_12187,South,Vijayawada,Sports,Running Shoes,1,2676.31,0.15,Cash,New,No,2676.31,401.44649999999996,2274.8635
ORD300960,2025-09-22,CUST12886,Customer_12886,East,Chennai,Sports,Football,2,4802.85,0.15,UPI,New,No,9605.7,1440.855,8164.845000000001
ORD300961,2024-12-08,CUST12193,Customer_12193,South,Mumbai,Home & Kitchen,Mixer Grinder,3,5203.16,0.0,Debit Card,New,No,15609.48,0.0,15609.48
ORD300962,2024-01-01,CUST13152,Customer_13152,East,Chennai,Electronics,Smart Watch,4,11497.99,0.0,Net Banking,Returning,No,45991.96,0.0,45991.96
ORD300963,2025-02-26,CUST13134,Customer_13134,South,Hyderabad,Clothing,Sneakers,3,1751.95,0.1,Credit Card,Returning,No,5255.85,525.585,4730.265
ORD300964,2025-11-06,CUST13203,Customer_13203,West,Kolkata,Furniture,Coffee Table,2,3778.62,0.05,Cash,Returning,No,7557.24,377.862,7179.378
ORD300965,2024-01-03,CUST13448,Customer_13448,North,Bengaluru,Electronics,Bluetooth Speaker,1,14724.23,0.1,Net Banking,Returning,Yes,14724.23,1472.423,13251.806999999999
ORD300966,2025-05-25,CUST12453,Customer_12453,North,Kolkata,Furniture,Coffee Table,5,16611.61,0.0,Cash,New,No,83058.05,0.0,83058.05
ORD300967,2025-11-08,CUST13152,Customer_13152,West,Vijayawada,Clothing,Formal Shirt,1,3016.63,0.1,Cash,New,Yes,3016.63,301.663,2714.967
ORD300968,2025-01-02,CUST12526,Customer_12526,East,Mumbai,Furniture,Coffee Table,1,23786.63,0.15,Credit Card,Returning,Yes,23786.63,3567.9945000000002,20218.6355
ORD300969,2024-07-27,CUST12936,Customer_12936,West,Mumbai,Home & Kitchen,Cookware Set,1,5609.8,0.1,UPI,Returning,No,5609.8,560.98,5048.82
ORD300970,2025-01-13,CUST12787,Customer_12787,North,Kolkata,Electronics,Power Bank,6,10220.7,0.05,Debit Card,New,Yes,61324.200000000004,3066.2100000000005,58257.990000000005
ORD300971,2024-03-09,CUST12050,Customer_12050,East,Pune,Sports,Cricket Bat,3,7348.54,0.05,Net Banking,New,No,22045.62,1102.281,20943.339
ORD300972,2024-01-23,CUST12142,Customer_12142,North,Kolkata,Clothing,Sneakers,2,4326.46,0.0,Debit Card,Returning,No,8652.92,0.0,8652.92
ORD300973,2024-08-14,CUST12439,Customer_12439,East,Mumbai,Electronics,Wireless Headphones,7,17193.74,0.05,Credit Card,New,No,120356.18000000001,6017.809000000001,114338.37100000001
ORD300974,2025-12-31,CUST12189,Customer_12189,West,Hyderabad,Sports,Dumbbells,3,7633.6,0.05,Cash,Returning,No,22900.800000000003,1145.0400000000002,21755.760000000002
ORD300975,2025-08-13,CUST13241,Customer_13241,East,Hyderabad,Clothing,T-Shirt,6,3709.74,0.05,Debit Card,Returning,No,22258.44,1112.922,21145.518
ORD300976,2025-01-11,CUST12834,Customer_12834,North,Chennai,Home & Kitchen,Water Bottle,2,3587.87,0.15,Cash,New,No,7175.74,1076.3609999999999,6099.379
ORD300977,2024-04-28,CUST13336,Customer_13336,South,Delhi,Furniture,Study Table,4,13793.58,0.25,UPI,New,No,55174.32,13793.58,41380.74
ORD300978,2025-09-06,CUST13336,Customer_13336,South,Kolkata,Clothing,Jacket,3,5705.28,0.05,Credit Card,Returning,No,17115.84,855.792,16260.048
ORD300979,2024-03-21,CUST12771,Customer_12771,South,Hyderabad,Furniture,Office Chair,4,19472.08,0.1,Net Banking,Returning,No,77888.32,7788.832000000001,70099.48800000001
ORD300980,2025-02-05,CUST12357,Customer_12357,West,Delhi,Home & Kitchen,Storage Box,1,9430.03,0.15,Cash,New,No,9430.03,1414.5045,8015.525500000001
ORD300981,2025-08-13,CUST12798,Customer_12798,East,Delhi,Clothing,Jacket,3,3210.23,0.15,UPI,New,No,9630.69,1444.6035,8186.0865
ORD300982,2025-08-28,CUST12867,Customer_12867,South,Pune,Home & Kitchen,Water Bottle,1,11080.8,0.15,Debit Card,New,No,11080.8,1662.12,9418.68
ORD300983,2024-04-06,CUST12016,Customer_12016,North,Pune,Sports,Cricket Bat,1,4977.98,0.1,Credit Card,Returning,No,4977.98,497.798,4480.182
ORD300984,2025-02-11,CUST12561,Customer_12561,East,Delhi,Clothing,T-Shirt,3,4699.13,0.05,Net Banking,New,No,14097.39,704.8695,13392.520499999999
ORD300985,2025-10-02,CUST13486,Customer_13486,East,Pune,Electronics,Smart Watch,3,3272.7,0.1,Debit Card,New,No,9818.099999999999,981.81,8836.289999999999
ORD300986,2025-09-26,CUST12736,Customer_12736,West,Bengaluru,Furniture,Coffee Table,2,10159.65,0.15,Debit Card,New,No,20319.3,3047.895,17271.405
ORD300987,2024-09-06,CUST12321,Customer_12321,East,Chennai,Clothing,Jeans,3,712.62,0.15,Debit Card,Returning,No,2137.86,320.67900000000003,1817.181
ORD300988,2025-01-22,CUST13285,Customer_13285,East,Mumbai,Sports,Yoga Mat,1,5883.25,0.05,Cash,New,No,5883.25,294.1625,5589.0875
ORD300989,2025-09-02,CUST13041,Customer_13041,East,Hyderabad,Home & Kitchen,Mixer Grinder,2,10897.46,0.1,UPI,Returning,No,21794.92,2179.4919999999997,19615.428
ORD300990,2025-03-19,CUST12586,Customer_12586,South,Bengaluru,Furniture,Coffee Table,5,2055.01,0.05,Net Banking,New,No,10275.050000000001,513.7525,9761.2975
ORD300991,2025-05-22,CUST13222,Customer_13222,East,Kolkata,Sports,Dumbbells,6,4416.33,0.05,Debit Card,Returning,Yes,26497.98,1324.8990000000001,25173.081
ORD300992,2024-06-17,CUST12852,Customer_12852,West,Kolkata,Electronics,Power Bank,1,6077.71,0.05,Credit Card,New,No,6077.71,303.88550000000004,5773.8245
ORD300993,2024-03-10,CUST13310,Customer_13310,South,Kolkata,Sports,Dumbbells,1,4687.98,0.1,UPI,New,No,4687.98,468.798,4219.182
ORD300994,2025-06-09,CUST12438,Customer_12438,East,Pune,Furniture,Coffee Table,3,8589.19,0.05,Debit Card,New,No,25767.57,1288.3785,24479.1915
ORD300995,2025-05-17,CUST12340,Customer_12340,West,Delhi,Sports,Yoga Mat,1,4105.04,0.15,UPI,Returning,No,4105.04,615.756,3489.284
ORD300996,2025-04-24,CUST13473,Customer_13473,South,Delhi,Electronics,Smart Watch,4,5399.42,0.05,Debit Card,Returning,No,21597.68,1079.884,20517.796000000002
ORD300997,2024-05-30,CUST12628,Customer_12628,East,Vijayawada,Clothing,Sneakers,4,4557.76,0.1,Cash,New,No,18231.04,1823.1040000000003,16407.936
ORD300998,2025-02-13,CUST13121,Customer_13121,North,Mumbai,Home & Kitchen,Bedsheet,2,5967.99,0.05,Cash,Returning,No,11935.98,596.799,11339.181
ORD300999,2024-06-19,CUST13294,Customer_13294,South,Kolkata,Home & Kitchen,Mixer Grinder,2,550.54,0.15,Debit Card,Returning,No,1101.08,165.16199999999998,935.9179999999999
ORD301000,2025-04-28,CUST12041,Customer_12041,West,Bengaluru,Furniture,Coffee Table,3,22539.8,0.2,UPI,Returning,No,67619.4,13523.88,54095.52
ORD301001,2025-11-18,CUST12522,Customer_12522,South,Chennai,Furniture,Bookshelf,1,2179.2,0.0,Net Banking,New,No,2179.2,0.0,2179.2
ORD301002,2024-10-31,CUST12097,Customer_12097,West,Mumbai,Sports,Yoga Mat,3,7523.55,0.2,Credit Card,Returning,No,22570.65,4514.13,18056.52
ORD301003,2025-04-18,CUST13269,Customer_13269,South,Pune,Clothing,Jacket,1,2787.72,0.15,Cash,Returning,No,2787.72,418.15799999999996,2369.562
ORD301004,2024-10-27,CUST12217,Customer_12217,North,Kolkata,Clothing,Sneakers,1,2752.54,0.1,Credit Card,New,No,2752.54,275.254,2477.286
ORD301005,2025-02-11,CUST13472,Customer_13472,West,Mumbai,Electronics,Bluetooth Speaker,6,15039.52,0.15,Credit Card,Returning,No,90237.12,13535.568,76701.552
ORD301006,2025-04-02,CUST12821,Customer_12821,West,Pune,Furniture,Coffee Table,1,23489.42,0.05,Credit Card,New,No,23489.42,1174.471,22314.948999999997
ORD301007,2025-06-16,CUST12508,Customer_12508,North,Bengaluru,Home & Kitchen,Cookware Set,3,7240.1,0.0,Cash,New,No,21720.300000000003,0.0,21720.300000000003
ORD301008,2025-02-08,CUST13302,Customer_13302,South,Delhi,Sports,Football,5,5736.25,0.15,Cash,Returning,No,28681.25,4302.1875,24379.0625
ORD301009,2025-02-24,CUST12867,Customer_12867,North,Pune,Furniture,Study Table,2,8728.04,0.05,UPI,New,No,17456.08,872.8040000000001,16583.276
ORD301010,2024-10-29,CUST12238,Customer_12238,East,Bengaluru,Electronics,USB Keyboard,7,11632.2,0.15,Cash,Returning,No,81425.40000000001,12213.810000000001,69211.59000000001
ORD301011,2024-04-30,CUST12147,Customer_12147,West,Delhi,Electronics,Wireless Headphones,1,19000.96,0.1,Debit Card,New,No,19000.96,1900.096,17100.863999999998
ORD301012,2024-09-24,CUST12398,Customer_12398,East,Pune,Clothing,Formal Shirt,1,792.04,0.1,Debit Card,Returning,No,792.04,79.20400000000001,712.836
ORD301013,2024-07-02,CUST13022,Customer_13022,North,Hyderabad,Electronics,Power Bank,1,16533.2,0.0,Debit Card,Returning,No,16533.2,0.0,16533.2
ORD301014,2025-09-25,CUST12987,Customer_12987,South,Mumbai,Home & Kitchen,Storage Box,3,4878.94,0.1,UPI,Returning,No,14636.82,1463.682,13173.137999999999
ORD301015,2025-01-19,CUST13357,Customer_13357,North,Delhi,Home & Kitchen,Mixer Grinder,3,3468.12,0.15,Net Banking,New,No,10404.36,1560.654,8843.706
ORD301016,2025-07-23,CUST13437,Customer_13437,South,Vijayawada,Furniture,Office Chair,6,24242.46,0.15,Net Banking,Returning,No,145454.76,21818.214,123636.546
ORD301017,2024-05-03,CUST13111,Customer_13111,North,Hyderabad,Electronics,USB Keyboard,6,18302.64,0.1,UPI,New,No,109815.84,10981.584,98834.256
ORD301018,2025-10-17,CUST12761,Customer_12761,East,Bengaluru,Clothing,T-Shirt,3,3012.2,0.1,Net Banking,Returning,No,9036.599999999999,903.6599999999999,8132.939999999999
ORD301019,2024-09-02,CUST12655,Customer_12655,South,Hyderabad,Clothing,Jacket,3,4661.65,0.0,Cash,Returning,No,13984.949999999999,0.0,13984.949999999999
ORD301020,2024-11-16,CUST12531,Customer_12531,South,Hyderabad,Sports,Dumbbells,1,4620.19,0.1,Credit Card,Returning,No,4620.19,462.019,4158.170999999999
ORD301021,2025-01-22,CUST12374,Customer_12374,South,Mumbai,Electronics,Wireless Headphones,3,18934.34,0.05,Credit Card,New,No,56803.020000000004,2840.1510000000003,53962.869000000006
ORD301022,2025-12-24,CUST12925,Customer_12925,East,Chennai,Clothing,T-Shirt,6,5308.35,0.05,Net Banking,Returning,No,31850.100000000002,1592.505,30257.595
ORD301023,2025-04-08,CUST12233,Customer_12233,East,Chennai,Furniture,Coffee Table,1,6567.0,0.0,Debit Card,Returning,No,6567.0,0.0,6567.0
ORD301024,2025-10-16,CUST12605,Customer_12605,East,Kolkata,Clothing,Jeans,2,5649.02,0.0,Net Banking,New,No,11298.04,0.0,11298.04
ORD301025,2024-11-09,CUST12864,Customer_12864,East,Pune,Clothing,T-Shirt,3,830.96,0.1,Debit Card,New,No,2492.88,249.288,2243.592
ORD301026,2024-07-05,CUST12904,Customer_12904,East,Hyderabad,Sports,Cricket Bat,2,5013.49,0.05,UPI,Returning,No,10026.98,501.349,9525.631
ORD301027,2025-08-29,CUST12315,Customer_12315,North,Vijayawada,Home & Kitchen,Mixer Grinder,4,7970.65,0.0,Credit Card,Returning,No,31882.6,0.0,31882.6
ORD301028,2024-03-11,CUST13206,Customer_13206,North,Hyderabad,Clothing,Sneakers,2,5247.11,0.0,Cash,Returning,No,10494.22,0.0,10494.22
ORD301029,2024-02-09,CUST12267,Customer_12267,South,Pune,Furniture,Study Table,6,15450.17,0.1,Debit Card,Returning,No,92701.02,9270.102,83430.918
ORD301030,2025-06-13,CUST13432,Customer_13432,West,Vijayawada,Home & Kitchen,Storage Box,3,6386.54,0.05,Debit Card,Returning,No,19159.62,957.981,18201.639
ORD301031,2024-08-19,CUST12277,Customer_12277,South,Chennai,Furniture,Coffee Table,1,2661.13,0.2,UPI,Returning,No,2661.13,532.226,2128.904
ORD301032,2025-02-17,CUST12821,Customer_12821,East,Hyderabad,Home & Kitchen,Mixer Grinder,4,5094.23,0.05,UPI,Returning,No,20376.92,1018.846,19358.073999999997
ORD301033,2024-03-31,CUST12086,Customer_12086,West,Pune,Electronics,Wireless Headphones,6,2945.29,0.0,Cash,New,No,17671.739999999998,0.0,17671.739999999998
ORD301034,2025-08-11,CUST12728,Customer_12728,South,Pune,Clothing,T-Shirt,1,4361.68,0.0,UPI,Returning,No,4361.68,0.0,4361.68
ORD301035,2025-10-30,CUST13058,Customer_13058,East,Bengaluru,Home & Kitchen,Water Bottle,3,8036.83,0.2,UPI,New,No,24110.489999999998,4822.098,19288.392
ORD301036,2025-02-16,CUST13301,Customer_13301,East,Pune,Clothing,Sneakers,2,3304.7,0.2,Credit Card,New,No,6609.4,1321.88,5287.5199999999995
ORD301037,2024-07-17,CUST12905,Customer_12905,West,Kolkata,Furniture,Coffee Table,3,20723.6,0.1,Cash,Returning,Yes,62170.799999999996,6217.08,55953.719999999994
ORD301038,2025-02-21,CUST12364,Customer_12364,North,Delhi,Clothing,Sneakers,1,4382.74,0.05,UPI,New,No,4382.74,219.137,4163.603
ORD301039,2025-09-29,CUST12183,Customer_12183,West,Chennai,Electronics,Wireless Headphones,3,14326.07,0.05,Net Banking,New,No,42978.21,2148.9105,40829.2995
ORD301040,2024-10-13,CUST13284,Customer_13284,North,Vijayawada,Home & Kitchen,Storage Box,1,2003.55,0.1,Debit Card,Returning,No,2003.55,200.35500000000002,1803.195
ORD301041,2024-11-17,CUST12254,Customer_12254,South,Vijayawada,Home & Kitchen,Cookware Set,2,7646.23,0.15,Debit Card,New,No,15292.46,2293.8689999999997,12998.591
ORD301042,2024-02-16,CUST13057,Customer_13057,North,Hyderabad,Electronics,Bluetooth Speaker,2,18198.63,0.0,Cash,Returning,No,36397.26,0.0,36397.26
ORD301043,2025-09-10,CUST13196,Customer_13196,South,Pune,Electronics,Smart Watch,3,13656.47,0.0,Cash,New,No,40969.409999999996,0.0,40969.409999999996
ORD301044,2024-01-08,CUST12791,Customer_12791,East,Vijayawada,Sports,Dumbbells,1,8453.98,0.1,Debit Card,New,No,8453.98,845.398,7608.581999999999
ORD301045,2025-07-18,CUST12645,Customer_12645,North,Delhi,Electronics,USB Keyboard,2,5131.03,0.15,Net Banking,Returning,No,10262.06,1539.309,8722.751
ORD301046,2025-03-13,CUST12401,Customer_12401,East,Mumbai,Home & Kitchen,Cookware Set,1,1665.18,0.05,Credit Card,Returning,No,1665.18,83.25900000000001,1581.921
ORD301047,2025-03-22,CUST13130,Customer_13130,North,Delhi,Home & Kitchen,Bedsheet,2,4853.33,0.15,Debit Card,Returning,No,9706.66,1455.999,8250.661
ORD301048,2024-05-21,CUST12484,Customer_12484,North,Hyderabad,Sports,Dumbbells,1,3252.34,0.1,Net Banking,Returning,No,3252.34,325.23400000000004,2927.106
ORD301049,2025-01-07,CUST12942,Customer_12942,West,Hyderabad,Furniture,Study Table,2,19334.04,0.05,Credit Card,New,No,38668.08,1933.4040000000002,36734.676
ORD301050,2024-07-05,CUST13044,Customer_13044,East,Delhi,Electronics,Bluetooth Speaker,2,5911.99,0.1,Debit Card,New,No,11823.98,1182.398,10641.582
ORD301051,2024-10-14,CUST12900,Customer_12900,East,Chennai,Clothing,Jacket,7,2503.08,0.25,UPI,New,No,17521.559999999998,4380.389999999999,13141.169999999998
ORD301052,2025-02-08,CUST12851,Customer_12851,North,Mumbai,Home & Kitchen,Storage Box,3,7185.13,0.0,Cash,Returning,No,21555.39,0.0,21555.39
ORD301053,2025-07-23,CUST13406,Customer_13406,West,Mumbai,Home & Kitchen,Bedsheet,2,5882.17,0.15,Debit Card,Returning,No,11764.34,1764.651,9999.689
ORD301054,2024-03-30,CUST12216,Customer_12216,East,Chennai,Home & Kitchen,Cookware Set,3,2912.04,0.0,UPI,Returning,No,8736.119999999999,0.0,8736.119999999999
ORD301055,2024-06-30,CUST13221,Customer_13221,South,Chennai,Sports,Dumbbells,5,901.09,0.05,Net Banking,New,Yes,4505.45,225.2725,4280.1775
ORD301056,2025-07-08,CUST12345,Customer_12345,East,Pune,Home & Kitchen,Cookware Set,4,9301.3,0.1,Debit Card,Returning,No,37205.2,3720.52,33484.68
ORD301057,2024-04-20,CUST12426,Customer_12426,South,Delhi,Furniture,Study Table,1,17274.69,0.05,UPI,Returning,No,17274.69,863.7345,16410.9555
ORD301058,2025-01-20,CUST12042,Customer_12042,East,Chennai,Furniture,Bookshelf,1,14443.08,0.1,UPI,Returning,No,14443.08,1444.308,12998.772
ORD301059,2024-06-12,CUST13255,Customer_13255,West,Hyderabad,Clothing,Jeans,1,5346.38,0.1,Cash,New,No,5346.38,534.638,4811.742
ORD301060,2025-11-25,CUST12256,Customer_12256,West,Bengaluru,Electronics,Bluetooth Speaker,3,9756.95,0.1,Net Banking,New,No,29270.850000000002,2927.0850000000005,26343.765000000003
ORD301061,2024-05-24,CUST13364,Customer_13364,South,Pune,Clothing,Sneakers,1,2713.23,0.0,UPI,New,No,2713.23,0.0,2713.23
ORD301062,2025-04-30,CUST12121,Customer_12121,South,Kolkata,Sports,Yoga Mat,2,4541.99,0.05,UPI,Returning,No,9083.98,454.199,8629.780999999999
ORD301063,2025-01-16,CUST13263,Customer_13263,West,Kolkata,Electronics,Smart Watch,2,4852.94,0.15,Net Banking,New,No,9705.88,1455.8819999999998,8249.998
ORD301064,2025-09-04,CUST13333,Customer_13333,East,Pune,Sports,Football,1,7529.59,0.05,Debit Card,New,No,7529.59,376.47950000000003,7153.1105
ORD301065,2024-02-01,CUST12008,Customer_12008,South,Bengaluru,Electronics,USB Keyboard,1,12003.4,0.1,Credit Card,New,No,12003.4,1200.34,10803.06
ORD301066,2024-02-04,CUST12104,Customer_12104,West,Bengaluru,Sports,Yoga Mat,3,7384.86,0.05,UPI,New,No,22154.579999999998,1107.729,21046.851
ORD301067,2024-11-02,CUST12461,Customer_12461,South,Chennai,Electronics,Smart Watch,4,22207.83,0.1,Credit Card,New,No,88831.32,8883.132000000001,79948.18800000001
ORD301068,2024-05-27,CUST13299,Customer_13299,North,Chennai,Home & Kitchen,Bedsheet,3,6255.15,0.25,Cash,Returning,Yes,18765.449999999997,4691.362499999999,14074.087499999998
ORD301069,2024-12-20,CUST12887,Customer_12887,North,Delhi,Electronics,Bluetooth Speaker,3,23795.92,0.0,Credit Card,New,No,71387.76,0.0,71387.76
ORD301070,2024-01-26,CUST12491,Customer_12491,South,Delhi,Home & Kitchen,Mixer Grinder,1,2439.61,0.25,Cash,Returning,No,2439.61,609.9025,1829.7075
ORD301071,2025-10-06,CUST12197,Customer_12197,South,Delhi,Furniture,Office Chair,5,10259.79,0.0,UPI,Returning,No,51298.950000000004,0.0,51298.950000000004
ORD301072,2024-04-13,CUST12716,Customer_12716,South,Hyderabad,Furniture,Bookshelf,5,6975.91,0.05,Net Banking,Returning,No,34879.55,1743.9775000000002,33135.5725
ORD301073,2025-05-31,CUST13269,Customer_13269,East,Kolkata,Sports,Football,6,4420.69,0.0,Net Banking,New,No,26524.14,0.0,26524.14
ORD301074,2025-04-08,CUST12347,Customer_12347,West,Pune,Clothing,Sneakers,6,1447.43,0.1,Debit Card,Returning,No,8684.58,868.4580000000001,7816.121999999999
ORD301075,2025-02-15,CUST12880,Customer_12880,South,Hyderabad,Electronics,USB Keyboard,2,20058.27,0.05,Cash,Returning,No,40116.54,2005.8270000000002,38110.713
ORD301076,2024-11-03,CUST12903,Customer_12903,East,Hyderabad,Clothing,Sneakers,1,4854.79,0.1,Credit Card,Returning,No,4854.79,485.47900000000004,4369.311
ORD301077,2025-05-10,CUST12207,Customer_12207,West,Hyderabad,Electronics,Smart Watch,3,15750.03,0.05,UPI,Returning,No,47250.090000000004,2362.5045000000005,44887.5855
ORD301078,2025-08-29,CUST13373,Customer_13373,East,Pune,Sports,Football,3,3022.24,0.15,UPI,New,Yes,9066.72,1360.0079999999998,7706.7119999999995
ORD301079,2025-02-21,CUST12919,Customer_12919,East,Mumbai,Home & Kitchen,Bedsheet,3,4859.37,0.1,Credit Card,New,No,14578.11,1457.8110000000001,13120.299
ORD301080,2025-01-17,CUST13430,Customer_13430,South,Mumbai,Sports,Running Shoes,2,5396.96,0.15,Net Banking,New,Yes,10793.92,1619.088,9174.832
ORD301081,2024-06-12,CUST12001,Customer_12001,West,Mumbai,Home & Kitchen,Bedsheet,2,8366.01,0.05,UPI,Returning,No,16732.02,836.6010000000001,15895.419
ORD301082,2025-12-19,CUST13286,Customer_13286,North,Kolkata,Home & Kitchen,Mixer Grinder,7,8984.0,0.05,Credit Card,New,No,62888.0,3144.4,59743.6
ORD301083,2025-01-30,CUST13079,Customer_13079,South,Chennai,Furniture,Office Chair,4,26642.3,0.0,Credit Card,Returning,No,106569.2,0.0,106569.2
ORD301084,2024-06-20,CUST13407,Customer_13407,West,Mumbai,Electronics,Bluetooth Speaker,1,19335.1,0.1,Credit Card,Returning,No,19335.1,1933.51,17401.59
ORD301085,2024-01-15,CUST12090,Customer_12090,West,Kolkata,Home & Kitchen,Cookware Set,1,1481.95,0.05,Net Banking,Returning,Yes,1481.95,74.09750000000001,1407.8525
ORD301086,2025-08-13,CUST12178,Customer_12178,East,Chennai,Clothing,Formal Shirt,5,1969.25,0.15,Credit Card,Returning,No,9846.25,1476.9375,8369.3125
ORD301087,2025-06-12,CUST13200,Customer_13200,South,Vijayawada,Electronics,USB Keyboard,1,8617.85,0.15,Debit Card,Returning,Yes,8617.85,1292.6775,7325.172500000001
ORD301088,2024-03-11,CUST12126,Customer_12126,North,Vijayawada,Home & Kitchen,Cookware Set,2,10006.65,0.2,Credit Card,Returning,No,20013.3,4002.66,16010.64
ORD301089,2025-12-25,CUST12586,Customer_12586,East,Chennai,Clothing,T-Shirt,6,3841.92,0.05,Cash,Returning,No,23051.52,1152.576,21898.944
ORD301090,2025-03-14,CUST12054,Customer_12054,North,Mumbai,Furniture,Study Table,4,9691.69,0.25,Cash,New,No,38766.76,9691.69,29075.07
ORD301091,2024-10-08,CUST12862,Customer_12862,East,Mumbai,Furniture,Sofa,4,17575.05,0.1,UPI,New,No,70300.2,7030.02,63270.17999999999
ORD301092,2025-06-09,CUST12026,Customer_12026,North,Kolkata,Furniture,Study Table,1,10840.29,0.15,UPI,Returning,No,10840.29,1626.0435,9214.246500000001
ORD301093,2025-01-01,CUST12258,Customer_12258,West,Chennai,Sports,Yoga Mat,4,9264.16,0.05,Cash,Returning,No,37056.64,1852.832,35203.808
ORD301094,2024-09-25,CUST12777,Customer_12777,West,Pune,Electronics,Bluetooth Speaker,6,7054.15,0.1,Net Banking,Returning,No,42324.899999999994,4232.49,38092.409999999996
ORD301095,2025-10-15,CUST12700,Customer_12700,South,Kolkata,Sports,Football,2,5596.59,0.1,Debit Card,New,No,11193.18,1119.318,10073.862000000001
ORD301096,2025-09-13,CUST12567,Customer_12567,South,Delhi,Clothing,Jacket,3,1056.1,0.05,Cash,Returning,Yes,3168.2999999999997,158.415,3009.8849999999998
ORD301097,2025-01-08,CUST12390,Customer_12390,West,Hyderabad,Electronics,Power Bank,1,19008.41,0.15,Cash,Returning,No,19008.41,2851.2615,16157.1485
ORD301098,2024-01-20,CUST12236,Customer_12236,South,Delhi,Clothing,T-Shirt,3,2922.56,0.1,Credit Card,Returning,No,8767.68,876.768,7890.912
ORD301099,2024-08-18,CUST12349,Customer_12349,West,Pune,Furniture,Study Table,4,23108.73,0.0,Credit Card,Returning,No,92434.92,0.0,92434.92
ORD301100,2025-08-05,CUST13130,Customer_13130,North,Vijayawada,Clothing,T-Shirt,2,4165.39,0.1,Credit Card,Returning,No,8330.78,833.0780000000001,7497.702
ORD301101,2024-05-02,CUST12175,Customer_12175,West,Hyderabad,Home & Kitchen,Cookware Set,1,8727.79,0.15,Cash,New,No,8727.79,1309.1685,7418.621500000001
ORD301102,2025-09-05,CUST12523,Customer_12523,East,Kolkata,Home & Kitchen,Storage Box,5,4476.52,0.0,UPI,Returning,No,22382.600000000002,0.0,22382.600000000002
ORD301103,2025-11-03,CUST12041,Customer_12041,South,Mumbai,Sports,Yoga Mat,1,3268.32,0.1,UPI,Returning,No,3268.32,326.83200000000005,2941.4880000000003
ORD301104,2025-12-13,CUST13158,Customer_13158,North,Kolkata,Furniture,Sofa,3,10714.45,0.0,Credit Card,Returning,No,32143.350000000002,0.0,32143.350000000002
ORD301105,2025-12-26,CUST12691,Customer_12691,North,Chennai,Sports,Cricket Bat,3,7639.19,0.15,Debit Card,Returning,No,22917.57,3437.6355,19479.9345
ORD301106,2024-04-29,CUST12748,Customer_12748,West,Pune,Clothing,T-Shirt,3,2851.63,0.0,Credit Card,Returning,No,8554.89,0.0,8554.89
ORD301107,2025-04-17,CUST12241,Customer_12241,East,Kolkata,Sports,Cricket Bat,2,4625.73,0.1,UPI,Returning,No,9251.46,925.146,8326.313999999998
ORD301108,2024-12-25,CUST12235,Customer_12235,West,Kolkata,Sports,Football,4,7927.26,0.25,Credit Card,Returning,Yes,31709.04,7927.26,23781.78
ORD301109,2025-07-24,CUST12102,Customer_12102,West,Kolkata,Sports,Running Shoes,1,3236.51,0.1,Credit Card,New,No,3236.51,323.65100000000007,2912.8590000000004
ORD301110,2024-09-27,CUST13187,Customer_13187,East,Vijayawada,Furniture,Coffee Table,6,24164.13,0.1,UPI,New,No,144984.78,14498.478000000001,130486.302
ORD301111,2025-11-23,CUST12605,Customer_12605,South,Pune,Clothing,Jeans,7,2343.53,0.2,Cash,New,No,16404.710000000003,3280.942000000001,13123.768000000002
ORD301112,2025-12-22,CUST12099,Customer_12099,South,Delhi,Home & Kitchen,Bedsheet,3,11241.16,0.0,Debit Card,New,No,33723.479999999996,0.0,33723.479999999996
ORD301113,2025-10-16,CUST12786,Customer_12786,North,Bengaluru,Electronics,USB Keyboard,6,22339.8,0.1,Credit Card,Returning,Yes,134038.8,13403.88,120634.91999999998
ORD301114,2024-12-11,CUST12416,Customer_12416,West,Bengaluru,Sports,Football,1,2000.89,0.05,Cash,Returning,No,2000.89,100.04450000000001,1900.8455000000001
ORD301115,2024-12-21,CUST12884,Customer_12884,East,Chennai,Home & Kitchen,Water Bottle,7,1204.62,0.0,Cash,New,No,8432.34,0.0,8432.34
ORD301116,2025-08-13,CUST12010,Customer_12010,South,Delhi,Sports,Cricket Bat,5,1497.88,0.0,Credit Card,Returning,No,7489.400000000001,0.0,7489.400000000001
ORD301117,2025-06-16,CUST12798,Customer_12798,East,Kolkata,Furniture,Study Table,5,21543.72,0.1,Cash,Returning,Yes,107718.6,10771.86,96946.74
ORD301118,2024-02-29,CUST12233,Customer_12233,East,Hyderabad,Furniture,Coffee Table,7,11191.23,0.15,Debit Card,New,No,78338.61,11750.7915,66587.8185
ORD301119,2024-02-04,CUST13391,Customer_13391,South,Hyderabad,Furniture,Sofa,3,4334.47,0.05,Net Banking,New,No,13003.41,650.1705000000001,12353.2395
ORD301120,2025-09-24,CUST12033,Customer_12033,South,Pune,Sports,Yoga Mat,5,9069.82,0.05,UPI,Returning,No,45349.1,2267.455,43081.645
ORD301121,2024-05-29,CUST12564,Customer_12564,East,Mumbai,Clothing,Jeans,2,2650.65,0.05,Net Banking,Returning,No,5301.3,265.065,5036.235000000001
ORD301122,2025-05-13,CUST13148,Customer_13148,East,Vijayawada,Electronics,Bluetooth Speaker,4,17774.46,0.2,Debit Card,Returning,No,71097.84,14219.568,56878.272
ORD301123,2024-04-17,CUST12267,Customer_12267,West,Hyderabad,Furniture,Bookshelf,5,27716.87,0.15,Net Banking,Returning,No,138584.35,20787.6525,117796.69750000001
ORD301124,2025-10-23,CUST13032,Customer_13032,South,Kolkata,Electronics,Bluetooth Speaker,3,9149.42,0.1,UPI,Returning,Yes,27448.260000000002,2744.8260000000005,24703.434
ORD301125,2025-03-14,CUST13386,Customer_13386,East,Bengaluru,Clothing,Jacket,2,2245.28,0.05,UPI,Returning,No,4490.56,224.52800000000002,4266.032
ORD301126,2025-03-14,CUST12405,Customer_12405,North,Pune,Clothing,Sneakers,3,5398.62,0.1,Cash,Returning,No,16195.86,1619.5860000000002,14576.274000000001
ORD301127,2024-08-22,CUST12572,Customer_12572,East,Pune,Sports,Yoga Mat,3,3888.34,0.1,Cash,New,No,11665.02,1166.5020000000002,10498.518
ORD301128,2024-04-08,CUST12980,Customer_12980,East,Pune,Furniture,Study Table,2,23767.42,0.0,Cash,New,No,47534.84,0.0,47534.84
ORD301129,2025-08-24,CUST12560,Customer_12560,West,Chennai,Sports,Running Shoes,1,4278.01,0.05,Cash,New,No,4278.01,213.90050000000002,4064.1095
ORD301130,2024-06-10,CUST13007,Customer_13007,South,Kolkata,Sports,Yoga Mat,1,8825.07,0.05,Net Banking,Returning,No,8825.07,441.25350000000003,8383.816499999999
ORD301131,2024-05-08,CUST12669,Customer_12669,East,Mumbai,Electronics,USB Keyboard,1,7661.86,0.05,Cash,Returning,No,7661.86,383.093,7278.767
ORD301132,2025-04-04,CUST12941,Customer_12941,South,Bengaluru,Furniture,Coffee Table,1,26583.99,0.1,Net Banking,Returning,No,26583.99,2658.3990000000003,23925.591
ORD301133,2024-01-03,CUST13117,Customer_13117,East,Pune,Clothing,Formal Shirt,2,3599.16,0.05,Net Banking,Returning,No,7198.32,359.916,6838.4039999999995
ORD301134,2024-04-24,CUST12052,Customer_12052,North,Kolkata,Home & Kitchen,Water Bottle,2,2779.4,0.15,Debit Card,Returning,No,5558.8,833.82,4724.9800000000005
ORD301135,2025-06-09,CUST13234,Customer_13234,South,Delhi,Electronics,Power Bank,5,14981.94,0.0,Credit Card,Returning,No,74909.7,0.0,74909.7
ORD301136,2025-09-20,CUST13088,Customer_13088,West,Delhi,Home & Kitchen,Mixer Grinder,1,11084.5,0.05,UPI,Returning,No,11084.5,554.225,10530.275
ORD301137,2025-04-30,CUST12171,Customer_12171,East,Mumbai,Clothing,Sneakers,7,724.19,0.15,Credit Card,New,No,5069.33,760.3995,4308.9305
ORD301138,2025-08-18,CUST12972,Customer_12972,East,Kolkata,Sports,Cricket Bat,5,8513.44,0.0,UPI,New,No,42567.200000000004,0.0,42567.200000000004
ORD301139,2025-12-18,CUST12844,Customer_12844,South,Pune,Home & Kitchen,Storage Box,2,586.7,0.15,Debit Card,Returning,No,1173.4,176.01000000000002,997.3900000000001
ORD301140,2024-08-12,CUST12338,Customer_12338,East,Bengaluru,Home & Kitchen,Bedsheet,7,2145.09,0.0,Net Banking,Returning,No,15015.630000000001,0.0,15015.630000000001
ORD301141,2024-10-15,CUST12226,Customer_12226,North,Hyderabad,Furniture,Office Chair,2,16363.67,0.05,Debit Card,Returning,Yes,32727.34,1636.3670000000002,31090.972999999998
ORD301142,2024-07-18,CUST12081,Customer_12081,South,Bengaluru,Furniture,Coffee Table,3,24440.29,0.1,Cash,New,No,73320.87,7332.0869999999995,65988.783
ORD301143,2025-02-12,CUST12031,Customer_12031,North,Mumbai,Home & Kitchen,Bedsheet,3,5249.01,0.15,Cash,Returning,No,15747.03,2362.0545,13384.9755
ORD301144,2025-07-15,CUST12340,Customer_12340,West,Pune,Sports,Running Shoes,1,8865.1,0.05,Debit Card,Returning,No,8865.1,443.25500000000005,8421.845000000001
ORD301145,2025-05-07,CUST12956,Customer_12956,East,Mumbai,Sports,Cricket Bat,4,6361.49,0.15,Credit Card,Returning,No,25445.96,3816.894,21629.066
ORD301146,2024-03-03,CUST12391,Customer_12391,West,Bengaluru,Clothing,Sneakers,3,4695.51,0.0,Credit Card,Returning,No,14086.53,0.0,14086.53
ORD301147,2025-08-30,CUST12933,Customer_12933,South,Hyderabad,Clothing,Jeans,2,784.75,0.2,Net Banking,Returning,No,1569.5,313.90000000000003,1255.6
ORD301148,2024-02-19,CUST12652,Customer_12652,East,Vijayawada,Clothing,Jacket,6,1555.36,0.05,Debit Card,Returning,No,9332.16,466.608,8865.552
ORD301149,2024-02-29,CUST12291,Customer_12291,East,Pune,Furniture,Bookshelf,3,21507.07,0.1,Net Banking,Returning,No,64521.21,6452.121,58069.089
ORD301150,2025-10-25,CUST13415,Customer_13415,South,Chennai,Clothing,Jeans,1,2357.39,0.1,Credit Card,Returning,No,2357.39,235.739,2121.651
ORD301151,2024-11-03,CUST12823,Customer_12823,South,Hyderabad,Clothing,Jeans,2,4559.18,0.0,Net Banking,Returning,No,9118.36,0.0,9118.36
ORD301152,2024-10-16,CUST13009,Customer_13009,West,Vijayawada,Home & Kitchen,Storage Box,3,5235.54,0.0,Cash,Returning,No,15706.619999999999,0.0,15706.619999999999
ORD301153,2025-11-18,CUST12389,Customer_12389,North,Hyderabad,Furniture,Office Chair,2,18530.37,0.05,Credit Card,Returning,No,37060.74,1853.037,35207.703
ORD301154,2024-05-14,CUST12168,Customer_12168,East,Pune,Sports,Running Shoes,1,5247.34,0.1,Debit Card,Returning,No,5247.34,524.734,4722.606
ORD301155,2024-06-14,CUST12169,Customer_12169,North,Delhi,Furniture,Coffee Table,3,28424.1,0.15,UPI,New,No,85272.29999999999,12790.844999999998,72481.45499999999
ORD301156,2025-09-05,CUST12275,Customer_12275,East,Delhi,Furniture,Bookshelf,3,13300.64,0.1,Cash,Returning,No,39901.92,3990.192,35911.727999999996
ORD301157,2025-04-08,CUST12413,Customer_12413,North,Kolkata,Clothing,Jeans,2,5615.0,0.05,Credit Card,Returning,Yes,11230.0,561.5,10668.5
ORD301158,2025-12-24,CUST12068,Customer_12068,South,Vijayawada,Furniture,Study Table,2,27775.88,0.05,UPI,New,Yes,55551.76,2777.588,52774.172
ORD301159,2025-07-28,CUST12408,Customer_12408,West,Bengaluru,Clothing,T-Shirt,1,2167.89,0.05,Net Banking,New,No,2167.89,108.3945,2059.4955
ORD301160,2024-08-01,CUST13389,Customer_13389,West,Delhi,Clothing,Sneakers,2,1239.19,0.0,UPI,New,No,2478.38,0.0,2478.38
ORD301161,2025-05-28,CUST13497,Customer_13497,South,Bengaluru,Sports,Running Shoes,2,509.24,0.1,Net Banking,Returning,No,1018.48,101.84800000000001,916.6320000000001
ORD301162,2025-02-09,CUST12522,Customer_12522,North,Delhi,Furniture,Sofa,1,24008.08,0.15,Cash,Returning,No,24008.08,3601.212,20406.868000000002
ORD301163,2024-06-28,CUST13153,Customer_13153,North,Vijayawada,Furniture,Study Table,7,6074.95,0.1,UPI,New,No,42524.65,4252.465,38272.185
ORD301164,2024-06-17,CUST13152,Customer_13152,North,Hyderabad,Furniture,Coffee Table,3,18910.34,0.05,Net Banking,New,No,56731.020000000004,2836.5510000000004,53894.469000000005
ORD301165,2024-08-28,CUST13195,Customer_13195,East,Delhi,Home & Kitchen,Mixer Grinder,6,2195.68,0.2,Net Banking,Returning,No,13174.079999999998,2634.816,10539.264
ORD301166,2025-07-27,CUST13151,Customer_13151,West,Delhi,Furniture,Coffee Table,3,9403.07,0.0,UPI,New,No,28209.21,0.0,28209.21
ORD301167,2025-11-18,CUST13430,Customer_13430,West,Hyderabad,Furniture,Sofa,2,7254.64,0.15,UPI,Returning,No,14509.28,2176.392,12332.888
ORD301168,2025-12-16,CUST13306,Customer_13306,East,Mumbai,Home & Kitchen,Water Bottle,2,5978.15,0.1,Net Banking,New,No,11956.3,1195.6299999999999,10760.67
ORD301169,2024-03-19,CUST13408,Customer_13408,North,Hyderabad,Sports,Running Shoes,5,3047.64,0.15,Debit Card,New,No,15238.199999999999,2285.7299999999996,12952.47
ORD301170,2024-06-17,CUST13435,Customer_13435,South,Mumbai,Electronics,USB Keyboard,1,14925.53,0.1,UPI,Returning,No,14925.53,1492.553,13432.977
ORD301171,2025-08-29,CUST13476,Customer_13476,West,Delhi,Electronics,Wireless Headphones,2,6237.49,0.15,UPI,Returning,Yes,12474.98,1871.2469999999998,10603.733
ORD301172,2025-04-04,CUST12109,Customer_12109,West,Hyderabad,Electronics,Power Bank,7,22060.65,0.1,Net Banking,New,Yes,154424.55000000002,15442.455000000002,138982.09500000003
ORD301173,2024-06-14,CUST12440,Customer_12440,North,Chennai,Sports,Yoga Mat,5,7839.47,0.05,Credit Card,Returning,Yes,39197.35,1959.8675,37237.4825
ORD301174,2024-01-06,CUST13192,Customer_13192,North,Bengaluru,Electronics,Wireless Headphones,3,4304.25,0.1,Net Banking,New,No,12912.75,1291.275,11621.475
ORD301175,2025-09-15,CUST12468,Customer_12468,East,Kolkata,Sports,Football,2,5333.85,0.0,Cash,Returning,No,10667.7,0.0,10667.7
ORD301176,2024-04-20,CUST12223,Customer_12223,North,Pune,Electronics,Bluetooth Speaker,1,6527.96,0.2,Credit Card,Returning,No,6527.96,1305.592,5222.368
ORD301177,2024-04-11,CUST13213,Customer_13213,East,Hyderabad,Sports,Football,1,8114.75,0.05,Credit Card,New,No,8114.75,405.7375,7709.0125
ORD301178,2024-08-25,CUST13280,Customer_13280,West,Kolkata,Home & Kitchen,Mixer Grinder,5,9852.64,0.0,Debit Card,Returning,No,49263.2,0.0,49263.2
ORD301179,2024-01-12,CUST12455,Customer_12455,South,Mumbai,Furniture,Office Chair,3,10761.61,0.1,Credit Card,New,No,32284.83,3228.483,29056.347
ORD301180,2025-01-26,CUST12385,Customer_12385,East,Bengaluru,Furniture,Coffee Table,3,3483.56,0.15,Credit Card,Returning,No,10450.68,1567.602,8883.078
ORD301181,2025-10-24,CUST12679,Customer_12679,West,Kolkata,Furniture,Sofa,3,10210.69,0.05,Cash,Returning,No,30632.07,1531.6035000000002,29100.4665
ORD301182,2024-09-16,CUST12854,Customer_12854,West,Hyderabad,Home & Kitchen,Cookware Set,1,1183.12,0.15,Net Banking,Returning,No,1183.12,177.468,1005.6519999999999
ORD301183,2024-05-13,CUST12918,Customer_12918,South,Kolkata,Clothing,Sneakers,1,2804.24,0.0,Debit Card,New,No,2804.24,0.0,2804.24
ORD301184,2025-04-07,CUST12443,Customer_12443,North,Delhi,Electronics,Bluetooth Speaker,2,22442.07,0.1,Net Banking,New,No,44884.14,4488.414,40395.726
ORD301185,2024-12-16,CUST12022,Customer_12022,West,Hyderabad,Furniture,Study Table,1,28094.52,0.05,Debit Card,Returning,No,28094.52,1404.726,26689.794
ORD301186,2024-07-15,CUST13043,Customer_13043,North,Bengaluru,Home & Kitchen,Storage Box,3,1137.93,0.1,UPI,New,No,3413.79,341.379,3072.411
ORD301187,2024-07-06,CUST13345,Customer_13345,West,Chennai,Home & Kitchen,Storage Box,2,10297.51,0.1,Debit Card,New,No,20595.02,2059.502,18535.518
ORD301188,2025-02-05,CUST12945,Customer_12945,East,Bengaluru,Electronics,Power Bank,1,16875.65,0.05,Credit Card,Returning,No,16875.65,843.7825000000001,16031.867500000002
ORD301189,2024-08-31,CUST13032,Customer_13032,East,Vijayawada,Clothing,Jacket,3,3828.58,0.15,Cash,Returning,No,11485.74,1722.8609999999999,9762.879
ORD301190,2025-04-26,CUST12254,Customer_12254,South,Chennai,Home & Kitchen,Cookware Set,2,2816.44,0.2,UPI,Returning,No,5632.88,1126.576,4506.304
ORD301191,2024-02-28,CUST13223,Customer_13223,East,Vijayawada,Home & Kitchen,Mixer Grinder,5,2908.1,0.0,Credit Card,New,No,14540.5,0.0,14540.5
ORD301192,2025-09-20,CUST12631,Customer_12631,South,Hyderabad,Electronics,USB Keyboard,2,7714.24,0.15,Cash,Returning,No,15428.48,2314.272,13114.207999999999
ORD301193,2024-08-01,CUST13108,Customer_13108,North,Delhi,Furniture,Study Table,2,20943.32,0.05,Debit Card,Returning,No,41886.64,2094.332,39792.308
ORD301194,2025-11-15,CUST12483,Customer_12483,East,Bengaluru,Electronics,Wireless Headphones,1,5047.65,0.05,Cash,Returning,No,5047.65,252.3825,4795.2675
ORD301195,2024-04-04,CUST13332,Customer_13332,West,Bengaluru,Furniture,Bookshelf,2,11513.69,0.05,UPI,Returning,No,23027.38,1151.3690000000001,21876.011000000002
ORD301196,2024-07-29,CUST12344,Customer_12344,South,Chennai,Clothing,Jacket,3,5422.37,0.05,Debit Card,New,No,16267.11,813.3555000000001,15453.754500000001
ORD301197,2025-09-01,CUST12791,Customer_12791,East,Vijayawada,Sports,Cricket Bat,3,6866.91,0.1,Debit Card,Returning,No,20600.73,2060.073,18540.657
ORD301198,2024-12-24,CUST12171,Customer_12171,South,Delhi,Electronics,Wireless Headphones,2,16775.34,,Cash,Returning,No,33550.68,0.0,33550.68
ORD301199,2025-07-08,CUST12026,Customer_12026,East,Hyderabad,Clothing,Formal Shirt,2,684.68,0.15,UPI,New,Yes,1369.36,205.40399999999997,1163.956
ORD301200,2025-06-18,CUST12401,Customer_12401,South,Kolkata,Sports,Dumbbells,1,4297.53,0.15,Cash,Returning,No,4297.53,644.6294999999999,3652.9004999999997
ORD301201,2025-12-26,CUST13157,Customer_13157,East,Bengaluru,Electronics,Wireless Headphones,1,18396.27,0.1,Cash,New,No,18396.27,1839.6270000000002,16556.643
ORD301202,2024-06-04,CUST12293,Customer_12293,South,,Sports,Running Shoes,1,4265.99,0.15,UPI,Returning,No,4265.99,639.8984999999999,3626.0915
ORD301203,2025-05-28,CUST13210,Customer_13210,West,Chennai,Sports,Cricket Bat,5,8154.53,0.1,Net Banking,Returning,No,40772.65,4077.2650000000003,36695.385
ORD301204,2024-06-29,CUST13155,Customer_13155,North,Mumbai,Furniture,Study Table,2,12261.82,0.05,Net Banking,New,Yes,24523.64,1226.182,23297.458
ORD301205,2024-06-25,CUST13061,Customer_13061,West,Chennai,Electronics,Power Bank,2,19583.27,0.0,Credit Card,New,No,39166.54,0.0,39166.54
ORD301206,2025-01-10,CUST13237,Customer_13237,West,Bengaluru,Electronics,Wireless Headphones,1,10000.93,0.0,Credit Card,Returning,No,10000.93,0.0,10000.93
ORD301207,2025-04-02,CUST13433,Customer_13433,South,Delhi,Sports,Running Shoes,4,811.3,0.15,Cash,Returning,No,3245.2,486.78,2758.42
ORD301208,2024-05-02,CUST12391,Customer_12391,North,Pune,Clothing,Jacket,5,599.63,0.05,Net Banking,New,No,2998.15,149.9075,2848.2425000000003
ORD301209,2025-06-23,CUST13233,Customer_13233,South,Mumbai,Sports,Football,4,1785.42,0.1,Net Banking,Returning,No,7141.68,714.1680000000001,6427.512000000001
ORD301210,2024-11-12,CUST12746,Customer_12746,South,Mumbai,Furniture,Office Chair,2,9128.61,0.05,UPI,New,No,18257.22,912.8610000000001,17344.359
ORD301211,2024-09-03,CUST12538,Customer_12538,South,Vijayawada,Clothing,Formal Shirt,4,2619.54,0.0,Net Banking,Returning,No,10478.16,0.0,10478.16
ORD301212,2024-12-31,CUST12331,Customer_12331,North,Vijayawada,Furniture,Office Chair,1,27013.21,0.2,UPI,New,No,27013.21,5402.642,21610.568
ORD301213,2024-04-22,CUST13062,Customer_13062,South,Chennai,Furniture,Bookshelf,1,18026.2,0.1,Credit Card,Returning,No,18026.2,1802.6200000000001,16223.58
ORD301214,2025-01-17,CUST13102,Customer_13102,West,Hyderabad,Sports,Running Shoes,5,1506.31,0.1,Debit Card,New,Yes,7531.549999999999,753.155,6778.3949999999995
ORD301215,2025-12-17,CUST12346,Customer_12346,North,Mumbai,Home & Kitchen,Water Bottle,4,8580.81,0.0,UPI,New,No,34323.24,0.0,34323.24
ORD301216,2024-02-15,CUST12533,Customer_12533,South,Kolkata,Electronics,Bluetooth Speaker,2,2557.11,0.15,Cash,New,No,5114.22,767.133,4347.087
ORD301217,2024-07-20,CUST13328,Customer_13328,South,Kolkata,Electronics,Power Bank,4,6451.34,0.0,UPI,New,No,25805.36,0.0,25805.36
ORD301218,2025-10-10,CUST13379,Customer_13379,West,Vijayawada,Electronics,Smart Watch,1,15587.0,0.1,Debit Card,New,No,15587.0,1558.7,14028.3
ORD301219,2025-06-14,CUST12001,Customer_12001,South,Delhi,Sports,Running Shoes,2,2164.85,0.05,UPI,New,No,4329.7,216.485,4113.215
ORD301220,2024-02-09,CUST12947,Customer_12947,West,Mumbai,Electronics,Wireless Headphones,3,11166.61,0.1,Cash,New,No,33499.83,3349.983,30149.847
ORD301221,2025-04-02,CUST12492,Customer_12492,South,Pune,Furniture,Study Table,3,12636.11,0.0,Credit Card,Returning,No,37908.33,0.0,37908.33
ORD301222,2025-05-20,CUST12781,Customer_12781,East,Bengaluru,Electronics,Wireless Headphones,3,3405.08,0.2,Credit Card,New,No,10215.24,2043.048,8172.192
ORD301223,2025-03-19,CUST12352,Customer_12352,East,Hyderabad,Electronics,USB Keyboard,6,1388.61,0.15,Net Banking,New,No,8331.66,1249.749,7081.911
ORD301224,2025-11-25,CUST13162,Customer_13162,East,Mumbai,Electronics,Bluetooth Speaker,1,5108.31,0.0,Cash,Returning,No,5108.31,0.0,5108.31
ORD301225,2025-06-19,CUST12128,Customer_12128,East,Hyderabad,Sports,Running Shoes,2,6096.68,0.05,UPI,Returning,No,12193.36,609.668,11583.692000000001
ORD301226,2024-06-11,CUST12619,Customer_12619,South,Pune,Home & Kitchen,Water Bottle,1,10191.45,0.0,Net Banking,New,No,10191.45,0.0,10191.45
ORD301227,2025-05-02,CUST13120,Customer_13120,South,Hyderabad,Sports,Football,2,3032.6,0.15,Debit Card,New,No,6065.2,909.78,5155.42
ORD301228,2025-11-23,CUST13167,Customer_13167,East,Mumbai,Electronics,Wireless Headphones,3,6515.24,0.25,Debit Card,Returning,No,19545.72,4886.43,14659.29
ORD301229,2025-02-17,CUST12481,Customer_12481,South,Bengaluru,Furniture,Sofa,1,16125.22,0.0,UPI,New,No,16125.22,0.0,16125.22
ORD301230,2024-05-25,CUST12026,Customer_12026,North,Kolkata,Clothing,Jeans,1,2792.64,0.15,UPI,New,No,2792.64,418.89599999999996,2373.7439999999997
ORD301231,2025-11-21,CUST12453,Customer_12453,East,Pune,Sports,Football,6,9393.45,0.05,Cash,New,No,56360.700000000004,2818.0350000000003,53542.665
ORD301232,2025-07-31,CUST13027,Customer_13027,South,Chennai,Clothing,Jeans,2,888.68,0.05,Debit Card,Returning,No,1777.36,88.868,1688.492
ORD301233,2025-08-19,CUST12883,Customer_12883,North,Hyderabad,Clothing,Sneakers,3,2201.75,0.05,Cash,Returning,No,6605.25,330.26250000000005,6274.9875
ORD301234,2024-01-31,CUST12897,Customer_12897,West,Delhi,Clothing,Jacket,2,1985.77,0.15,UPI,Returning,No,3971.54,595.731,3375.809
ORD301235,2025-10-10,CUST13425,Customer_13425,East,Chennai,Electronics,USB Keyboard,1,16235.7,0.25,Credit Card,Returning,No,16235.7,4058.925,12176.775000000001
ORD301236,2025-08-08,CUST12394,Customer_12394,West,Kolkata,Clothing,Formal Shirt,4,3812.17,0.05,Cash,Returning,No,15248.68,762.4340000000001,14486.246000000001
ORD301237,2025-10-27,CUST12091,Customer_12091,West,Hyderabad,Furniture,Office Chair,5,18579.96,0.05,Debit Card,Returning,No,92899.79999999999,4644.99,88254.80999999998
ORD301238,2024-04-21,CUST12618,Customer_12618,East,Bengaluru,Clothing,Jeans,3,4380.95,0.1,Cash,Returning,No,13142.849999999999,1314.2849999999999,11828.564999999999
ORD301239,2025-02-17,CUST12424,Customer_12424,South,Mumbai,Furniture,Sofa,1,17065.27,0.05,Net Banking,Returning,No,17065.27,853.2635,16212.0065
ORD301240,2025-03-22,CUST13376,Customer_13376,East,Bengaluru,Home & Kitchen,Cookware Set,1,4557.24,0.15,Debit Card,Returning,No,4557.24,683.5859999999999,3873.654
ORD301241,2024-02-26,CUST13226,Customer_13226,West,Mumbai,Electronics,USB Keyboard,1,5680.77,0.05,UPI,Returning,Yes,5680.77,284.03850000000006,5396.731500000001
ORD301242,2025-04-18,CUST12748,Customer_12748,South,Hyderabad,Electronics,USB Keyboard,2,7390.06,0.15,UPI,Returning,Yes,14780.12,2217.018,12563.102
ORD301243,2024-06-22,CUST12447,Customer_12447,East,Bengaluru,Furniture,Coffee Table,1,5853.15,0.0,Cash,Returning,No,5853.15,0.0,5853.15
ORD301244,2024-01-19,CUST13299,Customer_13299,West,Chennai,Electronics,Bluetooth Speaker,1,5117.02,0.1,Cash,New,No,5117.02,511.70200000000006,4605.318
ORD301245,2025-10-28,CUST13031,Customer_13031,West,Kolkata,Home & Kitchen,Water Bottle,3,2112.57,0.1,Debit Card,Returning,No,6337.710000000001,633.7710000000002,5703.939
ORD301246,2025-03-15,CUST12100,Customer_12100,South,Chennai,Home & Kitchen,Mixer Grinder,2,9714.8,0.05,Net Banking,Returning,No,19429.6,971.48,18458.12
ORD301247,2025-01-27,CUST12168,Customer_12168,West,Vijayawada,Electronics,Power Bank,1,19576.02,0.05,Debit Card,Returning,No,19576.02,978.801,18597.219
ORD301248,2024-01-10,CUST13288,Customer_13288,West,Hyderabad,Sports,Running Shoes,3,1430.64,0.0,Net Banking,Returning,No,4291.92,0.0,4291.92
ORD301249,2024-09-01,CUST13140,Customer_13140,South,Kolkata,Clothing,Formal Shirt,2,925.43,0.1,Net Banking,New,No,1850.86,185.086,1665.774
ORD301250,2025-01-12,CUST13043,Customer_13043,West,Bengaluru,Clothing,T-Shirt,6,4660.14,0.1,UPI,New,No,27960.840000000004,2796.0840000000007,25164.756
ORD301251,2025-10-24,CUST12515,Customer_12515,East,Mumbai,Sports,Running Shoes,2,1365.22,0.15,Credit Card,Returning,No,2730.44,409.566,2320.8740000000003
ORD301252,2025-12-22,CUST12735,Customer_12735,East,Delhi,Home & Kitchen,Bedsheet,3,7708.26,0.1,Cash,New,No,23124.78,2312.478,20812.302
ORD301253,2025-02-19,CUST12739,Customer_12739,East,Pune,Clothing,Sneakers,1,3888.98,0.2,UPI,New,No,3888.98,777.796,3111.184
ORD301254,2024-12-29,CUST13328,Customer_13328,North,Kolkata,Sports,Cricket Bat,5,5011.02,0.0,Cash,Returning,No,25055.100000000002,0.0,25055.100000000002
ORD301255,2024-12-08,CUST12475,Customer_12475,North,Chennai,Furniture,Office Chair,6,28302.88,0.15,UPI,New,Yes,169817.28,25472.592,144344.688
ORD301256,2025-11-14,CUST12837,Customer_12837,North,Hyderabad,Sports,Dumbbells,1,3297.61,0.1,Credit Card,New,No,3297.61,329.761,2967.849
ORD301257,2024-09-21,CUST12843,Customer_12843,East,Hyderabad,Sports,Cricket Bat,4,1596.5,0.1,Credit Card,Returning,No,6386.0,638.6,5747.4
ORD301258,2024-04-14,CUST13404,Customer_13404,South,Mumbai,Electronics,USB Keyboard,2,22602.64,0.1,Net Banking,New,No,45205.28,4520.528,40684.752
ORD301259,2025-09-12,CUST12796,Customer_12796,East,Bengaluru,Furniture,Bookshelf,2,19042.11,0.05,Net Banking,New,No,38084.22,1904.2110000000002,36180.009
ORD301260,2024-04-28,CUST12868,Customer_12868,West,Vijayawada,Sports,Cricket Bat,4,5494.86,0.15,UPI,Returning,No,21979.44,3296.9159999999997,18682.523999999998
ORD301261,2025-04-09,CUST12892,Customer_12892,North,Hyderabad,Sports,Football,1,4116.37,0.05,Debit Card,New,No,4116.37,205.8185,3910.5515
ORD301262,2024-05-04,CUST13301,Customer_13301,East,Pune,Sports,Football,2,4060.08,0.0,Debit Card,Returning,No,8120.16,0.0,8120.16
ORD301263,2025-03-04,CUST12755,Customer_12755,South,Kolkata,Furniture,Study Table,1,9816.87,0.25,Credit Card,Returning,No,9816.87,2454.2175,7362.6525
ORD301264,2025-06-30,CUST12574,Customer_12574,West,Pune,Furniture,Study Table,1,17098.18,0.1,Cash,Returning,No,17098.18,1709.8180000000002,15388.362000000001
ORD301265,2024-05-19,CUST12224,Customer_12224,South,Chennai,Electronics,Power Bank,1,12093.11,0.1,Net Banking,New,No,12093.11,1209.3110000000001,10883.799
ORD301266,2024-03-28,CUST13384,Customer_13384,West,Chennai,Furniture,Sofa,4,6388.04,0.1,Cash,New,No,25552.16,2555.2160000000003,22996.944
ORD301267,2025-03-29,CUST12381,Customer_12381,East,Bengaluru,Home & Kitchen,Water Bottle,4,7659.59,0.05,Net Banking,Returning,No,30638.36,1531.9180000000001,29106.442
ORD301268,2025-10-29,CUST12296,Customer_12296,North,Kolkata,Clothing,Sneakers,5,1293.5,0.0,Credit Card,Returning,No,6467.5,0.0,6467.5
ORD301269,2025-02-26,CUST12467,Customer_12467,East,Chennai,Clothing,Jacket,2,3959.11,0.05,Credit Card,Returning,Yes,7918.22,395.91100000000006,7522.309
ORD301270,2025-07-15,CUST13420,Customer_13420,North,Hyderabad,Sports,Dumbbells,7,7039.44,0.15,UPI,Returning,No,49276.079999999994,7391.411999999998,41884.668
ORD301271,2025-10-16,CUST13144,Customer_13144,West,Kolkata,Sports,Running Shoes,4,2231.6,0.05,Net Banking,New,No,8926.4,446.32,8480.08
ORD301272,2024-11-26,CUST12716,Customer_12716,South,Pune,Electronics,Bluetooth Speaker,1,22914.38,0.1,Net Banking,New,No,22914.38,2291.438,20622.942000000003
ORD301273,2024-04-02,CUST13010,Customer_13010,West,Hyderabad,Furniture,Office Chair,1,16144.14,0.15,UPI,Returning,No,16144.14,2421.6209999999996,13722.519
ORD301274,2024-02-14,CUST13169,Customer_13169,West,Hyderabad,Clothing,T-Shirt,1,3698.32,0.25,Credit Card,Returning,No,3698.32,924.58,2773.7400000000002
ORD301275,2024-04-24,CUST12025,Customer_12025,South,Mumbai,Furniture,Bookshelf,2,11195.8,0.1,Net Banking,New,No,22391.6,2239.16,20152.44
ORD301276,2025-04-05,CUST12347,Customer_12347,West,Vijayawada,Furniture,Sofa,4,23418.54,0.1,Cash,New,No,93674.16,9367.416000000001,84306.744
ORD301277,2024-09-13,CUST12865,Customer_12865,South,Hyderabad,Furniture,Office Chair,1,7048.66,0.1,Debit Card,Returning,Yes,7048.66,704.866,6343.794
ORD301278,2025-07-09,CUST12781,Customer_12781,West,Bengaluru,Sports,Cricket Bat,5,1398.48,0.0,Debit Card,Returning,No,6992.4,0.0,6992.4
ORD301279,2025-04-04,CUST12738,Customer_12738,East,Chennai,Home & Kitchen,Cookware Set,3,642.42,0.1,Credit Card,Returning,Yes,1927.2599999999998,192.726,1734.5339999999997
ORD301280,2025-01-11,CUST13249,Customer_13249,East,Mumbai,Electronics,Power Bank,2,16048.57,0.15,Credit Card,Returning,No,32097.14,4814.571,27282.569
ORD301281,2024-08-28,CUST13040,Customer_13040,North,Pune,Sports,Dumbbells,2,2931.85,0.1,Cash,Returning,No,5863.7,586.37,5277.33
ORD301282,2025-12-24,CUST12716,Customer_12716,North,Delhi,Home & Kitchen,Storage Box,1,5912.15,0.1,Debit Card,New,No,5912.15,591.215,5320.9349999999995
ORD301283,2025-11-04,CUST12284,Customer_12284,North,Kolkata,Furniture,Sofa,2,20042.25,0.0,Debit Card,New,No,40084.5,0.0,40084.5
ORD301284,2024-09-28,CUST13412,Customer_13412,East,Bengaluru,Home & Kitchen,Mixer Grinder,2,10120.22,0.1,UPI,Returning,No,20240.44,2024.0439999999999,18216.396
ORD301285,2024-09-18,CUST13202,Customer_13202,East,Delhi,Electronics,Wireless Headphones,1,3536.93,0.05,UPI,Returning,No,3536.93,176.8465,3360.0834999999997
ORD301286,2025-07-07,CUST13094,Customer_13094,North,Hyderabad,Clothing,T-Shirt,1,2256.3,0.1,Credit Card,New,No,2256.3,225.63000000000002,2030.67
ORD301287,2025-09-21,CUST12532,Customer_12532,North,Pune,Home & Kitchen,Storage Box,2,3906.03,0.1,Debit Card,Returning,No,7812.06,781.2060000000001,7030.854
ORD301288,2025-12-28,CUST12831,Customer_12831,North,Chennai,Home & Kitchen,Cookware Set,6,5999.9,0.1,Debit Card,Returning,No,35999.399999999994,3599.9399999999996,32399.459999999995
ORD301289,2024-06-05,CUST13240,Customer_13240,South,Hyderabad,Sports,Running Shoes,1,4265.42,0.15,UPI,Returning,No,4265.42,639.813,3625.607
ORD301290,2025-05-03,CUST12539,Customer_12539,North,Kolkata,Electronics,Wireless Headphones,6,10136.92,0.1,Net Banking,New,No,60821.520000000004,6082.152000000001,54739.368
ORD301291,2024-02-05,CUST12047,Customer_12047,West,Delhi,Electronics,USB Keyboard,1,22692.01,0.05,Credit Card,New,No,22692.01,1134.6005,21557.409499999998
ORD301292,2024-02-19,CUST12756,Customer_12756,West,Chennai,Sports,Yoga Mat,4,3671.21,0.1,Debit Card,Returning,No,14684.84,1468.4840000000002,13216.356
ORD301293,2025-07-30,CUST13292,Customer_13292,North,Chennai,Electronics,Power Bank,2,20145.75,0.05,UPI,Returning,No,40291.5,2014.575,38276.925
ORD301294,2025-08-16,CUST13488,Customer_13488,East,Kolkata,Home & Kitchen,Storage Box,1,8809.21,0.2,Net Banking,Returning,No,8809.21,1761.8419999999999,7047.3679999999995
ORD301295,2025-03-25,CUST12556,Customer_12556,West,Bengaluru,Home & Kitchen,Water Bottle,4,1263.56,0.2,Credit Card,Returning,No,5054.24,1010.848,4043.392
ORD301296,2025-11-11,CUST13455,Customer_13455,North,Pune,Clothing,Formal Shirt,2,5604.67,0.0,Net Banking,New,No,11209.34,0.0,11209.34
ORD301297,2024-12-08,CUST13375,Customer_13375,West,Chennai,Home & Kitchen,Bedsheet,2,438.99,0.1,Cash,New,No,877.98,87.798,790.182
ORD301298,2025-02-10,CUST12090,Customer_12090,North,Delhi,Furniture,Sofa,4,2205.52,0.15,Cash,Returning,No,8822.08,1323.312,7498.768
ORD301299,2025-12-25,CUST13193,Customer_13193,South,Delhi,Furniture,Office Chair,2,19236.92,0.0,Credit Card,Returning,No,38473.84,0.0,38473.84
ORD301300,2024-05-26,CUST12665,Customer_12665,West,Bengaluru,Sports,Football,4,570.33,0.15,Cash,New,No,2281.32,342.19800000000004,1939.122
ORD301301,2024-09-04,CUST12522,Customer_12522,West,Mumbai,Sports,Yoga Mat,2,5602.0,0.05,Net Banking,New,No,11204.0,560.2,10643.8
ORD301302,2025-10-28,CUST12716,Customer_12716,South,Delhi,Furniture,Office Chair,1,15677.79,0.25,Credit Card,New,No,15677.79,3919.4475,11758.3425
ORD301303,2025-02-24,CUST12161,Customer_12161,West,Pune,Furniture,Bookshelf,3,20117.88,0.1,Credit Card,New,No,60353.64,6035.3640000000005,54318.276
ORD301304,2025-01-27,CUST12622,Customer_12622,East,Bengaluru,Home & Kitchen,Water Bottle,2,7726.68,0.15,Debit Card,Returning,No,15453.36,2318.004,13135.356
ORD301305,2025-05-14,CUST12182,Customer_12182,East,Hyderabad,Furniture,Bookshelf,1,15246.55,0.0,Credit Card,Returning,No,15246.55,0.0,15246.55
ORD301306,2024-12-25,CUST12863,Customer_12863,West,Delhi,Electronics,USB Keyboard,2,17688.77,0.05,Credit Card,New,No,35377.54,1768.8770000000002,33608.663
ORD301307,2024-09-27,CUST12048,Customer_12048,South,Delhi,Sports,Football,7,4875.01,0.05,Credit Card,Returning,No,34125.07,1706.2535,32418.8165
ORD301308,2025-09-24,CUST13474,Customer_13474,North,Kolkata,Sports,Cricket Bat,4,7306.55,0.05,Credit Card,Returning,No,29226.2,1461.3100000000002,27764.89
ORD301309,2025-05-14,CUST12636,Customer_12636,West,Chennai,Clothing,Jacket,2,4254.46,0.05,Debit Card,Returning,No,8508.92,425.446,8083.474
ORD301310,2025-01-22,CUST12363,Customer_12363,South,Pune,Home & Kitchen,Mixer Grinder,2,10353.25,0.15,UPI,Returning,No,20706.5,3105.975,17600.525
ORD301311,2025-02-07,CUST12777,Customer_12777,East,Vijayawada,Sports,Football,3,5714.94,0.1,UPI,New,No,17144.82,1714.482,15430.338
ORD301312,2025-05-29,CUST12898,Customer_12898,East,Kolkata,Home & Kitchen,Mixer Grinder,4,5695.45,0.2,Debit Card,Returning,No,22781.8,4556.36,18225.44
ORD301313,2024-05-04,CUST12502,Customer_12502,West,Delhi,Electronics,Power Bank,2,7866.73,0.15,Debit Card,Returning,Yes,15733.46,2360.019,13373.440999999999
ORD301314,2025-10-08,CUST12188,Customer_12188,East,Pune,Electronics,Bluetooth Speaker,4,12776.88,0.15,Debit Card,New,No,51107.52,7666.127999999999,43441.392
ORD301315,2025-10-30,CUST13269,Customer_13269,South,Chennai,Clothing,T-Shirt,5,3739.35,0.15,Credit Card,New,Yes,18696.75,2804.5125,15892.2375
ORD301316,2025-10-28,CUST12517,Customer_12517,West,Pune,Electronics,Power Bank,3,12106.39,0.0,Debit Card,Returning,No,36319.17,0.0,36319.17
ORD301317,2024-01-27,CUST13211,Customer_13211,East,Mumbai,Home & Kitchen,Bedsheet,4,8984.68,0.05,Cash,Returning,No,35938.72,1796.9360000000001,34141.784
ORD301318,2025-06-18,CUST12695,Customer_12695,East,Vijayawada,Sports,Dumbbells,1,8940.91,0.05,UPI,New,No,8940.91,447.0455,8493.8645
ORD301319,2025-12-16,CUST12514,Customer_12514,North,Chennai,Furniture,Office Chair,3,26316.42,0.15,Debit Card,New,No,78949.26,11842.389,67106.871
ORD301320,2024-10-08,CUST12616,Customer_12616,North,Bengaluru,Electronics,Wireless Headphones,1,7466.86,0.05,Net Banking,New,No,7466.86,373.343,7093.517
ORD301321,2025-02-16,CUST13048,Customer_13048,West,Bengaluru,Home & Kitchen,Storage Box,3,4871.38,0.1,Debit Card,Returning,Yes,14614.14,1461.414,13152.725999999999
ORD301322,2025-11-17,CUST12360,Customer_12360,West,Hyderabad,Sports,Dumbbells,2,7417.2,0.0,Cash,New,No,14834.4,0.0,14834.4
ORD301323,2025-12-31,CUST13338,Customer_13338,East,Delhi,Home & Kitchen,Mixer Grinder,3,10090.88,0.2,Cash,New,No,30272.64,6054.528,24218.112
ORD301324,2024-04-16,CUST12757,Customer_12757,South,Hyderabad,Electronics,Power Bank,2,21248.47,0.1,UPI,New,No,42496.94,4249.694,38247.246
ORD301325,2025-07-22,CUST12583,Customer_12583,East,Bengaluru,Furniture,Study Table,4,25451.63,0.0,Cash,New,No,101806.52,0.0,101806.52
ORD301326,2024-10-31,CUST13354,Customer_13354,North,Pune,Sports,Dumbbells,5,7724.13,0.15,UPI,Returning,No,38620.65,5793.0975,32827.552500000005
ORD301327,2024-02-18,CUST12536,Customer_12536,West,Pune,Sports,Cricket Bat,4,4221.24,0.1,Cash,Returning,No,16884.96,1688.496,15196.464
ORD301328,2024-04-02,CUST12971,Customer_12971,North,Chennai,Clothing,Jacket,5,4142.51,0.0,Credit Card,Returning,No,20712.550000000003,0.0,20712.550000000003
ORD301329,2024-09-21,CUST12883,Customer_12883,West,Mumbai,Sports,Dumbbells,5,5322.49,0.15,Debit Card,Returning,No,26612.449999999997,3991.8674999999994,22620.582499999997
ORD301330,2024-04-17,CUST12291,Customer_12291,East,Mumbai,Home & Kitchen,Cookware Set,5,8124.38,0.15,Cash,Returning,No,40621.9,6093.285,34528.615000000005
ORD301331,2024-01-06,CUST13054,Customer_13054,East,Hyderabad,Clothing,T-Shirt,5,3654.25,0.1,Cash,Returning,No,18271.25,1827.125,16444.125
ORD301332,2024-08-24,CUST13070,Customer_13070,South,Chennai,Electronics,Smart Watch,4,10256.3,0.05,Cash,New,No,41025.2,2051.2599999999998,38973.939999999995
ORD301333,2025-10-24,CUST12478,Customer_12478,North,Mumbai,Furniture,Coffee Table,4,2661.51,0.0,Debit Card,Returning,No,10646.04,0.0,10646.04
ORD301334,2024-12-13,CUST13212,Customer_13212,South,Pune,Electronics,Bluetooth Speaker,5,15005.78,0.0,Debit Card,New,No,75028.90000000001,0.0,75028.90000000001
ORD301335,2024-10-04,CUST12611,Customer_12611,North,Vijayawada,Home & Kitchen,Mixer Grinder,3,10221.29,0.1,UPI,New,No,30663.870000000003,3066.3870000000006,27597.483
ORD301336,2024-04-14,CUST13229,Customer_13229,East,Pune,Furniture,Study Table,1,15454.06,0.2,UPI,Returning,No,15454.06,3090.812,12363.248
ORD301337,2025-11-16,CUST12617,Customer_12617,North,Bengaluru,Clothing,Jacket,6,2589.95,0.1,Cash,Returning,No,15539.699999999999,1553.97,13985.73
ORD301338,2024-06-02,CUST12054,Customer_12054,North,Mumbai,Electronics,Smart Watch,1,21409.64,0.15,UPI,New,No,21409.64,3211.446,18198.194
ORD301339,2024-04-18,CUST12176,Customer_12176,South,Delhi,Home & Kitchen,Bedsheet,3,6072.07,0.05,Cash,Returning,No,18216.21,910.8105,17305.3995
ORD301340,2024-07-08,CUST12682,Customer_12682,East,Mumbai,Sports,Football,1,1924.22,0.15,Credit Card,Returning,Yes,1924.22,288.633,1635.587
ORD301341,2025-07-07,CUST12682,Customer_12682,North,Pune,Electronics,USB Keyboard,2,20215.71,0.05,Cash,Returning,No,40431.42,2021.571,38409.849
ORD301342,2024-07-12,CUST13055,Customer_13055,West,Hyderabad,Home & Kitchen,Water Bottle,2,10678.13,0.1,Cash,Returning,No,21356.26,2135.6259999999997,19220.634
ORD301343,2025-09-17,CUST12517,Customer_12517,West,Vijayawada,Furniture,Study Table,2,11107.04,0.15,Net Banking,Returning,No,22214.08,3332.112,18881.968
ORD301344,2025-03-09,CUST13338,Customer_13338,South,Pune,Electronics,USB Keyboard,1,17305.23,0.05,Net Banking,Returning,No,17305.23,865.2615000000001,16439.9685
ORD301345,2025-09-11,CUST13105,Customer_13105,West,Mumbai,Electronics,Bluetooth Speaker,6,1431.63,0.1,Net Banking,Returning,No,8589.78,858.9780000000001,7730.802000000001
ORD301346,2025-07-07,CUST12647,Customer_12647,South,Chennai,Electronics,USB Keyboard,3,7776.68,0.05,Net Banking,New,No,23330.04,1166.5020000000002,22163.538
ORD301347,2025-04-04,CUST12993,Customer_12993,East,Mumbai,Electronics,Smart Watch,7,15409.5,0.1,Cash,Returning,No,107866.5,10786.650000000001,97079.85
ORD301348,2025-05-05,CUST13011,Customer_13011,South,Hyderabad,Sports,Yoga Mat,3,4239.01,0.05,Net Banking,Returning,No,12717.03,635.8515000000001,12081.1785
ORD301349,2025-11-04,CUST12521,Customer_12521,North,Hyderabad,Furniture,Office Chair,4,13465.22,0.2,UPI,New,No,53860.88,10772.176,43088.704
ORD301350,2025-12-13,CUST13205,Customer_13205,West,Mumbai,Furniture,Office Chair,1,20307.51,0.0,UPI,Returning,No,20307.51,0.0,20307.51
ORD301351,2025-01-07,CUST13224,Customer_13224,West,Kolkata,Home & Kitchen,Water Bottle,1,5771.71,0.1,UPI,Returning,No,5771.71,577.171,5194.539
ORD301352,2024-04-17,CUST13391,Customer_13391,North,Bengaluru,Furniture,Study Table,3,6672.6,0.05,Debit Card,Returning,No,20017.800000000003,1000.8900000000002,19016.910000000003
ORD301353,2024-12-11,CUST13172,Customer_13172,South,Vijayawada,Furniture,Sofa,2,12149.52,0.0,UPI,Returning,No,24299.04,0.0,24299.04
ORD301354,2025-12-20,CUST12835,Customer_12835,North,Pune,Clothing,Jeans,6,4793.1,0.15,Net Banking,Returning,No,28758.600000000002,4313.79,24444.81
ORD301355,2024-11-24,CUST12495,Customer_12495,South,Chennai,Electronics,Smart Watch,4,16199.19,0.1,UPI,New,No,64796.76,6479.676,58317.084
ORD301356,2024-06-12,CUST12297,Customer_12297,South,Pune,Electronics,Bluetooth Speaker,6,14104.36,0.05,Net Banking,Returning,No,84626.16,4231.308,80394.852
ORD301357,2024-06-02,CUST12603,Customer_12603,North,Delhi,Clothing,Sneakers,3,4049.7,0.05,Net Banking,New,No,12149.099999999999,607.4549999999999,11541.644999999999
ORD301358,2025-06-27,CUST13490,Customer_13490,North,Bengaluru,Furniture,Study Table,1,18731.99,0.15,Net Banking,Returning,No,18731.99,2809.7985000000003,15922.1915
ORD301359,2025-10-21,CUST12252,Customer_12252,East,Vijayawada,Clothing,Sneakers,1,3556.3,0.15,Cash,New,No,3556.3,533.445,3022.855
ORD301360,2025-12-05,CUST12147,Customer_12147,South,Vijayawada,Clothing,T-Shirt,1,3513.32,0.0,Net Banking,New,No,3513.32,0.0,3513.32
ORD301361,2025-02-12,CUST12382,Customer_12382,North,Kolkata,Sports,Yoga Mat,5,6482.85,0.2,UPI,Returning,No,32414.25,6482.85,25931.4
ORD301362,2024-03-15,CUST12172,Customer_12172,West,Delhi,Home & Kitchen,Water Bottle,1,2979.18,0.15,Net Banking,New,No,2979.18,446.87699999999995,2532.303
ORD301363,2024-07-07,CUST12534,Customer_12534,South,Vijayawada,Sports,Running Shoes,1,4319.87,0.0,Net Banking,New,No,4319.87,0.0,4319.87
ORD301364,2025-01-27,CUST12011,Customer_12011,North,Mumbai,Home & Kitchen,Storage Box,3,2548.4,0.25,Debit Card,Returning,No,7645.200000000001,1911.3000000000002,5733.900000000001
ORD301365,2024-06-21,CUST12866,Customer_12866,South,Chennai,Home & Kitchen,Bedsheet,1,4259.29,0.15,Cash,New,No,4259.29,638.8935,3620.3965
ORD301366,2025-08-24,CUST13371,Customer_13371,West,Delhi,Furniture,Study Table,1,18572.5,0.05,Credit Card,New,No,18572.5,928.625,17643.875
ORD301367,2025-04-19,CUST12957,Customer_12957,West,Delhi,Electronics,Wireless Headphones,2,21935.74,0.1,Cash,New,No,43871.48,4387.148,39484.332
ORD301368,2024-10-17,CUST12424,Customer_12424,South,Kolkata,Furniture,Coffee Table,2,16742.97,0.2,Net Banking,New,No,33485.94,6697.188000000001,26788.752
ORD301369,2024-02-17,CUST12221,Customer_12221,East,Hyderabad,Home & Kitchen,Cookware Set,1,5916.6,0.25,Credit Card,Returning,No,5916.6,1479.15,4437.450000000001
ORD301370,2024-11-05,CUST13188,Customer_13188,South,Kolkata,Sports,Yoga Mat,3,2724.54,0.0,Debit Card,New,No,8173.62,0.0,8173.62
ORD301371,2024-01-22,CUST12321,Customer_12321,South,Bengaluru,Furniture,Coffee Table,5,26899.61,0.1,Credit Card,Returning,No,134498.05,13449.805,121048.245
ORD301372,2024-06-25,CUST13113,Customer_13113,East,Vijayawada,Home & Kitchen,Storage Box,6,2416.11,0.05,UPI,Returning,No,14496.66,724.8330000000001,13771.827
ORD301373,2024-10-25,CUST12251,Customer_12251,East,Kolkata,Electronics,Bluetooth Speaker,2,8708.16,0.15,Debit Card,Returning,No,17416.32,2612.448,14803.872
ORD301374,2025-07-05,CUST12543,Customer_12543,West,Vijayawada,Furniture,Study Table,4,5476.01,0.1,Cash,Returning,No,21904.04,2190.404,19713.636000000002
ORD301375,2025-06-22,CUST13189,Customer_13189,North,Vijayawada,Sports,Football,2,4577.88,0.15,Credit Card,Returning,No,9155.76,1373.364,7782.396000000001
ORD301376,2024-10-03,CUST12549,Customer_12549,West,Delhi,Electronics,Wireless Headphones,1,2423.04,0.0,Credit Card,Returning,No,2423.04,0.0,2423.04
ORD301377,2025-08-22,CUST12216,Customer_12216,West,Hyderabad,Sports,Football,3,5318.14,0.15,Net Banking,New,No,15954.420000000002,2393.163,13561.257000000001
ORD301378,2024-02-12,CUST12610,Customer_12610,North,Chennai,Electronics,Smart Watch,1,17379.35,0.2,Net Banking,Returning,No,17379.35,3475.87,13903.48
ORD301379,2025-10-31,CUST12664,Customer_12664,South,Bengaluru,Furniture,Sofa,6,22679.69,0.15,UPI,New,No,136078.13999999998,20411.720999999998,115666.419
ORD301380,2025-06-05,CUST13321,Customer_13321,West,Vijayawada,Home & Kitchen,Storage Box,3,10089.51,0.0,Cash,New,Yes,30268.53,0.0,30268.53
ORD301381,2025-02-25,CUST12470,Customer_12470,North,Kolkata,Furniture,Sofa,4,22390.09,0.0,Net Banking,New,No,89560.36,0.0,89560.36
ORD301382,2025-09-26,CUST12521,Customer_12521,West,Vijayawada,Home & Kitchen,Mixer Grinder,3,2827.92,0.15,Net Banking,Returning,No,8483.76,1272.564,7211.196
ORD301383,2025-04-10,CUST13020,Customer_13020,South,Chennai,Sports,Dumbbells,3,827.78,0.1,Debit Card,Returning,No,2483.34,248.33400000000003,2235.0060000000003
ORD301384,2025-11-13,CUST12998,Customer_12998,North,Hyderabad,Clothing,Jeans,4,4284.74,0.1,Cash,New,Yes,17138.96,1713.896,15425.063999999998
ORD301385,2025-01-30,CUST12536,Customer_12536,North,Bengaluru,Electronics,Power Bank,2,22007.45,0.0,Net Banking,New,No,44014.9,0.0,44014.9
ORD301386,2025-12-28,CUST12590,Customer_12590,South,Hyderabad,Furniture,Coffee Table,1,27452.26,0.05,Net Banking,Returning,No,27452.26,1372.613,26079.646999999997
ORD301387,2025-03-01,CUST13117,Customer_13117,West,Delhi,Furniture,Bookshelf,1,20647.7,0.0,Net Banking,Returning,No,20647.7,0.0,20647.7
ORD301388,2025-01-19,CUST12786,Customer_12786,West,Mumbai,Furniture,Coffee Table,1,11546.09,0.05,Credit Card,New,No,11546.09,577.3045000000001,10968.7855
ORD301389,2024-07-23,CUST13133,Customer_13133,West,Pune,Clothing,Jacket,2,3274.25,0.1,Cash,Returning,No,6548.5,654.85,5893.65
ORD301390,2025-07-17,CUST13053,Customer_13053,East,Bengaluru,Home & Kitchen,Cookware Set,2,5112.39,0.1,Net Banking,Returning,No,10224.78,1022.4780000000001,9202.302
ORD301391,2025-03-16,CUST13344,Customer_13344,East,Pune,Sports,Football,2,2968.26,0.2,Debit Card,New,No,5936.52,1187.304,4749.216
ORD301392,2025-06-06,CUST12658,Customer_12658,West,Mumbai,Home & Kitchen,Bedsheet,2,9263.87,0.0,Cash,New,No,18527.74,0.0,18527.74
ORD301393,2025-09-26,CUST12941,Customer_12941,South,Chennai,Furniture,Sofa,5,20408.15,0.15,Net Banking,New,No,102040.75,15306.1125,86734.6375
ORD301394,2025-10-20,CUST13113,Customer_13113,East,Mumbai,Clothing,Jacket,6,3976.05,0.05,Debit Card,New,No,23856.300000000003,1192.8150000000003,22663.485000000004
ORD301395,2024-04-06,CUST13180,Customer_13180,South,Vijayawada,Clothing,Jeans,1,5681.57,0.1,UPI,New,No,5681.57,568.157,5113.413
ORD301396,2025-08-31,CUST13257,Customer_13257,East,Mumbai,Electronics,Smart Watch,1,22946.0,0.15,UPI,New,No,22946.0,3441.9,19504.1
ORD301397,2025-12-29,CUST13450,Customer_13450,North,Hyderabad,Electronics,Wireless Headphones,4,21006.2,0.05,Debit Card,New,No,84024.8,4201.240000000001,79823.56
ORD301398,2024-05-26,CUST12120,Customer_12120,South,Hyderabad,Sports,Dumbbells,1,3465.98,0.0,Cash,New,No,3465.98,0.0,3465.98
ORD301399,2024-09-23,CUST13436,Customer_13436,East,Chennai,Home & Kitchen,Bedsheet,6,5143.29,0.05,UPI,New,No,30859.739999999998,1542.987,29316.752999999997
ORD301400,2025-02-09,CUST13146,Customer_13146,North,Mumbai,Sports,Running Shoes,3,7894.07,0.25,Net Banking,New,No,23682.21,5920.5525,17761.6575
ORD301401,2024-05-28,CUST12543,Customer_12543,South,Bengaluru,Clothing,Jacket,5,5572.52,0.0,Debit Card,Returning,No,27862.600000000002,0.0,27862.600000000002
ORD301402,2025-03-22,CUST12988,Customer_12988,North,Mumbai,Home & Kitchen,Bedsheet,3,10762.63,0.0,Net Banking,New,No,32287.89,0.0,32287.89
ORD301403,2024-09-26,CUST12520,Customer_12520,North,Kolkata,Furniture,Office Chair,2,8085.55,0.05,Cash,Returning,No,16171.1,808.5550000000001,15362.545
ORD301404,2024-02-11,CUST12686,Customer_12686,East,Pune,Clothing,Jeans,1,5621.74,0.15,UPI,Returning,No,5621.74,843.261,4778.478999999999
ORD301405,2025-09-22,CUST12534,Customer_12534,East,Hyderabad,Home & Kitchen,Cookware Set,7,6006.81,0.05,Credit Card,New,No,42047.670000000006,2102.3835000000004,39945.2865
ORD301406,2024-09-13,CUST12351,Customer_12351,East,Mumbai,Electronics,USB Keyboard,4,21895.94,0.0,Debit Card,New,No,87583.76,0.0,87583.76
ORD301407,2025-04-15,CUST12491,Customer_12491,North,Delhi,Furniture,Study Table,5,24017.11,0.1,UPI,Returning,No,120085.55,12008.555,108076.995
ORD301408,2024-06-07,CUST13462,Customer_13462,North,Bengaluru,Home & Kitchen,Mixer Grinder,3,11455.11,0.1,Net Banking,Returning,No,34365.33,3436.5330000000004,30928.797000000002
ORD301409,2025-04-04,CUST12250,Customer_12250,South,Delhi,Furniture,Coffee Table,1,4678.18,0.0,UPI,Returning,No,4678.18,0.0,4678.18
ORD301410,2025-07-30,CUST13423,Customer_13423,North,Kolkata,Electronics,Bluetooth Speaker,4,16199.47,0.0,Credit Card,New,No,64797.88,0.0,64797.88
ORD301411,2024-05-04,CUST13202,Customer_13202,North,Vijayawada,Sports,Cricket Bat,5,1650.05,0.0,Cash,Returning,Yes,8250.25,0.0,8250.25
ORD301412,2025-04-21,CUST12915,Customer_12915,South,Vijayawada,Electronics,Smart Watch,2,3029.71,0.1,Debit Card,Returning,No,6059.42,605.942,5453.478
ORD301413,2024-10-21,CUST12374,Customer_12374,West,Vijayawada,Sports,Yoga Mat,3,1229.12,0.1,Cash,New,No,3687.3599999999997,368.736,3318.624
ORD301414,2025-10-16,CUST12845,Customer_12845,North,Delhi,Clothing,Sneakers,3,2048.85,0.1,Credit Card,Returning,No,6146.549999999999,614.655,5531.8949999999995
ORD301415,2024-11-16,CUST12636,Customer_12636,North,Mumbai,Furniture,Coffee Table,2,25578.66,0.1,Cash,Returning,No,51157.32,5115.732,46041.588
ORD301416,2024-11-13,CUST13256,Customer_13256,South,Delhi,Furniture,Bookshelf,6,6492.86,0.1,Cash,New,No,38957.159999999996,3895.716,35061.443999999996
ORD301417,2024-04-03,CUST13164,Customer_13164,North,Bengaluru,Sports,Football,1,3088.59,0.1,Credit Card,New,No,3088.59,308.85900000000004,2779.731
ORD301418,2024-03-13,CUST12100,Customer_12100,North,Kolkata,Home & Kitchen,Bedsheet,2,1311.03,0.15,Net Banking,Returning,No,2622.06,393.30899999999997,2228.751
ORD301419,2024-10-02,CUST13080,Customer_13080,South,Hyderabad,Home & Kitchen,Storage Box,3,9649.42,0.1,Debit Card,New,No,28948.260000000002,2894.8260000000005,26053.434
ORD301420,2024-04-14,CUST13015,Customer_13015,East,Hyderabad,Furniture,Coffee Table,3,9480.0,0.05,Cash,Returning,No,28440.0,1422.0,27018.0
ORD301421,2025-05-01,CUST12808,Customer_12808,East,Hyderabad,Sports,Yoga Mat,5,1074.74,0.1,Debit Card,New,No,5373.7,537.37,4836.33
ORD301422,2025-05-22,CUST12271,Customer_12271,West,Kolkata,Electronics,Power Bank,1,8913.76,0.1,Cash,Returning,Yes,8913.76,891.3760000000001,8022.384
ORD301423,2024-11-30,CUST12283,Customer_12283,East,Delhi,Furniture,Bookshelf,1,17786.27,0.05,Credit Card,Returning,No,17786.27,889.3135000000001,16896.9565
ORD301424,2024-11-07,CUST12416,Customer_12416,West,Hyderabad,Furniture,Office Chair,6,18408.44,0.05,Debit Card,Returning,No,110450.63999999998,5522.531999999999,104928.10799999998
ORD301425,2024-03-09,CUST12360,Customer_12360,East,Pune,Home & Kitchen,Mixer Grinder,3,1438.83,0.1,Cash,Returning,No,4316.49,431.649,3884.841
ORD301426,2024-10-14,CUST12740,Customer_12740,South,Delhi,Electronics,Power Bank,6,18418.7,0.15,Credit Card,Returning,No,110512.20000000001,16576.83,93935.37000000001
ORD301427,2025-07-04,CUST12179,Customer_12179,South,Delhi,Sports,Cricket Bat,1,6509.55,0.1,Debit Card,Returning,No,6509.55,650.955,5858.595
ORD301428,2024-10-28,CUST12998,Customer_12998,North,Hyderabad,Furniture,Coffee Table,4,24700.95,0.0,Credit Card,Returning,No,98803.8,0.0,98803.8
ORD301429,2024-11-20,CUST12604,Customer_12604,South,Kolkata,Home & Kitchen,Mixer Grinder,6,4962.26,0.0,Cash,New,No,29773.56,0.0,29773.56
ORD301430,2024-01-22,CUST12109,Customer_12109,West,Vijayawada,Clothing,Jeans,2,1164.3,0.1,Debit Card,New,No,2328.6,232.86,2095.74
ORD301431,2024-02-13,CUST12702,Customer_12702,West,Bengaluru,Furniture,Coffee Table,2,8102.73,0.05,UPI,Returning,No,16205.46,810.273,15395.187
ORD301432,2025-10-13,CUST12136,Customer_12136,East,Hyderabad,Home & Kitchen,Storage Box,5,5088.67,0.05,UPI,Returning,No,25443.35,1272.1675,24171.1825
ORD301433,2025-07-19,CUST12519,Customer_12519,South,Hyderabad,Electronics,USB Keyboard,4,21416.04,0.25,Debit Card,Returning,No,85664.16,21416.04,64248.12
ORD301434,2024-11-26,CUST13323,Customer_13323,East,Kolkata,Electronics,Wireless Headphones,5,14617.1,0.1,Debit Card,Returning,No,73085.5,7308.55,65776.95
ORD301435,2024-05-01,CUST12403,Customer_12403,West,Hyderabad,Home & Kitchen,Storage Box,3,10179.69,0.1,Net Banking,Returning,No,30539.07,3053.907,27485.163
ORD301436,2024-11-15,CUST12813,Customer_12813,West,Bengaluru,Furniture,Coffee Table,3,12260.6,0.0,Net Banking,Returning,No,36781.8,0.0,36781.8
ORD301437,2025-04-29,CUST12753,Customer_12753,North,Chennai,Clothing,Formal Shirt,1,3717.43,0.1,Debit Card,Returning,No,3717.43,371.743,3345.687
ORD301438,2025-07-02,CUST12939,Customer_12939,North,Kolkata,Clothing,Jeans,1,5004.25,0.1,Debit Card,New,No,5004.25,500.425,4503.825
ORD301439,2024-07-26,CUST12489,Customer_12489,North,Hyderabad,Clothing,T-Shirt,1,1761.47,0.0,Credit Card,Returning,No,1761.47,0.0,1761.47
ORD301440,2024-11-30,CUST12410,Customer_12410,East,Vijayawada,Clothing,Jacket,7,755.57,0.15,Cash,New,No,5288.990000000001,793.3485000000001,4495.641500000001
ORD301441,2024-03-23,CUST13149,Customer_13149,South,Vijayawada,Sports,Cricket Bat,2,5820.7,0.05,Credit Card,New,No,11641.4,582.07,11059.33
ORD301442,2024-03-31,CUST12034,Customer_12034,East,Pune,Home & Kitchen,Bedsheet,3,5330.74,0.15,Debit Card,Returning,Yes,15992.22,2398.8329999999996,13593.386999999999
ORD301443,2024-05-10,CUST12156,Customer_12156,North,Chennai,Home & Kitchen,Cookware Set,6,7917.4,0.2,Debit Card,New,No,47504.399999999994,9500.88,38003.52
ORD301444,2025-01-14,CUST12924,Customer_12924,North,Bengaluru,Home & Kitchen,Storage Box,3,8487.29,0.25,Debit Card,Returning,No,25461.870000000003,6365.467500000001,19096.402500000004
ORD301445,2025-09-18,CUST12166,Customer_12166,West,Mumbai,Clothing,Jeans,1,2281.75,0.1,UPI,Returning,No,2281.75,228.175,2053.575
ORD301446,2024-09-20,CUST12324,Customer_12324,South,Delhi,Electronics,USB Keyboard,1,16627.79,0.05,Cash,New,No,16627.79,831.3895000000001,15796.400500000002
ORD301447,2025-06-19,CUST12876,Customer_12876,West,Bengaluru,Clothing,Formal Shirt,2,1003.73,0.15,Credit Card,New,No,2007.46,301.11899999999997,1706.3410000000001
ORD301448,2025-08-24,CUST12560,Customer_12560,South,Chennai,Electronics,USB Keyboard,2,10986.61,0.15,Net Banking,Returning,No,21973.22,3295.983,18677.237
ORD301449,2025-07-09,CUST12339,Customer_12339,North,Vijayawada,Furniture,Coffee Table,4,13216.48,0.15,Net Banking,Returning,No,52865.92,7929.887999999999,44936.032
ORD301450,2024-04-02,CUST13339,Customer_13339,East,Pune,Sports,Running Shoes,4,1431.34,0.15,Net Banking,New,No,5725.36,858.804,4866.556
ORD301451,2024-04-16,CUST12549,Customer_12549,North,Pune,Furniture,Sofa,3,27088.6,0.15,Credit Card,Returning,No,81265.79999999999,12189.869999999997,69075.93
ORD301452,2025-10-26,CUST12834,Customer_12834,North,Mumbai,Furniture,Sofa,3,27241.46,0.1,Credit Card,New,No,81724.38,8172.438000000001,73551.94200000001
ORD301453,2025-12-15,CUST12193,Customer_12193,East,Delhi,Clothing,Jeans,2,4813.34,0.05,Credit Card,New,No,9626.68,481.33400000000006,9145.346
ORD301454,2025-11-06,CUST12176,Customer_12176,East,Bengaluru,Electronics,Power Bank,3,11252.41,0.2,Net Banking,New,Yes,33757.229999999996,6751.446,27005.783999999996
ORD301455,2025-06-02,CUST12276,Customer_12276,East,Chennai,Home & Kitchen,Water Bottle,3,9276.03,0.0,Net Banking,Returning,No,27828.090000000004,0.0,27828.090000000004
ORD301456,2024-08-10,CUST13097,Customer_13097,South,Mumbai,Electronics,Power Bank,3,12405.54,0.1,Debit Card,New,No,37216.62,3721.6620000000003,33494.958
ORD301457,2025-06-26,CUST12113,Customer_12113,East,Chennai,Clothing,Formal Shirt,3,3507.68,0.0,UPI,Returning,No,10523.039999999999,0.0,10523.039999999999
ORD301458,2024-12-12,CUST13272,Customer_13272,South,Pune,Sports,Football,5,3426.43,0.1,UPI,New,Yes,17132.149999999998,1713.215,15418.934999999998
ORD301459,2025-04-13,CUST12130,Customer_12130,North,Pune,Home & Kitchen,Water Bottle,4,4145.15,0.05,Credit Card,Returning,No,16580.6,829.03,15751.569999999998
ORD301460,2025-05-29,CUST12409,Customer_12409,North,Mumbai,Sports,Cricket Bat,1,5077.57,0.05,Net Banking,Returning,No,5077.57,253.8785,4823.6915
ORD301461,2025-03-25,CUST12124,Customer_12124,South,Bengaluru,Home & Kitchen,Mixer Grinder,1,9793.63,0.15,Credit Card,Returning,Yes,9793.63,1469.0444999999997,8324.5855
ORD301462,2024-11-08,CUST13408,Customer_13408,West,Bengaluru,Furniture,Office Chair,1,23096.24,0.25,Cash,New,No,23096.24,5774.06,17322.18
ORD301463,2024-08-05,CUST12994,Customer_12994,West,Vijayawada,Home & Kitchen,Mixer Grinder,2,5974.43,0.15,Net Banking,Returning,No,11948.86,1792.329,10156.531
ORD301464,2024-01-05,CUST12870,Customer_12870,North,Chennai,Furniture,Coffee Table,2,26267.51,0.05,UPI,Returning,No,52535.02,2626.751,49908.269
ORD301465,2025-01-21,CUST12566,Customer_12566,South,Chennai,Furniture,Coffee Table,2,9393.45,0.25,UPI,Returning,No,18786.9,4696.725,14090.175000000001
ORD301466,2025-05-18,CUST12521,Customer_12521,South,Vijayawada,Furniture,Bookshelf,4,21546.75,0.0,Credit Card,Returning,No,86187.0,0.0,86187.0
ORD301467,2024-06-11,CUST12487,Customer_12487,West,Kolkata,Furniture,Coffee Table,2,5688.16,0.2,Credit Card,Returning,No,11376.32,2275.264,9101.056
ORD301468,2024-10-10,CUST12021,Customer_12021,East,Pune,Clothing,Formal Shirt,1,4751.94,0.1,UPI,Returning,No,4751.94,475.19399999999996,4276.745999999999
ORD301469,2024-02-21,CUST13394,Customer_13394,East,Bengaluru,Furniture,Office Chair,2,17886.74,0.05,Cash,Returning,No,35773.48,1788.6740000000002,33984.806000000004
ORD301470,2024-09-08,CUST12615,Customer_12615,South,Delhi,Home & Kitchen,Water Bottle,5,4034.19,0.05,Net Banking,Returning,No,20170.95,1008.5475000000001,19162.4025
ORD301471,2025-06-01,CUST13313,Customer_13313,South,Pune,Home & Kitchen,Mixer Grinder,3,4391.0,0.25,Net Banking,Returning,No,13173.0,3293.25,9879.75
ORD301472,2024-01-29,CUST13448,Customer_13448,North,Bengaluru,Clothing,Formal Shirt,2,3724.63,0.0,Cash,New,No,7449.26,0.0,7449.26
ORD301473,2025-03-06,CUST12158,Customer_12158,North,Mumbai,Sports,Running Shoes,3,4922.81,0.1,Credit Card,New,No,14768.43,1476.843,13291.587
ORD301474,2025-07-09,CUST12784,Customer_12784,West,Kolkata,Sports,Cricket Bat,2,4491.4,0.1,Credit Card,Returning,No,8982.8,898.28,8084.5199999999995
ORD301475,2025-12-17,CUST12382,Customer_12382,East,Delhi,Sports,Cricket Bat,1,7181.39,0.1,UPI,Returning,No,7181.39,718.1390000000001,6463.251
ORD301476,2025-12-13,CUST12997,Customer_12997,East,Delhi,Furniture,Study Table,3,14213.9,0.2,Net Banking,Returning,Yes,42641.7,8528.34,34113.36
ORD301477,2025-12-15,CUST12695,Customer_12695,East,Chennai,Home & Kitchen,Storage Box,1,5433.32,0.05,Net Banking,Returning,No,5433.32,271.666,5161.6539999999995
ORD301478,2024-06-05,CUST13045,Customer_13045,North,Mumbai,Electronics,Smart Watch,2,14459.61,0.05,Net Banking,Returning,No,28919.22,1445.9610000000002,27473.259000000002
ORD301479,2025-06-04,CUST12934,Customer_12934,South,Vijayawada,Home & Kitchen,Cookware Set,1,2567.99,0.1,Credit Card,New,No,2567.99,256.799,2311.191
ORD301480,2025-03-01,CUST12972,Customer_12972,West,Bengaluru,Clothing,Sneakers,1,3181.12,0.15,Cash,New,No,3181.12,477.16799999999995,2703.9519999999998
ORD301481,2024-02-21,CUST13194,Customer_13194,South,Mumbai,Electronics,Power Bank,3,14433.69,0.15,Debit Card,Returning,No,43301.07,6495.1605,36805.9095
ORD301482,2025-10-04,CUST12815,Customer_12815,West,Mumbai,Home & Kitchen,Bedsheet,1,4386.62,0.0,Debit Card,Returning,No,4386.62,0.0,4386.62
ORD301483,2024-02-21,CUST12366,Customer_12366,West,Chennai,Home & Kitchen,Water Bottle,1,570.87,0.0,UPI,New,No,570.87,0.0,570.87
ORD301484,2024-03-26,CUST13147,Customer_13147,West,Delhi,Home & Kitchen,Water Bottle,1,6916.91,0.05,UPI,Returning,Yes,6916.91,345.8455,6571.0644999999995
ORD301485,2024-12-11,CUST12265,Customer_12265,South,Mumbai,Clothing,Formal Shirt,4,2529.87,0.15,UPI,New,No,10119.48,1517.9219999999998,8601.557999999999
ORD301486,2024-11-27,CUST12787,Customer_12787,West,Mumbai,Furniture,Coffee Table,3,19509.36,0.1,Credit Card,New,No,58528.08,5852.808000000001,52675.272
ORD301487,2025-09-12,CUST12168,Customer_12168,East,Bengaluru,Home & Kitchen,Water Bottle,5,7139.69,0.05,Net Banking,Returning,No,35698.45,1784.9225,33913.5275
ORD301488,2024-06-23,CUST12599,Customer_12599,East,Kolkata,Clothing,Jeans,3,4259.25,0.1,Net Banking,New,No,12777.75,1277.775,11499.975
ORD301489,2024-03-13,CUST12879,Customer_12879,South,Delhi,Electronics,Power Bank,2,8413.82,0.1,Debit Card,New,No,16827.64,1682.7640000000001,15144.876
ORD301490,2025-09-19,CUST13307,Customer_13307,South,Vijayawada,Electronics,USB Keyboard,3,12624.84,0.0,Net Banking,New,No,37874.520000000004,0.0,37874.520000000004
ORD301491,2025-11-26,CUST12526,Customer_12526,West,Pune,Electronics,Power Bank,3,8939.65,0.1,Debit Card,New,No,26818.949999999997,2681.895,24137.054999999997
ORD301492,2025-01-24,CUST12528,Customer_12528,West,Bengaluru,Home & Kitchen,Storage Box,1,1333.19,0.0,UPI,Returning,No,1333.19,0.0,1333.19
ORD301493,2024-04-21,CUST12761,Customer_12761,South,Chennai,Electronics,Smart Watch,3,13365.57,0.1,Cash,New,No,40096.71,4009.6710000000003,36087.039
ORD301494,2025-09-26,CUST12987,Customer_12987,North,Mumbai,Electronics,Wireless Headphones,3,16127.53,0.1,Debit Card,Returning,No,48382.590000000004,4838.259000000001,43544.331000000006
ORD301495,2025-07-09,CUST12135,Customer_12135,West,Delhi,Furniture,Coffee Table,1,24815.74,0.0,Cash,New,No,24815.74,0.0,24815.74
ORD301496,2025-09-03,CUST13321,Customer_13321,North,Delhi,Furniture,Coffee Table,1,19184.18,0.1,Credit Card,Returning,No,19184.18,1918.4180000000001,17265.762
ORD301497,2024-01-15,CUST13347,Customer_13347,North,Chennai,Furniture,Study Table,4,19623.77,0.15,Debit Card,New,No,78495.08,11774.262,66720.818
ORD301498,2024-08-25,CUST12738,Customer_12738,West,Delhi,Home & Kitchen,Cookware Set,6,11102.17,0.05,Cash,Returning,No,66613.02,3330.6510000000003,63282.369000000006
ORD301499,2024-10-15,CUST12065,Customer_12065,East,Delhi,Electronics,Smart Watch,3,6216.33,0.05,Credit Card,New,No,18648.989999999998,932.4495,17716.5405
ORD301500,2024-06-03,CUST12918,Customer_12918,South,Mumbai,Home & Kitchen,Cookware Set,2,8074.15,0.15,Debit Card,Returning,No,16148.3,2422.245,13726.055
ORD301501,2024-01-30,CUST13227,Customer_13227,West,Chennai,Electronics,USB Keyboard,3,17508.78,0.1,UPI,Returning,No,52526.34,5252.634,47273.706
ORD301502,2024-09-27,CUST12875,Customer_12875,North,Vijayawada,Clothing,Sneakers,2,3262.52,0.15,Net Banking,Returning,No,6525.04,978.756,5546.284
ORD301503,2025-11-09,CUST13043,Customer_13043,South,Kolkata,Home & Kitchen,Cookware Set,2,4471.41,0.15,Net Banking,New,No,8942.82,1341.423,7601.397
ORD301504,2024-06-03,CUST12227,Customer_12227,West,Kolkata,Furniture,Study Table,5,11674.13,0.05,Debit Card,New,No,58370.649999999994,2918.5325,55452.11749999999
ORD301505,2024-03-11,CUST12354,Customer_12354,East,Pune,Electronics,Power Bank,4,5376.29,0.0,Debit Card,Returning,No,21505.16,0.0,21505.16
ORD301506,2025-04-01,CUST12461,Customer_12461,West,Kolkata,Clothing,Jacket,2,3849.79,0.2,Credit Card,Returning,No,7699.58,1539.9160000000002,6159.664
ORD301507,2025-07-06,CUST12156,Customer_12156,North,Vijayawada,Clothing,Jeans,1,1085.46,0.05,Credit Card,New,Yes,1085.46,54.273,1031.1870000000001
ORD301508,2025-06-08,CUST12183,Customer_12183,West,Chennai,Furniture,Coffee Table,2,28848.04,0.15,UPI,Returning,No,57696.08,8654.412,49041.668000000005
ORD301509,2024-06-04,CUST12065,Customer_12065,North,Pune,Sports,Running Shoes,2,4556.6,0.1,Cash,New,No,9113.2,911.3200000000002,8201.880000000001
ORD301510,2025-04-20,CUST12928,Customer_12928,South,Hyderabad,Home & Kitchen,Mixer Grinder,3,7209.77,0.15,UPI,Returning,No,21629.31,3244.3965000000003,18384.913500000002
ORD301511,2025-07-13,CUST13219,Customer_13219,North,Chennai,Home & Kitchen,Water Bottle,4,755.19,0.15,Credit Card,Returning,No,3020.76,453.11400000000003,2567.646
ORD301512,2024-02-08,CUST12804,Customer_12804,North,Mumbai,Sports,Football,3,4321.84,0.15,Cash,New,Yes,12965.52,1944.828,11020.692000000001
ORD301513,2025-04-03,CUST12076,Customer_12076,West,Delhi,Clothing,Formal Shirt,1,3382.83,0.15,Debit Card,Returning,No,3382.83,507.42449999999997,2875.4055
ORD301514,2025-03-10,CUST12171,Customer_12171,South,Bengaluru,Home & Kitchen,Bedsheet,1,8263.88,0.1,Debit Card,Returning,No,8263.88,826.3879999999999,7437.491999999999
ORD301515,2024-01-16,CUST12876,Customer_12876,West,Vijayawada,Furniture,Bookshelf,2,17172.29,0.0,Credit Card,New,No,34344.58,0.0,34344.58
ORD301516,2024-07-01,CUST13087,Customer_13087,South,Delhi,Sports,Football,1,1645.84,0.1,Net Banking,New,No,1645.84,164.584,1481.2559999999999
ORD301517,2025-01-22,CUST12938,Customer_12938,North,Bengaluru,Home & Kitchen,Cookware Set,4,7342.93,0.05,Cash,New,No,29371.72,1468.5860000000002,27903.134000000002
ORD301518,2024-09-05,CUST13332,Customer_13332,East,Vijayawada,Home & Kitchen,Water Bottle,6,1564.07,0.1,Debit Card,Returning,No,9384.42,938.442,8445.978
ORD301519,2024-08-27,CUST12314,Customer_12314,North,Pune,Electronics,Bluetooth Speaker,2,7061.33,0.1,Debit Card,Returning,No,14122.66,1412.266,12710.394
ORD301520,2024-11-04,CUST13300,Customer_13300,West,Mumbai,Clothing,Jacket,1,1552.48,0.0,Credit Card,New,Yes,1552.48,0.0,1552.48
ORD301521,2025-04-01,CUST12245,Customer_12245,South,Delhi,Sports,Football,5,3800.3,0.2,Net Banking,Returning,No,19001.5,3800.3,15201.2
ORD301522,2025-06-13,CUST12116,Customer_12116,West,Kolkata,Home & Kitchen,Mixer Grinder,3,4681.44,0.0,Cash,New,No,14044.32,0.0,14044.32
ORD301523,2025-07-29,CUST12941,Customer_12941,South,Mumbai,Furniture,Bookshelf,5,22836.2,0.0,Net Banking,Returning,Yes,114181.0,0.0,114181.0
ORD301524,2024-11-18,CUST13278,Customer_13278,West,Delhi,Sports,Football,3,7737.79,0.2,Credit Card,Returning,No,23213.37,4642.674,18570.696
ORD301525,2024-05-08,CUST13341,Customer_13341,East,Kolkata,Clothing,Formal Shirt,2,4821.47,0.1,Net Banking,Returning,No,9642.94,964.2940000000001,8678.646
ORD301526,2024-06-20,CUST12628,Customer_12628,East,Hyderabad,Sports,Yoga Mat,3,5489.84,0.05,Credit Card,Returning,No,16469.52,823.4760000000001,15646.044
ORD301527,2025-02-20,CUST12733,Customer_12733,North,Chennai,Home & Kitchen,Cookware Set,1,1923.8,0.1,Cash,Returning,No,1923.8,192.38,1731.42
ORD301528,2025-12-04,CUST13484,Customer_13484,West,Vijayawada,Home & Kitchen,Cookware Set,1,7373.85,0.2,UPI,Returning,No,7373.85,1474.7700000000002,5899.08
ORD301529,2024-03-07,CUST12858,Customer_12858,East,Pune,Home & Kitchen,Bedsheet,7,7034.14,0.1,Net Banking,New,No,49238.98,4923.898000000001,44315.082
ORD301530,2025-07-30,CUST12966,Customer_12966,East,Chennai,Furniture,Bookshelf,6,27222.88,0.1,UPI,New,No,163337.28,16333.728000000001,147003.552
ORD301531,2024-06-06,CUST13254,Customer_13254,West,Mumbai,Clothing,Jacket,5,4641.79,0.05,UPI,Returning,No,23208.95,1160.4475,22048.502500000002
ORD301532,2025-11-30,CUST13421,Customer_13421,North,Vijayawada,Electronics,Bluetooth Speaker,3,19101.94,0.05,Credit Card,New,No,57305.81999999999,2865.2909999999997,54440.528999999995
ORD301533,2024-07-29,CUST12401,Customer_12401,East,Hyderabad,Clothing,Sneakers,2,3465.25,0.1,Net Banking,Returning,No,6930.5,693.0500000000001,6237.45
ORD301534,2024-11-02,CUST12396,Customer_12396,South,Hyderabad,Electronics,USB Keyboard,2,15918.18,0.15,Cash,New,No,31836.36,4775.454,27060.906000000003
ORD301535,2024-11-25,CUST12072,Customer_12072,West,Delhi,Furniture,Coffee Table,1,10584.48,0.05,Debit Card,New,No,10584.48,529.224,10055.256
ORD301536,2025-05-22,CUST12326,Customer_12326,North,Chennai,Electronics,Wireless Headphones,1,7129.15,0.05,UPI,Returning,No,7129.15,356.4575,6772.692499999999
ORD301537,2024-10-10,CUST12753,Customer_12753,West,Hyderabad,Electronics,Wireless Headphones,3,2363.35,0.05,Net Banking,Returning,No,7090.049999999999,354.5025,6735.5475
ORD301538,2024-06-12,CUST13260,Customer_13260,North,Pune,Sports,Cricket Bat,4,8589.35,0.15,Cash,Returning,No,34357.4,5153.61,29203.79
ORD301539,2024-03-15,CUST12084,Customer_12084,West,Vijayawada,Furniture,Sofa,5,25521.42,0.1,Credit Card,New,No,127607.09999999999,12760.71,114846.38999999998
ORD301540,2024-10-19,CUST12741,Customer_12741,North,Bengaluru,Clothing,Jacket,2,3360.21,0.1,Credit Card,Returning,No,6720.42,672.042,6048.378
ORD301541,2025-09-04,CUST12843,Customer_12843,South,Delhi,Sports,Running Shoes,1,4841.69,0.05,Credit Card,Returning,No,4841.69,242.0845,4599.6055
ORD301542,2024-11-25,CUST13128,Customer_13128,South,Delhi,Electronics,Bluetooth Speaker,3,9732.45,0.1,UPI,Returning,No,29197.350000000002,2919.7350000000006,26277.615
ORD301543,2024-04-26,CUST13437,Customer_13437,North,Chennai,Home & Kitchen,Cookware Set,6,7520.3,0.05,Debit Card,New,No,45121.8,2256.09,42865.71000000001
ORD301544,2025-04-02,CUST12997,Customer_12997,South,Pune,Sports,Yoga Mat,1,9165.06,0.1,Cash,New,No,9165.06,916.506,8248.554
ORD301545,2025-05-17,CUST12123,Customer_12123,West,Vijayawada,Home & Kitchen,Cookware Set,2,5793.42,0.15,Credit Card,Returning,No,11586.84,1738.026,9848.814
ORD301546,2025-05-30,CUST12861,Customer_12861,West,Pune,Sports,Football,2,4232.54,0.25,Debit Card,Returning,No,8465.08,2116.27,6348.8099999999995
ORD301547,2025-10-10,CUST12103,Customer_12103,West,Kolkata,Furniture,Sofa,4,19261.98,0.25,Net Banking,New,No,77047.92,19261.98,57785.94
ORD301548,2025-12-15,CUST12512,Customer_12512,West,Bengaluru,Clothing,Jacket,3,4504.61,0.05,Cash,Returning,No,13513.829999999998,675.6914999999999,12838.138499999997
ORD301549,2024-04-12,CUST12659,Customer_12659,West,Mumbai,Clothing,Jeans,1,3988.54,0.0,Cash,New,No,3988.54,0.0,3988.54
ORD301550,2025-09-12,CUST12872,Customer_12872,North,Kolkata,Electronics,USB Keyboard,1,22270.74,0.05,Credit Card,Returning,No,22270.74,1113.537,21157.203
ORD301551,2025-05-19,CUST12642,Customer_12642,East,Hyderabad,Electronics,Power Bank,2,20558.95,0.05,UPI,Returning,No,41117.9,2055.895,39062.005000000005
ORD301552,2025-04-26,CUST12875,Customer_12875,South,Kolkata,Electronics,Bluetooth Speaker,2,10294.48,0.15,Cash,New,No,20588.96,3088.3439999999996,17500.615999999998
ORD301553,2024-08-29,CUST12935,Customer_12935,South,Hyderabad,Sports,Cricket Bat,3,2748.82,0.05,Debit Card,Returning,No,8246.460000000001,412.3230000000001,7834.137000000001
ORD301554,2024-02-25,CUST12326,Customer_12326,South,Vijayawada,Furniture,Sofa,2,21621.71,0.0,Net Banking,New,No,43243.42,0.0,43243.42
ORD301555,2025-11-01,CUST12278,Customer_12278,West,Mumbai,Sports,Football,3,4768.42,0.0,Net Banking,Returning,No,14305.26,0.0,14305.26
ORD301556,2024-04-29,CUST12659,Customer_12659,East,Pune,Clothing,T-Shirt,2,3127.76,0.15,Credit Card,New,No,6255.52,938.328,5317.192000000001
ORD301557,2024-11-23,CUST13293,Customer_13293,East,Pune,Sports,Running Shoes,3,841.59,0.05,Net Banking,Returning,No,2524.77,126.2385,2398.5315
ORD301558,2025-09-03,CUST13434,Customer_13434,South,Pune,Home & Kitchen,Cookware Set,1,10536.3,0.1,Cash,Returning,No,10536.3,1053.6299999999999,9482.67
ORD301559,2024-08-25,CUST12406,Customer_12406,South,Pune,Home & Kitchen,Mixer Grinder,3,6863.02,0.0,Cash,Returning,No,20589.06,0.0,20589.06
ORD301560,2024-11-29,CUST12802,Customer_12802,West,Kolkata,Clothing,Jacket,2,1482.16,0.2,UPI,New,No,2964.32,592.864,2371.456
ORD301561,2025-06-06,CUST12804,Customer_12804,West,Kolkata,Home & Kitchen,Mixer Grinder,1,3346.91,0.1,Credit Card,Returning,Yes,3346.91,334.69100000000003,3012.219
ORD301562,2025-07-18,CUST12397,Customer_12397,South,Vijayawada,Clothing,Jacket,1,3355.28,0.0,UPI,Returning,No,3355.28,0.0,3355.28
ORD301563,2024-07-08,CUST12591,Customer_12591,East,Chennai,Furniture,Coffee Table,4,5541.54,0.15,Debit Card,New,No,22166.16,3324.924,18841.236
ORD301564,2025-04-19,CUST12207,Customer_12207,West,Kolkata,Furniture,Bookshelf,3,10338.07,0.0,Cash,New,No,31014.21,0.0,31014.21
ORD301565,2024-07-05,CUST12272,Customer_12272,North,Bengaluru,Sports,Running Shoes,2,4753.81,0.0,Net Banking,New,No,9507.62,0.0,9507.62
ORD301566,2024-11-07,CUST13264,Customer_13264,North,Vijayawada,Sports,Dumbbells,1,3323.17,0.0,Credit Card,New,Yes,3323.17,0.0,3323.17
ORD301567,2025-07-27,CUST13166,Customer_13166,South,Hyderabad,Clothing,Formal Shirt,3,3275.82,0.0,UPI,Returning,No,9827.460000000001,0.0,9827.460000000001
ORD301568,2025-10-12,CUST12227,Customer_12227,South,Chennai,Sports,Yoga Mat,2,783.56,0.05,Credit Card,Returning,No,1567.12,78.356,1488.764
ORD301569,2024-12-19,CUST12369,Customer_12369,East,Delhi,Clothing,T-Shirt,3,3330.31,0.1,Net Banking,Returning,No,9990.93,999.0930000000001,8991.837
ORD301570,2025-10-31,CUST12838,Customer_12838,West,Vijayawada,Home & Kitchen,Mixer Grinder,4,4220.95,0.0,Cash,Returning,Yes,16883.8,0.0,16883.8
ORD301571,2025-12-13,CUST12223,Customer_12223,East,Hyderabad,Clothing,Formal Shirt,4,5608.96,0.1,Cash,New,No,22435.84,2243.5840000000003,20192.256
ORD301572,2025-10-07,CUST12196,Customer_12196,West,Chennai,Home & Kitchen,Bedsheet,3,5529.3,0.1,UPI,New,No,16587.9,1658.7900000000002,14929.11
ORD301573,2025-01-14,CUST12154,Customer_12154,West,Hyderabad,Electronics,USB Keyboard,1,22984.38,0.2,UPI,Returning,No,22984.38,4596.876,18387.504
ORD301574,2025-07-15,CUST12207,Customer_12207,West,Kolkata,Home & Kitchen,Cookware Set,5,441.09,0.1,UPI,New,Yes,2205.45,220.545,1984.9049999999997
ORD301575,2024-04-26,CUST13496,Customer_13496,North,Vijayawada,Home & Kitchen,Bedsheet,5,8390.6,0.1,Credit Card,New,No,41953.0,4195.3,37757.7
ORD301576,2025-05-04,CUST12431,Customer_12431,South,Hyderabad,Clothing,Jeans,2,5129.33,0.05,Cash,Returning,No,10258.66,512.933,9745.726999999999
ORD301577,2025-10-01,CUST13460,Customer_13460,North,Chennai,Furniture,Study Table,1,28635.26,0.05,Debit Card,Returning,No,28635.26,1431.763,27203.497
ORD301578,2024-06-05,CUST12153,Customer_12153,West,Bengaluru,Home & Kitchen,Mixer Grinder,1,10708.31,0.1,Cash,Returning,No,10708.31,1070.831,9637.479
ORD301579,2025-08-29,CUST12595,Customer_12595,West,Hyderabad,Sports,Cricket Bat,1,7945.22,0.0,Cash,New,Yes,7945.22,0.0,7945.22
ORD301580,2025-07-30,CUST12317,Customer_12317,South,Bengaluru,Electronics,USB Keyboard,4,19174.32,0.15,Credit Card,New,No,76697.28,11504.591999999999,65192.688
ORD301581,2024-03-26,CUST12527,Customer_12527,East,Bengaluru,Electronics,Power Bank,7,3003.64,0.1,Credit Card,New,No,21025.48,2102.5480000000002,18922.932
ORD301582,2025-01-27,CUST13013,Customer_13013,East,Bengaluru,Home & Kitchen,Cookware Set,1,2082.49,0.2,Net Banking,New,No,2082.49,416.498,1665.9919999999997
ORD301583,2025-05-28,CUST13030,Customer_13030,North,Bengaluru,Sports,Running Shoes,2,1987.48,0.0,Cash,New,No,3974.96,0.0,3974.96
ORD301584,2025-03-14,CUST13366,Customer_13366,East,Delhi,Home & Kitchen,Mixer Grinder,7,6082.86,0.05,Cash,Returning,No,42580.02,2129.0009999999997,40451.019
ORD301585,2025-07-16,CUST12400,Customer_12400,South,Delhi,Sports,Yoga Mat,3,9057.47,0.0,Credit Card,New,No,27172.409999999996,0.0,27172.409999999996
ORD301586,2024-02-17,CUST12836,Customer_12836,South,Hyderabad,Clothing,Formal Shirt,3,2067.87,0.15,Net Banking,New,Yes,6203.61,930.5414999999999,5273.068499999999
ORD301587,2025-05-16,CUST12517,Customer_12517,South,Vijayawada,Furniture,Office Chair,2,19218.72,0.0,Cash,New,No,38437.44,0.0,38437.44
ORD301588,2025-05-06,CUST12167,Customer_12167,North,Hyderabad,Home & Kitchen,Cookware Set,3,8583.61,0.1,Debit Card,Returning,No,25750.83,2575.0830000000005,23175.747000000003
ORD301589,2024-11-16,CUST12999,Customer_12999,South,Delhi,Home & Kitchen,Cookware Set,1,8668.35,0.1,UPI,Returning,No,8668.35,866.835,7801.515
ORD301590,2024-04-26,CUST12992,Customer_12992,West,Vijayawada,Electronics,USB Keyboard,3,8611.0,0.05,Cash,Returning,No,25833.0,1291.65,24541.35
ORD301591,2024-01-03,CUST12209,Customer_12209,North,Kolkata,Sports,Dumbbells,4,826.31,0.05,UPI,New,No,3305.24,165.262,3139.9779999999996
ORD301592,2025-10-21,CUST13124,Customer_13124,West,Kolkata,Electronics,USB Keyboard,4,6925.44,0.0,UPI,New,No,27701.76,0.0,27701.76
ORD301593,2024-03-29,CUST12995,Customer_12995,West,Mumbai,Clothing,Sneakers,5,1681.59,0.0,Debit Card,Returning,No,8407.949999999999,0.0,8407.949999999999
ORD301594,2024-05-03,CUST12697,Customer_12697,North,Kolkata,Clothing,Sneakers,3,2962.97,0.05,Cash,New,No,8888.91,444.44550000000004,8444.4645
ORD301595,2025-06-10,CUST12875,Customer_12875,South,Kolkata,Electronics,Smart Watch,3,14402.05,0.1,Credit Card,New,No,43206.149999999994,4320.615,38885.534999999996
ORD301596,2024-08-29,CUST12271,Customer_12271,South,Kolkata,Sports,Running Shoes,1,5669.13,0.0,UPI,New,No,5669.13,0.0,5669.13
ORD301597,2025-06-15,CUST12950,Customer_12950,West,Kolkata,Home & Kitchen,Bedsheet,3,8330.98,0.15,Net Banking,New,No,24992.94,3748.941,21243.999
ORD301598,2025-05-09,CUST12368,Customer_12368,East,Delhi,Sports,Football,1,3888.64,0.1,UPI,Returning,Yes,3888.64,388.86400000000003,3499.776
ORD301599,2024-01-31,CUST12020,Customer_12020,West,Pune,Clothing,Jacket,2,1072.31,0.05,Net Banking,Returning,No,2144.62,107.231,2037.389
ORD301600,2024-05-15,CUST13103,Customer_13103,South,Vijayawada,Home & Kitchen,Cookware Set,1,10658.43,0.05,UPI,Returning,No,10658.43,532.9215,10125.5085
ORD301601,2024-12-05,CUST12767,Customer_12767,West,Mumbai,Furniture,Sofa,4,7059.56,0.05,Net Banking,Returning,No,28238.24,1411.9120000000003,26826.328
ORD301602,2025-08-18,CUST12563,Customer_12563,West,Delhi,Sports,Dumbbells,1,6767.55,0.15,UPI,Returning,No,6767.55,1015.1324999999999,5752.4175000000005
ORD301603,2025-04-07,CUST13218,Customer_13218,South,Delhi,Sports,Football,2,8354.98,0.2,UPI,Returning,No,16709.96,3341.992,13367.967999999999
ORD301604,2024-10-01,CUST12256,Customer_12256,East,Chennai,Electronics,Wireless Headphones,2,1071.55,0.05,Credit Card,New,No,2143.1,107.155,2035.945
ORD301605,2025-09-29,CUST12401,Customer_12401,West,Chennai,Furniture,Sofa,1,17651.3,0.1,UPI,Returning,No,17651.3,1765.13,15886.169999999998
ORD301606,2024-07-16,CUST12904,Customer_12904,West,Hyderabad,Electronics,Smart Watch,1,6122.15,0.1,Net Banking,Returning,No,6122.15,612.215,5509.9349999999995
ORD301607,2025-03-18,CUST12388,Customer_12388,South,Pune,Sports,Dumbbells,2,929.96,0.05,Cash,New,No,1859.92,92.99600000000001,1766.924
ORD301608,2025-08-23,CUST13400,Customer_13400,North,Delhi,Furniture,Study Table,6,13495.77,0.05,Credit Card,New,Yes,80974.62,4048.7309999999998,76925.889
ORD301609,2025-07-08,CUST13195,Customer_13195,North,Kolkata,Clothing,Formal Shirt,1,1902.42,0.15,Net Banking,Returning,No,1902.42,285.363,1617.057
ORD301610,2025-09-24,CUST13135,Customer_13135,East,Chennai,Electronics,Bluetooth Speaker,3,13466.69,0.2,Net Banking,Returning,No,40400.07,8080.014,32320.056
ORD301611,2024-02-09,CUST13022,Customer_13022,West,Hyderabad,Furniture,Sofa,4,26721.62,0.0,Debit Card,New,No,106886.48,0.0,106886.48
ORD301612,2024-06-16,CUST12011,Customer_12011,West,Kolkata,Clothing,T-Shirt,7,5466.73,0.0,Debit Card,Returning,No,38267.11,0.0,38267.11
ORD301613,2024-06-29,CUST12211,Customer_12211,West,Delhi,Home & Kitchen,Mixer Grinder,2,3511.83,0.05,Net Banking,New,Yes,7023.66,351.183,6672.477
ORD301614,2024-02-15,CUST13351,Customer_13351,East,Mumbai,Sports,Cricket Bat,1,7877.71,0.1,Net Banking,Returning,No,7877.71,787.7710000000001,7089.939
ORD301615,2025-12-24,CUST13151,Customer_13151,West,Delhi,Home & Kitchen,Water Bottle,4,4013.11,0.05,Debit Card,New,No,16052.44,802.6220000000001,15249.818000000001
ORD301616,2025-10-22,CUST13327,Customer_13327,East,Vijayawada,Sports,Running Shoes,2,8447.83,0.05,Credit Card,Returning,No,16895.66,844.783,16050.877
ORD301617,2025-03-22,CUST12530,Customer_12530,West,Pune,Furniture,Coffee Table,3,24491.44,0.05,UPI,New,No,73474.31999999999,3673.716,69800.60399999999
ORD301618,2024-02-03,CUST12055,Customer_12055,West,Mumbai,Clothing,T-Shirt,1,3006.32,0.15,UPI,Returning,Yes,3006.32,450.94800000000004,2555.3720000000003
ORD301619,2024-09-07,CUST12538,Customer_12538,South,Delhi,Furniture,Office Chair,2,3673.37,0.15,Net Banking,New,No,7346.74,1102.011,6244.728999999999
ORD301620,2025-10-10,CUST12304,Customer_12304,North,Chennai,Home & Kitchen,Water Bottle,1,10467.03,0.15,Net Banking,Returning,No,10467.03,1570.0545,8896.9755
ORD301621,2024-05-11,CUST12551,Customer_12551,West,Hyderabad,Furniture,Coffee Table,3,22283.06,0.1,Net Banking,Returning,No,66849.18000000001,6684.9180000000015,60164.262
ORD301622,2025-10-27,CUST13007,Customer_13007,West,Vijayawada,Home & Kitchen,Water Bottle,4,10648.68,0.05,Net Banking,New,No,42594.72,2129.7360000000003,40464.984000000004
ORD301623,2025-04-09,CUST12547,Customer_12547,East,Bengaluru,Furniture,Sofa,1,5371.93,0.1,UPI,New,Yes,5371.93,537.1930000000001,4834.737
ORD301624,2025-07-21,CUST13017,Customer_13017,North,Hyderabad,Electronics,Smart Watch,3,7329.27,0.1,UPI,New,No,21987.81,2198.7810000000004,19789.029000000002
ORD301625,2024-11-06,CUST13370,Customer_13370,South,Pune,Furniture,Office Chair,7,17520.78,0.2,Cash,Returning,No,122645.45999999999,24529.092,98116.36799999999
ORD301626,2025-09-01,CUST13302,Customer_13302,East,Kolkata,Electronics,Wireless Headphones,1,23827.5,0.15,Credit Card,Returning,No,23827.5,3574.125,20253.375
ORD301627,2025-08-30,CUST13379,Customer_13379,South,Mumbai,Sports,Cricket Bat,1,8395.68,0.1,UPI,Returning,No,8395.68,839.5680000000001,7556.112
ORD301628,2024-01-28,CUST13437,Customer_13437,West,Hyderabad,Home & Kitchen,Water Bottle,2,1186.49,0.15,UPI,New,No,2372.98,355.947,2017.033
ORD301629,2025-01-24,CUST13497,Customer_13497,East,Mumbai,Furniture,Study Table,4,19270.79,0.0,Net Banking,Returning,No,77083.16,0.0,77083.16
ORD301630,2024-07-31,CUST12074,Customer_12074,North,Vijayawada,Furniture,Sofa,4,9130.05,0.1,UPI,New,No,36520.2,3652.02,32868.18
ORD301631,2025-02-23,CUST12478,Customer_12478,West,Vijayawada,Sports,Running Shoes,1,8027.21,0.15,Debit Card,Returning,No,8027.21,1204.0815,6823.1285
ORD301632,2024-01-31,CUST12256,Customer_12256,West,Bengaluru,Sports,Cricket Bat,2,5300.65,0.05,Cash,Returning,No,10601.3,530.0649999999999,10071.234999999999
ORD301633,2025-07-16,CUST12106,Customer_12106,North,Kolkata,Clothing,Jeans,1,4331.28,0.1,Debit Card,New,No,4331.28,433.128,3898.1519999999996
ORD301634,2025-06-21,CUST12954,Customer_12954,West,Hyderabad,Clothing,Formal Shirt,1,5644.5,0.1,Credit Card,New,No,5644.5,564.45,5080.05
ORD301635,2025-06-25,CUST13402,Customer_13402,West,Vijayawada,Clothing,Jeans,1,4215.35,0.15,Debit Card,Returning,No,4215.35,632.3025,3583.0475000000006
ORD301636,2025-10-24,CUST13267,Customer_13267,East,Delhi,Electronics,USB Keyboard,6,19208.53,0.05,UPI,Returning,No,115251.18,5762.559,109488.621
ORD301637,2024-08-30,CUST12647,Customer_12647,East,Bengaluru,Furniture,Coffee Table,1,19583.64,0.15,Net Banking,Returning,No,19583.64,2937.546,16646.094
ORD301638,2024-11-23,CUST12926,Customer_12926,East,Vijayawada,Clothing,Formal Shirt,1,5646.0,0.15,Debit Card,Returning,No,5646.0,846.9,4799.1
ORD301639,2025-08-20,CUST13035,Customer_13035,North,Vijayawada,Home & Kitchen,Bedsheet,2,10656.28,0.05,Cash,Returning,No,21312.56,1065.6280000000002,20246.932
ORD301640,2024-08-22,CUST12496,Customer_12496,North,Bengaluru,Electronics,Bluetooth Speaker,1,15292.12,0.1,Net Banking,New,No,15292.12,1529.2120000000002,13762.908000000001
ORD301641,2024-12-20,CUST13354,Customer_13354,West,Hyderabad,Electronics,Bluetooth Speaker,7,16653.85,0.0,UPI,Returning,No,116576.94999999998,0.0,116576.94999999998
ORD301642,2025-06-02,CUST12945,Customer_12945,South,Chennai,Electronics,Wireless Headphones,1,21311.78,0.1,Cash,New,No,21311.78,2131.178,19180.602
ORD301643,2025-12-03,CUST13420,Customer_13420,West,Hyderabad,Clothing,Sneakers,6,784.65,0.05,Net Banking,New,No,4707.9,235.39499999999998,4472.504999999999
ORD301644,2024-12-17,CUST13145,Customer_13145,South,Bengaluru,Electronics,USB Keyboard,1,5511.07,0.05,UPI,New,No,5511.07,275.5535,5235.5165
ORD301645,2024-07-03,CUST13366,Customer_13366,East,Mumbai,Clothing,T-Shirt,2,2734.91,0.1,Net Banking,Returning,No,5469.82,546.982,4922.838
ORD301646,2024-03-16,CUST12509,Customer_12509,West,Chennai,Electronics,Bluetooth Speaker,2,11113.67,0.1,Net Banking,Returning,No,22227.34,2222.734,20004.606
ORD301647,2024-12-04,CUST12628,Customer_12628,East,Hyderabad,Home & Kitchen,Storage Box,4,6985.91,0.05,Credit Card,New,Yes,27943.64,1397.182,26546.458
ORD301648,2024-04-09,CUST12710,Customer_12710,West,Delhi,Home & Kitchen,Water Bottle,4,1836.9,0.05,Net Banking,Returning,No,7347.6,367.38000000000005,6980.22
ORD301649,2024-01-09,CUST12478,Customer_12478,West,Pune,Electronics,Power Bank,5,8806.21,0.2,Cash,New,No,44031.049999999996,8806.21,35224.84
ORD301650,2025-09-28,CUST12632,Customer_12632,West,Delhi,Clothing,Sneakers,6,5083.17,0.1,Debit Card,New,No,30499.02,3049.902,27449.118000000002
ORD301651,2024-12-18,CUST12272,Customer_12272,East,Hyderabad,Home & Kitchen,Bedsheet,3,10750.83,0.05,Debit Card,Returning,No,32252.489999999998,1612.6245,30639.8655
ORD301652,2024-08-19,CUST13316,Customer_13316,North,Kolkata,Furniture,Bookshelf,6,27990.75,0.15,Debit Card,Returning,Yes,167944.5,25191.675,142752.825
ORD301653,2025-07-26,CUST12573,Customer_12573,East,Chennai,Sports,Dumbbells,1,6000.01,0.0,Credit Card,New,No,6000.01,0.0,6000.01
ORD301654,2025-03-14,CUST12324,Customer_12324,East,Hyderabad,Clothing,Jacket,2,3508.65,0.15,UPI,New,No,7017.3,1052.595,5964.705
ORD301655,2025-10-26,CUST12024,Customer_12024,East,Pune,Furniture,Office Chair,2,14950.08,0.05,Credit Card,New,No,29900.16,1495.008,28405.152
ORD301656,2025-07-29,CUST12265,Customer_12265,East,Kolkata,Sports,Dumbbells,4,5115.66,0.2,UPI,Returning,Yes,20462.64,4092.5280000000002,16370.112
ORD301657,2025-06-06,CUST12278,Customer_12278,North,Bengaluru,Furniture,Sofa,7,1878.88,0.1,Cash,Returning,No,13152.16,1315.2160000000001,11836.944
ORD301658,2024-09-06,CUST12453,Customer_12453,West,Vijayawada,Electronics,Bluetooth Speaker,1,22027.73,0.2,Net Banking,Returning,No,22027.73,4405.546,17622.184
ORD301659,2024-12-07,CUST12277,Customer_12277,West,Pune,Electronics,Smart Watch,3,2247.37,0.05,Net Banking,Returning,No,6742.11,337.1055,6405.0045
ORD301660,2024-02-26,CUST13406,Customer_13406,South,Chennai,Sports,Running Shoes,2,8348.95,0.0,UPI,New,Yes,16697.9,0.0,16697.9
ORD301661,2024-01-15,CUST12347,Customer_12347,East,Mumbai,Clothing,Sneakers,2,2532.37,0.05,Cash,New,No,5064.74,253.237,4811.503
ORD301662,2024-02-07,CUST13289,Customer_13289,South,Delhi,Home & Kitchen,Storage Box,2,2429.64,0.2,Net Banking,Returning,No,4859.28,971.856,3887.424
ORD301663,2025-08-14,CUST12892,Customer_12892,East,Hyderabad,Home & Kitchen,Water Bottle,2,8109.57,0.05,Net Banking,Returning,Yes,16219.14,810.957,15408.182999999999
ORD301664,2024-11-10,CUST12190,Customer_12190,West,Bengaluru,Clothing,Jacket,2,1408.93,0.15,Cash,New,No,2817.86,422.67900000000003,2395.181
ORD301665,2024-09-28,CUST12823,Customer_12823,South,Hyderabad,Clothing,Jeans,2,4341.67,0.0,Credit Card,Returning,No,8683.34,0.0,8683.34
ORD301666,2025-03-02,CUST12868,Customer_12868,South,Bengaluru,Clothing,Jeans,3,5395.32,0.0,UPI,Returning,No,16185.96,0.0,16185.96
ORD301667,2024-05-04,CUST13168,Customer_13168,North,Delhi,Sports,Running Shoes,6,5356.51,0.05,Cash,New,No,32139.06,1606.9530000000002,30532.107
ORD301668,2024-06-02,CUST13143,Customer_13143,South,Kolkata,Furniture,Bookshelf,1,6701.81,0.1,Net Banking,New,No,6701.81,670.181,6031.629000000001
ORD301669,2024-01-07,CUST13299,Customer_13299,South,Vijayawada,Home & Kitchen,Water Bottle,1,2975.48,0.2,Cash,Returning,No,2975.48,595.096,2380.384
ORD301670,2025-05-08,CUST12467,Customer_12467,North,Chennai,Furniture,Sofa,1,20492.3,0.2,Credit Card,Returning,No,20492.3,4098.46,16393.84
ORD301671,2025-12-19,CUST13034,Customer_13034,North,Hyderabad,Clothing,Sneakers,3,1445.28,0.0,Cash,Returning,No,4335.84,0.0,4335.84
ORD301672,2024-06-14,CUST13415,Customer_13415,South,Chennai,Furniture,Office Chair,3,10482.25,0.25,Cash,New,No,31446.75,7861.6875,23585.0625
ORD301673,2025-05-28,CUST12016,Customer_12016,South,Pune,Sports,Football,2,7485.78,0.25,Credit Card,Returning,No,14971.56,3742.89,11228.67
ORD301674,2025-01-22,CUST13340,Customer_13340,East,Chennai,Home & Kitchen,Mixer Grinder,1,1214.44,0.05,Net Banking,New,Yes,1214.44,60.72200000000001,1153.718
ORD301675,2024-02-01,CUST13409,Customer_13409,North,Vijayawada,Electronics,Wireless Headphones,3,4067.52,0.05,Net Banking,New,No,12202.56,610.128,11592.431999999999
ORD301676,2025-02-05,CUST12775,Customer_12775,West,Mumbai,Clothing,Jacket,5,4534.84,0.15,UPI,New,No,22674.2,3401.13,19273.07
ORD301677,2025-04-03,CUST12852,Customer_12852,North,Hyderabad,Furniture,Sofa,2,2816.87,0.2,Debit Card,Returning,No,5633.74,1126.748,4506.992
ORD301678,2025-10-06,CUST12545,Customer_12545,West,Mumbai,Electronics,USB Keyboard,1,5088.49,0.1,Credit Card,Returning,No,5088.49,508.849,4579.641
ORD301679,2025-02-13,CUST12658,Customer_12658,East,Hyderabad,Clothing,T-Shirt,2,902.96,0.1,Credit Card,Returning,No,1805.92,180.592,1625.328
ORD301680,2024-08-14,CUST13315,Customer_13315,West,Vijayawada,Home & Kitchen,Mixer Grinder,1,8439.06,0.15,Debit Card,Returning,No,8439.06,1265.859,7173.200999999999
ORD301681,2024-11-04,CUST13363,Customer_13363,West,Vijayawada,Home & Kitchen,Mixer Grinder,2,6441.09,0.0,Net Banking,New,No,12882.18,0.0,12882.18
ORD301682,2025-02-04,CUST13050,Customer_13050,North,Kolkata,Clothing,T-Shirt,5,3361.29,0.15,Credit Card,New,Yes,16806.45,2520.9675,14285.4825
ORD301683,2025-12-02,CUST13173,Customer_13173,North,Mumbai,Electronics,Bluetooth Speaker,2,8982.44,0.05,Debit Card,New,No,17964.88,898.2440000000001,17066.636000000002
ORD301684,2025-09-13,CUST12412,Customer_12412,West,Kolkata,Sports,Dumbbells,2,3138.55,0.0,UPI,Returning,No,6277.1,0.0,6277.1
ORD301685,2024-05-13,CUST13113,Customer_13113,West,Pune,Home & Kitchen,Water Bottle,6,6973.09,0.25,Net Banking,Returning,No,41838.54,10459.635,31378.905
ORD301686,2024-12-30,CUST12353,Customer_12353,East,Mumbai,Clothing,Sneakers,3,5585.3,0.1,Net Banking,Returning,No,16755.9,1675.5900000000001,15080.310000000001
ORD301687,2024-02-23,CUST13209,Customer_13209,South,Chennai,Home & Kitchen,Cookware Set,3,8240.74,0.15,UPI,Returning,No,24722.22,3708.333,21013.887000000002
ORD301688,2024-02-12,CUST13286,Customer_13286,East,Kolkata,Electronics,Wireless Headphones,2,23048.54,0.05,UPI,Returning,No,46097.08,2304.8540000000003,43792.226
ORD301689,2024-04-13,CUST13163,Customer_13163,South,Hyderabad,Furniture,Study Table,2,8295.68,0.2,Credit Card,Returning,No,16591.36,3318.2720000000004,13273.088
ORD301690,2024-01-21,CUST13056,Customer_13056,North,Mumbai,Sports,Running Shoes,1,3386.6,0.05,Net Banking,New,No,3386.6,169.33,3217.27
ORD301691,2025-10-01,CUST13086,Customer_13086,North,Bengaluru,Home & Kitchen,Storage Box,1,8065.87,0.15,Credit Card,Returning,No,8065.87,1209.8805,6855.9895
ORD301692,2024-12-25,CUST13155,Customer_13155,North,Hyderabad,Clothing,Jeans,3,1666.35,0.05,Net Banking,Returning,Yes,4999.049999999999,249.9525,4749.097499999999
ORD301693,2025-02-12,CUST12007,Customer_12007,West,Bengaluru,Home & Kitchen,Cookware Set,1,1774.44,0.1,Debit Card,New,No,1774.44,177.44400000000002,1596.996
ORD301694,2025-10-18,CUST12860,Customer_12860,North,Kolkata,Furniture,Bookshelf,5,22648.57,0.0,Credit Card,Returning,No,113242.85,0.0,113242.85
ORD301695,2025-12-05,CUST12629,Customer_12629,North,Vijayawada,Clothing,Jeans,4,4672.64,0.05,UPI,Returning,No,18690.56,934.5280000000001,17756.032000000003
ORD301696,2025-11-11,CUST13262,Customer_13262,South,Delhi,Sports,Football,1,7337.54,0.2,Credit Card,Returning,No,7337.54,1467.508,5870.032
ORD301697,2025-12-28,CUST12187,Customer_12187,South,Hyderabad,Clothing,Formal Shirt,2,773.59,0.1,Debit Card,Returning,No,1547.18,154.71800000000002,1392.462
ORD301698,2024-01-27,CUST12859,Customer_12859,East,Mumbai,Electronics,Wireless Headphones,2,16129.26,0.2,Net Banking,Returning,No,32258.52,6451.704000000001,25806.816
ORD301699,2025-11-24,CUST12853,Customer_12853,North,Vijayawada,Electronics,Smart Watch,2,5720.48,0.05,Cash,New,No,11440.96,572.048,10868.911999999998
ORD301700,2025-07-30,CUST12115,Customer_12115,South,Kolkata,Electronics,USB Keyboard,5,13128.48,0.0,UPI,Returning,No,65642.4,0.0,65642.4
ORD301701,2025-06-23,CUST12202,Customer_12202,South,Bengaluru,Sports,Football,4,9350.87,0.15,Debit Card,New,No,37403.48,5610.522,31792.958000000002
ORD301702,2024-08-30,CUST12624,Customer_12624,South,Delhi,Electronics,Power Bank,1,21116.84,0.0,Debit Card,New,Yes,21116.84,0.0,21116.84
ORD301703,2024-08-01,CUST12953,Customer_12953,West,Mumbai,Sports,Cricket Bat,1,2764.99,0.15,Net Banking,Returning,No,2764.99,414.7485,2350.2414999999996
ORD301704,2025-11-21,CUST12160,Customer_12160,South,Mumbai,Electronics,Wireless Headphones,2,22021.71,0.05,Net Banking,Returning,No,44043.42,2202.171,41841.248999999996
ORD301705,2025-08-02,CUST12939,Customer_12939,North,Hyderabad,Home & Kitchen,Storage Box,1,6121.32,0.0,Credit Card,New,No,6121.32,0.0,6121.32
ORD301706,2025-05-16,CUST12321,Customer_12321,North,Delhi,Electronics,Smart Watch,3,9228.72,0.0,Cash,New,No,27686.159999999996,0.0,27686.159999999996
ORD301707,2024-11-27,CUST13276,Customer_13276,East,Delhi,Clothing,Sneakers,3,5660.95,0.0,UPI,Returning,No,16982.85,0.0,16982.85
ORD301708,2025-08-08,CUST12207,Customer_12207,South,Pune,Electronics,Smart Watch,3,11726.0,0.05,UPI,New,No,35178.0,1758.9,33419.1
ORD301709,2024-02-14,CUST12345,Customer_12345,West,Pune,Furniture,Bookshelf,1,5286.94,0.2,Cash,Returning,No,5286.94,1057.388,4229.552
ORD301710,2025-01-25,CUST12342,Customer_12342,West,Vijayawada,Furniture,Study Table,1,3332.68,0.1,UPI,Returning,No,3332.68,333.26800000000003,2999.412
ORD301711,2024-12-24,CUST12026,Customer_12026,North,Delhi,Clothing,Formal Shirt,1,607.82,0.05,Net Banking,Returning,No,607.82,30.391000000000005,577.4290000000001
ORD301712,2024-09-26,CUST12371,Customer_12371,North,Vijayawada,Clothing,Jacket,1,4778.64,0.0,Debit Card,New,No,4778.64,0.0,4778.64
ORD301713,2025-10-06,CUST12076,Customer_12076,East,Vijayawada,Sports,Cricket Bat,1,2998.11,0.05,Debit Card,New,No,2998.11,149.90550000000002,2848.2045000000003
ORD301714,2025-09-07,CUST12806,Customer_12806,North,Vijayawada,Electronics,Wireless Headphones,1,2598.97,0.05,UPI,Returning,No,2598.97,129.9485,2469.0215
ORD301715,2025-11-08,CUST13294,Customer_13294,South,Bengaluru,Electronics,Smart Watch,5,9983.15,0.05,Cash,Returning,No,49915.75,2495.7875000000004,47419.9625
ORD301716,2024-09-01,CUST12721,Customer_12721,North,Kolkata,Sports,Cricket Bat,6,2103.58,0.1,Debit Card,New,No,12621.48,1262.1480000000001,11359.331999999999
ORD301717,2025-07-17,CUST12147,Customer_12147,South,Kolkata,Furniture,Office Chair,1,15529.59,0.0,Cash,Returning,No,15529.59,0.0,15529.59
ORD301718,2025-11-05,CUST13283,Customer_13283,South,Mumbai,Furniture,Coffee Table,3,20271.36,0.05,Debit Card,New,No,60814.08,3040.704,57773.376000000004
ORD301719,2024-05-16,CUST13162,Customer_13162,North,Delhi,Sports,Running Shoes,3,9390.74,0.0,Cash,New,No,28172.22,0.0,28172.22
ORD301720,2024-04-05,CUST13113,Customer_13113,North,Pune,Furniture,Coffee Table,2,5463.46,0.0,Debit Card,Returning,No,10926.92,0.0,10926.92
ORD301721,2024-06-22,CUST12453,Customer_12453,East,Pune,Electronics,Bluetooth Speaker,6,20099.3,0.15,UPI,Returning,No,120595.79999999999,18089.37,102506.43
ORD301722,2024-03-22,CUST13132,Customer_13132,South,Kolkata,Home & Kitchen,Bedsheet,1,9886.02,0.1,Debit Card,Returning,No,9886.02,988.6020000000001,8897.418
ORD301723,2024-10-16,CUST13261,Customer_13261,West,Chennai,Home & Kitchen,Bedsheet,5,9924.16,0.15,Debit Card,Returning,No,49620.8,7443.12,42177.68
ORD301724,2024-01-22,CUST12255,Customer_12255,West,Hyderabad,Sports,Football,1,8622.55,0.0,Credit Card,Returning,No,8622.55,0.0,8622.55
ORD301725,2024-04-14,CUST12882,Customer_12882,South,Chennai,Clothing,Formal Shirt,1,861.46,0.05,Cash,Returning,No,861.46,43.07300000000001,818.3870000000001
ORD301726,2024-11-07,CUST13098,Customer_13098,South,Vijayawada,Sports,Running Shoes,1,5760.14,0.25,Credit Card,Returning,Yes,5760.14,1440.035,4320.1050000000005
ORD301727,2024-08-09,CUST12872,Customer_12872,East,Vijayawada,Furniture,Bookshelf,5,6585.26,0.0,Cash,New,No,32926.3,0.0,32926.3
ORD301728,2025-11-04,CUST12596,Customer_12596,North,Kolkata,Furniture,Bookshelf,5,11970.66,0.0,Cash,Returning,Yes,59853.3,0.0,59853.3
ORD301729,2025-06-30,CUST13268,Customer_13268,West,Delhi,Electronics,Bluetooth Speaker,5,2327.69,0.2,Cash,Returning,No,11638.45,2327.69,9310.76
ORD301730,2025-04-28,CUST12712,Customer_12712,East,Pune,Furniture,Sofa,2,25519.29,0.15,Cash,New,No,51038.58,7655.787,43382.793000000005
ORD301731,2025-10-20,CUST12880,Customer_12880,West,Mumbai,Electronics,Smart Watch,1,22711.61,0.15,Net Banking,Returning,No,22711.61,3406.7415,19304.8685
ORD301732,2024-01-25,CUST12264,Customer_12264,West,Kolkata,Clothing,Sneakers,2,2653.38,0.15,Credit Card,Returning,No,5306.76,796.014,4510.746
ORD301733,2025-05-09,CUST12852,Customer_12852,North,Mumbai,Sports,Dumbbells,2,591.83,0.15,Credit Card,New,No,1183.66,177.549,1006.1110000000001
ORD301734,2025-12-28,CUST13135,Customer_13135,East,Pune,Clothing,Sneakers,3,1230.4,0.1,Net Banking,Returning,No,3691.2000000000003,369.12000000000006,3322.0800000000004
ORD301735,2024-11-19,CUST12318,Customer_12318,South,Mumbai,Furniture,Office Chair,1,4421.35,0.05,Debit Card,New,No,4421.35,221.06750000000002,4200.2825
ORD301736,2024-12-09,CUST12452,Customer_12452,West,Vijayawada,Furniture,Bookshelf,3,11324.31,0.05,Net Banking,Returning,No,33972.93,1698.6465,32274.2835
ORD301737,2025-02-04,CUST12317,Customer_12317,East,Bengaluru,Clothing,Jacket,1,5145.89,0.1,Credit Card,Returning,No,5145.89,514.589,4631.301
ORD301738,2024-03-05,CUST12660,Customer_12660,North,Chennai,Clothing,Jeans,3,1761.46,0.1,Debit Card,Returning,No,5284.38,528.438,4755.942
ORD301739,2024-05-13,CUST13055,Customer_13055,East,Vijayawada,Furniture,Study Table,5,5121.56,0.15,Debit Card,New,No,25607.800000000003,3841.17,21766.630000000005
ORD301740,2024-06-16,CUST12479,Customer_12479,North,Vijayawada,Electronics,Power Bank,1,9999.06,0.25,Debit Card,Returning,No,9999.06,2499.765,7499.295
ORD301741,2024-10-10,CUST12692,Customer_12692,West,Kolkata,Clothing,Sneakers,3,809.34,0.0,Net Banking,New,No,2428.02,0.0,2428.02
ORD301742,2025-04-30,CUST13143,Customer_13143,East,Chennai,Sports,Yoga Mat,2,4114.68,0.05,UPI,Returning,No,8229.36,411.4680000000001,7817.892000000001
ORD301743,2025-06-10,CUST12864,Customer_12864,South,Kolkata,Furniture,Sofa,1,22948.21,0.25,Cash,New,No,22948.21,5737.0525,17211.1575
ORD301744,2024-01-11,CUST12282,Customer_12282,South,Hyderabad,Sports,Football,6,1765.94,0.1,UPI,New,No,10595.64,1059.564,9536.076
ORD301745,2024-03-31,CUST12590,Customer_12590,South,,Furniture,Sofa,4,9875.65,0.05,Net Banking,Returning,No,39502.6,1975.13,37527.47
ORD301746,2025-02-18,CUST12096,Customer_12096,West,Hyderabad,Home & Kitchen,Water Bottle,1,1992.88,0.05,Cash,Returning,No,1992.88,99.644,1893.236
ORD301747,2025-12-28,CUST12042,Customer_12042,South,Bengaluru,Electronics,Wireless Headphones,3,20134.61,0.25,Credit Card,New,No,60403.83,15100.9575,45302.8725
ORD301748,2024-06-22,CUST12274,Customer_12274,South,Kolkata,Clothing,Sneakers,1,895.42,0.2,UPI,New,No,895.42,179.084,716.336
ORD301749,2024-12-02,CUST12517,Customer_12517,North,Mumbai,Clothing,Jeans,3,1742.89,0.0,Credit Card,Returning,No,5228.67,0.0,5228.67
ORD301750,2024-06-22,CUST12830,Customer_12830,North,Hyderabad,Furniture,Bookshelf,3,13124.8,0.1,Credit Card,Returning,No,39374.399999999994,3937.4399999999996,35436.95999999999
ORD301751,2024-08-28,CUST12242,Customer_12242,South,Mumbai,Electronics,Smart Watch,2,13527.03,0.1,UPI,Returning,No,27054.06,2705.4060000000004,24348.654000000002
ORD301752,2025-04-12,CUST13258,Customer_13258,West,Chennai,Sports,Running Shoes,6,3925.61,0.1,Net Banking,Returning,No,23553.66,2355.366,21198.294
ORD301753,2024-04-19,CUST13218,Customer_13218,South,Vijayawada,Clothing,Jeans,3,4055.75,0.05,Cash,Returning,No,12167.25,608.3625000000001,11558.8875
ORD301754,2025-04-07,CUST12311,Customer_12311,East,Pune,Home & Kitchen,Storage Box,1,7460.96,0.1,UPI,Returning,No,7460.96,746.096,6714.864
ORD301755,2025-05-09,CUST12489,Customer_12489,South,Vijayawada,Sports,Yoga Mat,5,6290.78,0.05,Debit Card,New,No,31453.899999999998,1572.695,29881.204999999998
ORD301756,2024-03-30,CUST12687,Customer_12687,South,Delhi,Home & Kitchen,Mixer Grinder,4,8990.75,0.05,Credit Card,Returning,No,35963.0,1798.15,34164.85
ORD301757,2025-01-03,CUST12781,Customer_12781,South,Bengaluru,Sports,Yoga Mat,2,9340.77,0.0,UPI,New,No,18681.54,0.0,18681.54
ORD301758,2025-06-24,CUST12177,Customer_12177,West,Hyderabad,Home & Kitchen,Cookware Set,1,8461.55,0.15,UPI,Returning,Yes,8461.55,1269.2324999999998,7192.317499999999
ORD301759,2024-04-27,CUST12960,Customer_12960,North,Mumbai,Home & Kitchen,Bedsheet,2,6049.75,0.0,Credit Card,Returning,No,12099.5,0.0,12099.5
ORD301760,2025-11-09,CUST13456,Customer_13456,South,Pune,Sports,Yoga Mat,1,854.84,0.2,Debit Card,Returning,No,854.84,170.96800000000002,683.8720000000001
ORD301761,2025-07-13,CUST12324,Customer_12324,East,Kolkata,Electronics,Power Bank,5,18982.23,0.15,Debit Card,Returning,Yes,94911.15,14236.672499999999,80674.4775
ORD301762,2025-11-19,CUST12484,Customer_12484,South,Delhi,Electronics,Bluetooth Speaker,1,16595.33,0.05,Cash,Returning,No,16595.33,829.7665000000002,15765.563500000002
ORD301763,2025-04-16,CUST12373,Customer_12373,North,Mumbai,Clothing,Formal Shirt,1,1075.42,0.0,Cash,Returning,No,1075.42,0.0,1075.42
ORD301764,2024-06-06,CUST12844,Customer_12844,West,Mumbai,Furniture,Office Chair,4,4779.76,0.25,Debit Card,Returning,No,19119.04,4779.76,14339.28
ORD301765,2025-03-19,CUST13091,Customer_13091,North,Mumbai,Home & Kitchen,Mixer Grinder,2,3580.27,0.05,Credit Card,Returning,No,7160.54,358.02700000000004,6802.513
ORD301766,2025-06-04,CUST12256,Customer_12256,North,Bengaluru,Electronics,Bluetooth Speaker,3,5448.44,0.15,Credit Card,Returning,No,16345.32,2451.798,13893.522
ORD301767,2025-06-17,CUST13333,Customer_13333,East,Pune,Furniture,Study Table,2,22960.87,0.15,Credit Card,Returning,Yes,45921.74,6888.2609999999995,39033.479
ORD301768,2024-04-10,CUST12718,Customer_12718,West,Pune,Clothing,T-Shirt,3,4195.07,0.15,Credit Card,Returning,No,12585.21,1887.7814999999998,10697.4285
ORD301769,2025-12-08,CUST12102,Customer_12102,East,Kolkata,Electronics,Power Bank,2,17837.63,0.1,Debit Card,New,No,35675.26,3567.5260000000003,32107.734
ORD301770,2025-06-05,CUST13454,Customer_13454,North,Delhi,Clothing,Jeans,3,1400.27,0.15,UPI,New,No,4200.8099999999995,630.1214999999999,3570.6884999999997
ORD301771,2025-09-01,CUST12938,Customer_12938,North,Pune,Home & Kitchen,Water Bottle,1,9998.06,0.05,Credit Card,Returning,No,9998.06,499.903,9498.157
ORD301772,2025-03-09,CUST12847,Customer_12847,West,Hyderabad,Home & Kitchen,Storage Box,1,3014.81,0.05,Debit Card,Returning,No,3014.81,150.7405,2864.0695
ORD301773,2024-01-21,CUST12718,Customer_12718,South,Mumbai,Clothing,Jacket,1,3533.65,0.0,Credit Card,Returning,No,3533.65,0.0,3533.65
ORD301774,2024-08-13,CUST13319,Customer_13319,West,Bengaluru,Home & Kitchen,Cookware Set,3,5302.29,0.0,UPI,Returning,No,15906.869999999999,0.0,15906.869999999999
ORD301775,2024-10-12,CUST12085,Customer_12085,East,Vijayawada,Electronics,USB Keyboard,2,1727.65,0.1,UPI,Returning,No,3455.3,345.53000000000003,3109.77
ORD301776,2024-03-18,CUST13380,Customer_13380,East,Mumbai,Clothing,T-Shirt,7,3532.67,0.1,Cash,Returning,No,24728.690000000002,2472.8690000000006,22255.821000000004
ORD301777,2025-07-08,CUST12585,Customer_12585,West,Kolkata,Home & Kitchen,Bedsheet,4,3312.12,0.05,UPI,Returning,No,13248.48,662.424,12586.056
ORD301778,2024-04-12,CUST12959,Customer_12959,South,Mumbai,Sports,Running Shoes,2,5790.97,0.0,Debit Card,Returning,No,11581.94,0.0,11581.94
ORD301779,2024-02-25,CUST12275,Customer_12275,North,Pune,Electronics,Bluetooth Speaker,6,17152.38,0.15,Cash,Returning,Yes,102914.28,15437.142,87477.138
ORD301780,2025-08-07,CUST12334,Customer_12334,West,Hyderabad,Electronics,Wireless Headphones,5,955.71,0.25,Credit Card,New,No,4778.55,1194.6375,3583.9125000000004
ORD301781,2024-11-25,CUST13170,Customer_13170,South,Mumbai,Sports,Running Shoes,1,724.66,0.15,Credit Card,Returning,No,724.66,108.699,615.961
ORD301782,2025-12-27,CUST12751,Customer_12751,East,Pune,Furniture,Coffee Table,1,6239.11,0.05,Debit Card,Returning,No,6239.11,311.95550000000003,5927.1545
ORD301783,2024-03-23,CUST12081,Customer_12081,South,Mumbai,Home & Kitchen,Cookware Set,6,3409.16,0.05,Debit Card,Returning,No,20454.96,1022.748,19432.212
ORD301784,2025-05-16,CUST13426,Customer_13426,East,Kolkata,Electronics,Bluetooth Speaker,2,12951.76,0.0,Credit Card,New,No,25903.52,0.0,25903.52
ORD301785,2025-03-21,CUST13039,Customer_13039,West,Chennai,Sports,Cricket Bat,2,8800.84,0.05,UPI,New,No,17601.68,880.0840000000001,16721.596
ORD301786,2024-08-28,CUST13009,Customer_13009,South,Pune,Home & Kitchen,Mixer Grinder,2,5622.69,0.0,Credit Card,Returning,No,11245.38,0.0,11245.38
ORD301787,2025-04-16,CUST12415,Customer_12415,East,Hyderabad,Furniture,Coffee Table,3,9677.03,0.0,Debit Card,Returning,No,29031.090000000004,0.0,29031.090000000004
ORD301788,2024-11-16,CUST13328,Customer_13328,South,Bengaluru,Sports,Running Shoes,1,4804.5,0.2,UPI,Returning,No,4804.5,960.9000000000001,3843.6
ORD301789,2024-09-13,CUST13119,Customer_13119,North,Delhi,Furniture,Bookshelf,1,15241.59,0.0,Debit Card,Returning,No,15241.59,0.0,15241.59
ORD301790,2025-02-10,CUST13139,Customer_13139,West,Pune,Home & Kitchen,Bedsheet,2,8002.12,0.15,Cash,Returning,Yes,16004.24,2400.636,13603.604
ORD301791,2024-02-06,CUST12369,Customer_12369,South,Hyderabad,Home & Kitchen,Storage Box,3,5554.14,0.05,Net Banking,Returning,Yes,16662.420000000002,833.1210000000001,15829.299000000003
ORD301792,2025-03-25,CUST12285,Customer_12285,East,Delhi,Furniture,Study Table,3,20202.76,0.0,Cash,Returning,No,60608.28,0.0,60608.28
ORD301793,2024-07-25,CUST13445,Customer_13445,North,Hyderabad,Sports,Running Shoes,2,5335.99,0.05,Credit Card,Returning,No,10671.98,533.599,10138.381
ORD301794,2025-09-26,CUST12167,Customer_12167,East,Pune,Clothing,Jacket,5,811.2,0.1,Net Banking,Returning,No,4056.0,405.6,3650.4
ORD301795,2024-11-02,CUST12780,Customer_12780,West,Delhi,Home & Kitchen,Bedsheet,4,2891.76,0.05,UPI,Returning,No,11567.04,578.3520000000001,10988.688
ORD301796,2024-03-08,CUST13453,Customer_13453,North,Bengaluru,Electronics,Power Bank,6,1399.06,0.1,Cash,Returning,No,8394.36,839.4360000000001,7554.924000000001
ORD301797,2024-11-12,CUST12823,Customer_12823,West,Hyderabad,Sports,Yoga Mat,4,1952.39,0.0,Net Banking,Returning,No,7809.56,0.0,7809.56
ORD301798,2024-04-28,CUST12994,Customer_12994,West,Chennai,Clothing,Formal Shirt,1,4047.5,0.1,Cash,New,No,4047.5,404.75,3642.75
ORD301799,2025-01-19,CUST12814,Customer_12814,North,Pune,Furniture,Office Chair,6,15257.16,0.15,Debit Card,Returning,No,91542.95999999999,13731.443999999998,77811.51599999999
ORD301800,2024-12-21,CUST13492,Customer_13492,North,Vijayawada,Sports,Football,2,6940.74,0.05,Debit Card,Returning,Yes,13881.48,694.0740000000001,13187.405999999999
ORD301801,2024-05-17,CUST13499,Customer_13499,West,Bengaluru,Home & Kitchen,Storage Box,6,3196.18,0.15,Credit Card,Returning,No,19177.079999999998,2876.5619999999994,16300.517999999998
ORD301802,2025-03-01,CUST12449,Customer_12449,North,Pune,Home & Kitchen,Storage Box,1,10947.14,0.05,UPI,Returning,No,10947.14,547.357,10399.783
ORD301803,2025-10-06,CUST12913,Customer_12913,West,Kolkata,Sports,Running Shoes,4,9211.56,0.1,Credit Card,Returning,No,36846.24,3684.624,33161.615999999995
ORD301804,2024-04-04,CUST12281,Customer_12281,East,Chennai,Clothing,Jacket,2,3379.97,0.1,Credit Card,Returning,Yes,6759.94,675.994,6083.946
ORD301805,2024-11-06,CUST12660,Customer_12660,West,Mumbai,Home & Kitchen,Cookware Set,3,6867.68,0.15,Net Banking,Returning,No,20603.04,3090.456,17512.584000000003
ORD301806,2025-02-13,CUST12275,Customer_12275,North,Pune,Electronics,Smart Watch,2,19515.27,0.15,Credit Card,New,No,39030.54,5854.581,33175.959
ORD301807,2024-11-16,CUST13382,Customer_13382,South,Mumbai,Clothing,Jeans,6,773.58,0.1,UPI,New,No,4641.4800000000005,464.1480000000001,4177.332
ORD301808,2024-04-20,CUST13190,Customer_13190,West,Kolkata,Clothing,Formal Shirt,3,2924.36,0.1,Credit Card,Returning,No,8773.08,877.308,7895.772
ORD301809,2025-05-24,CUST12448,Customer_12448,North,Vijayawada,Home & Kitchen,Bedsheet,4,2463.97,0.0,UPI,Returning,Yes,9855.88,0.0,9855.88
ORD301810,2025-01-27,CUST13114,Customer_13114,West,Chennai,Home & Kitchen,Storage Box,2,2640.13,0.05,UPI,New,No,5280.26,264.01300000000003,5016.247
ORD301811,2024-06-14,CUST13163,Customer_13163,South,Kolkata,Electronics,USB Keyboard,2,17874.63,0.1,Credit Card,New,No,35749.26,3574.9260000000004,32174.334000000003
ORD301812,2024-03-21,CUST12510,Customer_12510,East,Pune,Clothing,T-Shirt,7,4951.89,0.15,Net Banking,Returning,No,34663.23,5199.4845000000005,29463.745500000005
ORD301813,2025-03-22,CUST12132,Customer_12132,West,Vijayawada,Clothing,Jeans,6,5392.29,0.15,UPI,New,No,32353.739999999998,4853.061,27500.678999999996
ORD301814,2025-10-17,CUST13154,Customer_13154,North,Delhi,Sports,Cricket Bat,5,2191.67,0.15,Net Banking,Returning,No,10958.35,1643.7525,9314.5975
ORD301815,2025-07-11,CUST12796,Customer_12796,North,Pune,Home & Kitchen,Water Bottle,3,10587.88,0.05,Credit Card,New,No,31763.64,1588.182,30175.458
ORD301816,2025-05-07,CUST13049,Customer_13049,North,Vijayawada,Electronics,USB Keyboard,1,21092.94,0.0,Net Banking,Returning,No,21092.94,0.0,21092.94
ORD301817,2024-08-21,CUST12197,Customer_12197,East,Hyderabad,Sports,Running Shoes,3,2663.52,0.25,Net Banking,New,No,7990.5599999999995,1997.6399999999999,5992.92
ORD301818,2025-04-26,CUST12145,Customer_12145,East,Mumbai,Furniture,Study Table,1,2024.54,0.1,Cash,New,No,2024.54,202.454,1822.086
ORD301819,2024-11-28,CUST12056,Customer_12056,East,Chennai,Furniture,Office Chair,1,5646.11,0.2,Net Banking,Returning,Yes,5646.11,1129.222,4516.888
ORD301820,2024-07-20,CUST12723,Customer_12723,South,Chennai,Sports,Cricket Bat,3,2071.46,0.05,Net Banking,Returning,No,6214.38,310.71900000000005,5903.661
ORD301821,2025-05-18,CUST12882,Customer_12882,South,Pune,Furniture,Office Chair,2,16089.42,0.05,Net Banking,Returning,No,32178.84,1608.942,30569.898
ORD301822,2024-08-28,CUST13211,Customer_13211,North,Mumbai,Furniture,Sofa,2,4972.25,0.05,UPI,Returning,No,9944.5,497.225,9447.275
ORD301823,2024-11-19,CUST12384,Customer_12384,West,Bengaluru,Home & Kitchen,Water Bottle,1,5994.78,0.15,UPI,New,No,5994.78,899.217,5095.563
ORD301824,2024-03-24,CUST12704,Customer_12704,South,Hyderabad,Sports,Dumbbells,3,8998.88,0.15,Net Banking,New,No,26996.64,4049.4959999999996,22947.144
ORD301825,2024-03-09,CUST12273,Customer_12273,South,Chennai,Clothing,Jacket,4,947.92,0.0,Net Banking,New,No,3791.68,0.0,3791.68
ORD301826,2025-05-28,CUST12490,Customer_12490,North,Kolkata,Electronics,Bluetooth Speaker,2,9247.07,0.1,Debit Card,Returning,No,18494.14,1849.414,16644.726
ORD301827,2025-05-27,CUST12512,Customer_12512,East,Kolkata,Clothing,Formal Shirt,3,601.77,0.1,Credit Card,Returning,No,1805.31,180.531,1624.779
ORD301828,2025-04-21,CUST12205,Customer_12205,North,Pune,Sports,Yoga Mat,3,4200.12,0.0,Cash,New,Yes,12600.36,0.0,12600.36
ORD301829,2025-09-23,CUST12472,Customer_12472,East,Kolkata,Home & Kitchen,Storage Box,6,7614.06,0.15,Credit Card,Returning,No,45684.36,6852.6539999999995,38831.706
ORD301830,2024-08-23,CUST12908,Customer_12908,East,Bengaluru,Clothing,Formal Shirt,2,3833.69,0.1,Net Banking,Returning,No,7667.38,766.738,6900.642
ORD301831,2024-03-24,CUST12390,Customer_12390,East,Hyderabad,Electronics,Smart Watch,2,19943.47,0.1,Net Banking,Returning,No,39886.94,3988.6940000000004,35898.246
ORD301832,2025-04-30,CUST13138,Customer_13138,West,Kolkata,Clothing,Sneakers,6,1467.3,0.05,Net Banking,New,No,8803.8,440.19,8363.609999999999
ORD301833,2024-03-18,CUST12793,Customer_12793,West,Bengaluru,Sports,Dumbbells,1,637.0,0.2,Credit Card,New,No,637.0,127.4,509.6
ORD301834,2024-10-10,CUST12171,Customer_12171,East,Mumbai,Sports,Yoga Mat,2,2800.41,0.1,Debit Card,New,No,5600.82,560.082,5040.737999999999
ORD301835,2025-02-22,CUST12902,Customer_12902,South,Hyderabad,Furniture,Bookshelf,2,22637.88,0.1,Net Banking,Returning,No,45275.76,4527.576,40748.184
ORD301836,2025-08-18,CUST12125,Customer_12125,South,Bengaluru,Clothing,T-Shirt,7,2624.37,0.1,Net Banking,Returning,Yes,18370.59,1837.0590000000002,16533.531
ORD301837,2024-06-03,CUST12513,Customer_12513,North,Kolkata,Clothing,Jacket,1,1767.06,0.05,Net Banking,Returning,No,1767.06,88.35300000000001,1678.7069999999999
ORD301838,2025-11-15,CUST12699,Customer_12699,South,Bengaluru,Home & Kitchen,Cookware Set,2,8267.98,0.05,Credit Card,Returning,No,16535.96,826.798,15709.161999999998
ORD301839,2024-12-21,CUST13122,Customer_13122,South,Pune,Clothing,Jacket,3,2948.23,0.05,Credit Card,Returning,No,8844.69,442.2345,8402.4555
ORD301840,2025-04-07,CUST12710,Customer_12710,West,Mumbai,Furniture,Bookshelf,1,2770.12,0.1,UPI,Returning,No,2770.12,277.012,2493.1079999999997
ORD301841,2025-09-28,CUST13076,Customer_13076,North,Delhi,Furniture,Office Chair,2,3174.66,0.15,Debit Card,Returning,No,6349.32,952.3979999999999,5396.922
ORD301842,2024-08-30,CUST12206,Customer_12206,South,Pune,Home & Kitchen,Storage Box,2,10518.51,0.15,Credit Card,New,No,21037.02,3155.553,17881.467
ORD301843,2024-12-29,CUST12611,Customer_12611,East,Delhi,Furniture,Study Table,3,14974.03,0.0,Net Banking,Returning,No,44922.090000000004,0.0,44922.090000000004
ORD301844,2025-05-28,CUST13468,Customer_13468,North,Mumbai,Clothing,Jacket,2,4127.08,0.05,Net Banking,Returning,No,8254.16,412.708,7841.452
ORD301845,2024-06-20,CUST12269,Customer_12269,East,Chennai,Clothing,Sneakers,1,5005.53,0.1,Cash,Returning,No,5005.53,500.553,4504.977
ORD301846,2025-07-07,CUST13015,Customer_13015,South,Kolkata,Furniture,Office Chair,2,10255.15,0.15,UPI,Returning,No,20510.3,3076.5449999999996,17433.755
ORD301847,2024-03-28,CUST12030,Customer_12030,South,Mumbai,Clothing,Sneakers,4,529.07,0.05,Net Banking,New,No,2116.28,105.81400000000002,2010.4660000000001
ORD301848,2025-05-28,CUST12474,Customer_12474,South,Mumbai,Home & Kitchen,Mixer Grinder,2,10254.14,0.1,Debit Card,Returning,No,20508.28,2050.828,18457.451999999997
ORD301849,2024-01-07,CUST12375,Customer_12375,South,Hyderabad,Sports,Cricket Bat,1,7391.07,0.0,Cash,Returning,No,7391.07,0.0,7391.07
ORD301850,2025-05-19,CUST12854,Customer_12854,North,Kolkata,Electronics,Power Bank,1,13849.59,0.05,UPI,Returning,No,13849.59,692.4795,13157.1105
ORD301851,2024-10-20,CUST12222,Customer_12222,East,Pune,Home & Kitchen,Cookware Set,3,8435.04,0.1,Credit Card,Returning,Yes,25305.120000000003,2530.5120000000006,22774.608
ORD301852,2025-08-15,CUST12658,Customer_12658,West,Vijayawada,Home & Kitchen,Bedsheet,2,771.45,0.0,Net Banking,New,No,1542.9,0.0,1542.9
ORD301853,2025-04-03,CUST13292,Customer_13292,East,Hyderabad,Home & Kitchen,Cookware Set,1,5243.96,0.0,Cash,Returning,No,5243.96,0.0,5243.96
ORD301854,2025-04-30,CUST13145,Customer_13145,West,Hyderabad,Electronics,Bluetooth Speaker,1,15562.22,0.0,UPI,New,No,15562.22,0.0,15562.22
ORD301855,2025-02-10,CUST12666,Customer_12666,West,Delhi,Sports,Football,2,528.21,0.1,Net Banking,Returning,No,1056.42,105.64200000000001,950.778
ORD301856,2024-03-31,CUST12046,Customer_12046,East,Pune,Electronics,Wireless Headphones,1,6119.93,0.1,UPI,New,No,6119.93,611.993,5507.937
ORD301857,2024-02-28,CUST12839,Customer_12839,West,Chennai,Sports,Cricket Bat,2,5917.17,0.25,Debit Card,Returning,No,11834.34,2958.585,8875.755000000001
ORD301858,2025-08-08,CUST12535,Customer_12535,South,Mumbai,Sports,Dumbbells,3,1042.63,0.05,Net Banking,New,No,3127.8900000000003,156.39450000000002,2971.4955000000004
ORD301859,2025-11-07,CUST12971,Customer_12971,South,Chennai,Electronics,Smart Watch,4,3633.99,0.15,Debit Card,Returning,No,14535.96,2180.394,12355.565999999999
ORD301860,2025-11-28,CUST13033,Customer_13033,East,Pune,Clothing,T-Shirt,1,5599.72,0.2,UPI,New,No,5599.72,1119.9440000000002,4479.776
ORD301861,2025-03-08,CUST12081,Customer_12081,East,Hyderabad,Home & Kitchen,Cookware Set,3,10849.09,0.0,UPI,Returning,Yes,32547.27,0.0,32547.27
ORD301862,2025-08-11,CUST12792,Customer_12792,West,Pune,Home & Kitchen,Bedsheet,5,7709.56,0.05,Cash,Returning,No,38547.8,1927.3900000000003,36620.41
ORD301863,2025-06-30,CUST12837,Customer_12837,North,Chennai,Electronics,Smart Watch,5,19630.05,0.2,UPI,New,No,98150.25,19630.05,78520.2
ORD301864,2025-05-26,CUST12399,Customer_12399,North,Bengaluru,Home & Kitchen,Mixer Grinder,1,9625.12,0.1,Debit Card,Returning,No,9625.12,962.5120000000002,8662.608
ORD301865,2025-09-22,CUST13186,Customer_13186,South,Kolkata,Clothing,Sneakers,2,1954.8,0.05,Debit Card,New,No,3909.6,195.48000000000002,3714.12
ORD301866,2025-05-28,CUST13311,Customer_13311,East,Bengaluru,Sports,Cricket Bat,2,8443.91,0.2,Credit Card,Returning,No,16887.82,3377.5640000000003,13510.256
ORD301867,2024-05-20,CUST12995,Customer_12995,South,Kolkata,Electronics,Power Bank,7,9795.04,0.1,Credit Card,New,No,68565.28,6856.528,61708.752
ORD301868,2025-10-22,CUST12114,Customer_12114,South,Mumbai,Clothing,Formal Shirt,5,2803.46,0.1,Debit Card,New,No,14017.3,1401.73,12615.57
ORD301869,2024-03-03,CUST12977,Customer_12977,North,Kolkata,Electronics,Power Bank,4,18378.73,0.0,Cash,Returning,No,73514.92,0.0,73514.92
ORD301870,2025-07-26,CUST13500,Customer_13500,East,Mumbai,Sports,Running Shoes,4,4591.53,0.05,Credit Card,Returning,No,18366.12,918.306,17447.814
ORD301871,2024-12-27,CUST13209,Customer_13209,South,Mumbai,Clothing,Formal Shirt,2,3747.91,0.1,UPI,Returning,No,7495.82,749.582,6746.237999999999
ORD301872,2024-12-29,CUST12079,Customer_12079,East,Hyderabad,Electronics,Bluetooth Speaker,5,15474.19,0.15,Cash,Returning,No,77370.95,11605.6425,65765.3075
ORD301873,2025-07-03,CUST12246,Customer_12246,West,Vijayawada,Clothing,Sneakers,5,3596.73,0.1,Cash,New,No,17983.65,1798.3650000000002,16185.285000000002
ORD301874,2025-04-12,CUST12338,Customer_12338,South,Mumbai,Sports,Yoga Mat,4,4937.74,0.1,Cash,Returning,No,19750.96,1975.096,17775.863999999998
ORD301875,2025-04-18,CUST13415,Customer_13415,East,Kolkata,Furniture,Coffee Table,3,2868.37,0.15,Cash,New,No,8605.11,1290.7665,7314.343500000001
ORD301876,2024-04-05,CUST12167,Customer_12167,West,Delhi,Furniture,Study Table,2,19056.73,0.0,Cash,Returning,Yes,38113.46,0.0,38113.46
ORD301877,2025-06-20,CUST12645,Customer_12645,West,Chennai,Clothing,Jeans,4,604.76,0.0,UPI,New,No,2419.04,0.0,2419.04
ORD301878,2025-09-17,CUST12435,Customer_12435,West,Kolkata,Clothing,T-Shirt,1,5762.44,0.0,Cash,Returning,No,5762.44,0.0,5762.44
ORD301879,2025-12-05,CUST12782,Customer_12782,West,Hyderabad,Home & Kitchen,Cookware Set,4,2055.52,0.1,Cash,New,No,8222.08,822.2080000000001,7399.871999999999
ORD301880,2024-02-09,CUST13219,Customer_13219,North,Bengaluru,Electronics,USB Keyboard,4,8647.77,0.05,UPI,Returning,No,34591.08,1729.554,32861.526
ORD301881,2025-03-04,CUST12086,Customer_12086,North,Kolkata,Clothing,Sneakers,1,5747.37,0.1,Debit Card,Returning,No,5747.37,574.737,5172.633
ORD301882,2024-01-09,CUST12314,Customer_12314,South,Hyderabad,Electronics,Bluetooth Speaker,3,22404.52,0.05,Cash,Returning,No,67213.56,3360.678,63852.882
ORD301883,2025-08-01,CUST12661,Customer_12661,West,Bengaluru,Electronics,Wireless Headphones,3,7234.87,0.25,Net Banking,New,No,21704.61,5426.1525,16278.4575
ORD301884,2024-06-30,CUST12155,Customer_12155,West,Delhi,Electronics,Smart Watch,6,23111.4,0.1,Credit Card,New,No,138668.40000000002,13866.840000000004,124801.56000000003
ORD301885,2024-02-10,CUST12008,Customer_12008,South,Kolkata,Furniture,Sofa,1,19613.24,0.15,Net Banking,Returning,No,19613.24,2941.9860000000003,16671.254
ORD301886,2025-05-14,CUST13088,Customer_13088,East,Bengaluru,Furniture,Coffee Table,3,9140.47,0.1,UPI,New,No,27421.409999999996,2742.1409999999996,24679.268999999997
ORD301887,2025-12-12,CUST12843,Customer_12843,West,Hyderabad,Electronics,USB Keyboard,3,13213.72,0.1,Cash,Returning,No,39641.159999999996,3964.116,35677.043999999994
ORD301888,2025-03-15,CUST12701,Customer_12701,East,Delhi,Home & Kitchen,Cookware Set,1,4929.24,0.0,Net Banking,New,No,4929.24,0.0,4929.24
ORD301889,2024-10-16,CUST12966,Customer_12966,South,Delhi,Electronics,Bluetooth Speaker,3,19556.26,0.05,UPI,New,No,58668.78,2933.4390000000003,55735.341
ORD301890,2025-12-14,CUST12996,Customer_12996,South,Mumbai,Clothing,Jacket,2,2617.17,0.05,UPI,New,No,5234.34,261.71700000000004,4972.6230000000005
ORD301891,2025-03-01,CUST13030,Customer_13030,East,Bengaluru,Electronics,Power Bank,1,8516.65,0.05,Credit Card,Returning,No,8516.65,425.8325,8090.817499999999
ORD301892,2025-09-05,CUST13106,Customer_13106,East,Vijayawada,Furniture,Study Table,2,16032.28,0.1,Credit Card,New,No,32064.56,3206.456,28858.104
ORD301893,2025-10-11,CUST12516,Customer_12516,North,Kolkata,Home & Kitchen,Storage Box,1,2523.06,0.05,Cash,Returning,No,2523.06,126.153,2396.907
ORD301894,2025-04-22,CUST13183,Customer_13183,East,Kolkata,Home & Kitchen,Cookware Set,3,11165.57,0.05,Credit Card,Returning,No,33496.71,1674.8355000000001,31821.874499999998
ORD301895,2024-01-07,CUST13325,Customer_13325,East,Bengaluru,Furniture,Study Table,1,27432.85,0.1,Cash,Returning,No,27432.85,2743.285,24689.565
ORD301896,2025-12-14,CUST13231,Customer_13231,South,Pune,Sports,Yoga Mat,4,6456.9,0.05,Cash,Returning,No,25827.6,1291.38,24536.219999999998
ORD301897,2024-02-29,CUST13360,Customer_13360,South,Bengaluru,Furniture,Office Chair,6,9289.39,0.15,Net Banking,New,No,55736.34,8360.451,47375.888999999996
ORD301898,2025-03-05,CUST13212,Customer_13212,North,Mumbai,Clothing,T-Shirt,2,5047.05,0.1,Debit Card,New,No,10094.1,1009.4100000000001,9084.69
ORD301899,2024-01-09,CUST12454,Customer_12454,North,Pune,Furniture,Study Table,2,21669.21,0.15,Debit Card,Returning,No,43338.42,6500.763,36837.657
ORD301900,2024-09-26,CUST13100,Customer_13100,North,Bengaluru,Furniture,Coffee Table,4,18350.49,0.15,Debit Card,Returning,No,73401.96,11010.294,62391.666000000005
ORD301901,2024-05-31,CUST12699,Customer_12699,North,Kolkata,Furniture,Study Table,3,4766.98,0.25,UPI,Returning,No,14300.939999999999,3575.2349999999997,10725.704999999998
ORD301902,2024-09-26,CUST12359,Customer_12359,West,Bengaluru,Clothing,T-Shirt,6,5421.78,0.15,Debit Card,Returning,No,32530.68,4879.602,27651.078
ORD301903,2025-07-09,CUST12265,Customer_12265,South,Chennai,Electronics,USB Keyboard,2,3176.15,0.2,Cash,New,Yes,6352.3,1270.46,5081.84
ORD301904,2024-12-22,CUST13349,Customer_13349,West,Pune,Electronics,USB Keyboard,1,19997.78,0.15,Debit Card,New,No,19997.78,2999.667,16998.112999999998
ORD301905,2024-04-18,CUST12483,Customer_12483,North,Bengaluru,Clothing,Jeans,3,2758.25,0.05,Cash,Returning,No,8274.75,413.7375,7861.0125
ORD301906,2024-08-21,CUST13115,Customer_13115,North,Mumbai,Clothing,Sneakers,1,2687.33,0.0,Credit Card,Returning,No,2687.33,0.0,2687.33
ORD301907,2025-04-15,CUST13038,Customer_13038,West,Bengaluru,Furniture,Sofa,1,14924.65,0.2,Net Banking,Returning,No,14924.65,2984.9300000000003,11939.72
ORD301908,2024-02-11,CUST12756,Customer_12756,South,Mumbai,Furniture,Sofa,1,10174.15,0.05,Cash,New,No,10174.15,508.7075,9665.4425
ORD301909,2024-06-22,CUST12994,Customer_12994,East,Delhi,Clothing,Jeans,4,3518.64,0.25,UPI,New,No,14074.56,3518.64,10555.92
ORD301910,2025-02-01,CUST12707,Customer_12707,East,Bengaluru,Clothing,T-Shirt,6,2140.98,0.15,Net Banking,New,No,12845.880000000001,1926.882,10918.998000000001
ORD301911,2024-10-05,CUST12740,Customer_12740,West,Mumbai,Electronics,Power Bank,6,15863.6,0.1,Debit Card,Returning,No,95181.6,9518.160000000002,85663.44
ORD301912,2025-12-10,CUST12301,Customer_12301,West,Delhi,Sports,Dumbbells,3,7997.1,0.05,Net Banking,Returning,No,23991.300000000003,1199.5650000000003,22791.735000000004
ORD301913,2025-11-12,CUST13470,Customer_13470,North,Bengaluru,Home & Kitchen,Cookware Set,2,9158.79,0.15,UPI,Returning,No,18317.58,2747.637,15569.943000000001
ORD301914,2025-02-28,CUST12896,Customer_12896,South,Bengaluru,Furniture,Office Chair,1,2449.24,0.05,Cash,New,No,2449.24,122.46199999999999,2326.778
ORD301915,2024-07-01,CUST13036,Customer_13036,North,Kolkata,Clothing,Jeans,1,3998.09,0.0,UPI,New,No,3998.09,0.0,3998.09
ORD301916,2024-06-15,CUST12132,Customer_12132,South,Vijayawada,Electronics,Smart Watch,1,10031.68,0.0,Cash,New,Yes,10031.68,0.0,10031.68
ORD301917,2025-07-19,CUST12815,Customer_12815,West,Hyderabad,Clothing,T-Shirt,5,3311.47,0.0,Net Banking,Returning,No,16557.35,0.0,16557.35
ORD301918,2025-09-25,CUST12498,Customer_12498,East,Mumbai,Furniture,Sofa,1,21249.64,0.05,Debit Card,New,No,21249.64,1062.482,20187.158
ORD301919,2024-10-07,CUST12107,Customer_12107,South,Pune,Sports,Dumbbells,3,1192.2,0.05,Credit Card,New,No,3576.6000000000004,178.83000000000004,3397.7700000000004
ORD301920,2025-04-11,CUST12630,Customer_12630,East,Hyderabad,Sports,Football,1,9279.99,0.05,Credit Card,New,No,9279.99,463.9995,8815.9905
ORD301921,2024-11-19,CUST12119,Customer_12119,West,Kolkata,Electronics,Bluetooth Speaker,5,13465.71,0.1,Net Banking,Returning,No,67328.54999999999,6732.855,60595.69499999999
ORD301922,2024-07-15,CUST12309,Customer_12309,West,Kolkata,Home & Kitchen,Storage Box,6,7115.27,0.0,Credit Card,Returning,No,42691.62,0.0,42691.62
ORD301923,2024-12-26,CUST12227,Customer_12227,North,Hyderabad,Home & Kitchen,Cookware Set,1,3425.72,0.05,UPI,Returning,No,3425.72,171.286,3254.4339999999997
ORD301924,2024-06-01,CUST13184,Customer_13184,East,Bengaluru,Home & Kitchen,Water Bottle,1,1810.26,0.1,Cash,Returning,No,1810.26,181.026,1629.234
ORD301925,2025-11-26,CUST13246,Customer_13246,North,Pune,Clothing,Jeans,1,5003.54,0.05,Cash,Returning,No,5003.54,250.17700000000002,4753.363
ORD301926,2024-05-05,CUST13067,Customer_13067,South,Hyderabad,Electronics,Power Bank,2,978.77,0.0,Credit Card,Returning,No,1957.54,0.0,1957.54
ORD301927,2025-06-18,CUST13256,Customer_13256,North,Chennai,Furniture,Sofa,2,18927.26,0.1,Cash,Returning,No,37854.52,3785.4519999999998,34069.068
ORD301928,2024-02-13,CUST12406,Customer_12406,North,Kolkata,Furniture,Coffee Table,3,10421.48,0.05,Credit Card,Returning,No,31264.44,1563.222,29701.217999999997
ORD301929,2025-12-29,CUST12533,Customer_12533,East,Hyderabad,Furniture,Study Table,3,7186.01,0.15,Net Banking,New,No,21558.03,3233.7045,18324.3255
ORD301930,2024-04-30,CUST12672,Customer_12672,North,Mumbai,Sports,Running Shoes,1,4916.86,0.15,Debit Card,Returning,No,4916.86,737.5289999999999,4179.331
ORD301931,2024-06-27,CUST12631,Customer_12631,South,Mumbai,Sports,Football,3,4578.41,0.05,Debit Card,New,No,13735.23,686.7615000000001,13048.468499999999
ORD301932,2024-06-14,CUST12938,Customer_12938,South,Pune,Furniture,Sofa,1,25031.11,0.1,Credit Card,Returning,No,25031.11,2503.1110000000003,22527.999
ORD301933,2024-08-24,CUST12403,Customer_12403,East,Vijayawada,Home & Kitchen,Storage Box,5,10710.51,0.05,Cash,New,No,53552.55,2677.6275000000005,50874.9225
ORD301934,2024-05-13,CUST12004,Customer_12004,North,Pune,Sports,Cricket Bat,2,4556.62,0.05,Cash,Returning,No,9113.24,455.66200000000003,8657.578
ORD301935,2025-08-02,CUST13458,Customer_13458,South,Hyderabad,Furniture,Office Chair,3,5091.2,0.1,Credit Card,New,No,15273.599999999999,1527.36,13746.239999999998
ORD301936,2024-05-25,CUST12860,Customer_12860,North,Hyderabad,Sports,Running Shoes,3,4852.13,0.0,Credit Card,Returning,No,14556.39,0.0,14556.39
ORD301937,2025-12-08,CUST12817,Customer_12817,West,Hyderabad,Clothing,T-Shirt,1,2935.74,0.05,Cash,New,No,2935.74,146.787,2788.953
ORD301938,2024-01-24,CUST12139,Customer_12139,West,Hyderabad,Electronics,Power Bank,5,3493.42,0.15,Debit Card,Returning,No,17467.1,2620.0649999999996,14847.035
ORD301939,2024-09-30,CUST13464,Customer_13464,East,Pune,Furniture,Bookshelf,3,26040.53,0.25,UPI,Returning,No,78121.59,19530.3975,58591.1925
ORD301940,2025-01-26,CUST12152,Customer_12152,North,Chennai,Sports,Football,2,4551.74,0.0,Debit Card,New,No,9103.48,0.0,9103.48
ORD301941,2025-06-12,CUST12696,Customer_12696,East,Hyderabad,Sports,Cricket Bat,1,2191.18,0.15,Net Banking,Returning,No,2191.18,328.67699999999996,1862.503
ORD301942,2025-10-27,CUST12456,Customer_12456,South,Delhi,Furniture,Bookshelf,7,11802.2,0.0,Debit Card,Returning,No,82615.40000000001,0.0,82615.40000000001
ORD301943,2024-11-10,CUST13415,Customer_13415,West,Pune,Electronics,Power Bank,1,1234.41,0.1,Cash,New,No,1234.41,123.44100000000002,1110.969
ORD301944,2024-07-27,CUST13118,Customer_13118,South,Bengaluru,Clothing,Sneakers,3,1340.17,0.2,UPI,New,No,4020.51,804.1020000000001,3216.4080000000004
ORD301945,2025-06-19,CUST13224,Customer_13224,West,Chennai,Sports,Dumbbells,6,5086.73,0.05,Cash,Returning,Yes,30520.379999999997,1526.019,28994.360999999997
ORD301946,2025-01-07,CUST12701,Customer_12701,North,Pune,Sports,Cricket Bat,1,2385.44,0.2,UPI,New,No,2385.44,477.088,1908.352
ORD301947,2024-04-08,CUST12798,Customer_12798,North,Chennai,Electronics,Power Bank,1,4160.12,0.15,Net Banking,New,No,4160.12,624.0179999999999,3536.102
ORD301948,2025-02-05,CUST12500,Customer_12500,East,Delhi,Furniture,Office Chair,4,20364.28,0.05,UPI,New,No,81457.12,4072.8559999999998,77384.264
ORD301949,2024-01-31,CUST12177,Customer_12177,North,Bengaluru,Clothing,Jeans,3,3763.99,0.1,Debit Card,Returning,No,11291.97,1129.197,10162.773
ORD301950,2024-02-26,CUST13126,Customer_13126,South,Mumbai,Home & Kitchen,Storage Box,1,8139.54,0.0,UPI,Returning,No,8139.54,0.0,8139.54
ORD301951,2025-10-14,CUST12880,Customer_12880,South,Kolkata,Home & Kitchen,Water Bottle,4,7546.34,0.15,UPI,Returning,No,30185.36,4527.804,25657.556
ORD301952,2025-10-05,CUST12401,Customer_12401,West,Vijayawada,Furniture,Study Table,2,23054.23,0.0,Debit Card,Returning,No,46108.46,0.0,46108.46
ORD301953,2025-02-28,CUST12755,Customer_12755,North,Mumbai,Sports,Cricket Bat,1,504.62,0.05,UPI,Returning,No,504.62,25.231,479.389
ORD301954,2024-04-29,CUST12567,Customer_12567,West,Mumbai,Furniture,Study Table,3,7098.78,0.15,UPI,Returning,No,21296.34,3194.451,18101.889
ORD301955,2024-01-24,CUST12874,Customer_12874,East,Vijayawada,Home & Kitchen,Cookware Set,2,8609.17,0.0,Net Banking,Returning,No,17218.34,0.0,17218.34
ORD301956,2025-06-09,CUST12254,Customer_12254,West,Vijayawada,Clothing,Sneakers,7,5596.93,0.2,UPI,Returning,No,39178.51,7835.702000000001,31342.808
ORD301957,2025-06-15,CUST12261,Customer_12261,East,Chennai,Furniture,Sofa,3,3983.11,0.05,Cash,Returning,No,11949.33,597.4665,11351.8635
ORD301958,2025-08-28,CUST12694,Customer_12694,West,Bengaluru,Furniture,Coffee Table,3,9266.02,0.1,Debit Card,New,No,27798.06,2779.8060000000005,25018.254
ORD301959,2024-03-25,CUST12168,Customer_12168,North,Bengaluru,Furniture,Office Chair,3,20262.04,0.05,Debit Card,New,No,60786.12,3039.3060000000005,57746.814
ORD301960,2024-03-04,CUST12385,Customer_12385,East,Vijayawada,Clothing,Jacket,5,1950.87,0.1,Cash,Returning,No,9754.349999999999,975.435,8778.914999999999
ORD301961,2024-10-15,CUST12900,Customer_12900,West,Kolkata,Clothing,Jeans,3,2125.7,0.05,Net Banking,New,No,6377.099999999999,318.855,6058.244999999999
ORD301962,2025-09-06,CUST13474,Customer_13474,East,Kolkata,Home & Kitchen,Bedsheet,3,1763.98,0.15,Credit Card,Returning,No,5291.9400000000005,793.791,4498.149
ORD301963,2024-10-23,CUST13168,Customer_13168,South,Mumbai,Home & Kitchen,Bedsheet,1,4882.98,0.0,Debit Card,Returning,No,4882.98,0.0,4882.98
ORD301964,2024-07-16,CUST12986,Customer_12986,South,Kolkata,Electronics,Smart Watch,2,22154.32,0.05,Cash,New,No,44308.64,2215.4320000000002,42093.208
ORD301965,2025-06-11,CUST13220,Customer_13220,South,Chennai,Home & Kitchen,Water Bottle,3,5446.8,0.05,Debit Card,Returning,No,16340.400000000001,817.0200000000001,15523.380000000001
ORD301966,2025-10-24,CUST12408,Customer_12408,West,Bengaluru,Sports,Yoga Mat,1,1400.91,0.05,Debit Card,Returning,No,1400.91,70.0455,1330.8645000000001
ORD301967,2025-01-10,CUST12668,Customer_12668,North,Mumbai,Home & Kitchen,Cookware Set,6,7386.43,0.0,Cash,New,No,44318.58,0.0,44318.58
ORD301968,2025-01-16,CUST13198,Customer_13198,West,Chennai,Sports,Yoga Mat,4,5511.21,0.1,Net Banking,New,No,22044.84,2204.484,19840.356
ORD301969,2024-05-24,CUST12745,Customer_12745,West,Mumbai,Clothing,T-Shirt,4,612.48,0.2,UPI,Returning,No,2449.92,489.98400000000004,1959.9360000000001
ORD301970,2025-04-06,CUST12708,Customer_12708,South,Delhi,Electronics,Smart Watch,4,21210.62,0.0,Credit Card,Returning,No,84842.48,0.0,84842.48
ORD301971,2024-02-08,CUST12923,Customer_12923,North,Chennai,Clothing,Jeans,4,4220.76,0.05,Cash,Returning,Yes,16883.04,844.152,16038.888
ORD301972,2024-07-12,CUST12660,Customer_12660,North,Chennai,Sports,Football,3,1327.9,0.05,Cash,New,No,3983.7000000000003,199.18500000000003,3784.5150000000003
ORD301973,2024-09-10,CUST12789,Customer_12789,West,Hyderabad,Electronics,Bluetooth Speaker,1,12403.23,0.1,UPI,New,No,12403.23,1240.323,11162.907
ORD301974,2024-05-20,CUST12201,Customer_12201,South,Delhi,Furniture,Study Table,2,26973.15,0.15,Debit Card,New,No,53946.3,8091.945,45854.355
ORD301975,2024-01-22,CUST12531,Customer_12531,North,Bengaluru,Clothing,Jacket,1,1168.99,0.05,Credit Card,Returning,No,1168.99,58.4495,1110.5405
ORD301976,2024-08-17,CUST12812,Customer_12812,East,Delhi,Electronics,USB Keyboard,1,20362.93,0.1,Debit Card,Returning,No,20362.93,2036.2930000000001,18326.637
ORD301977,2024-08-19,CUST12840,Customer_12840,North,Pune,Sports,Football,1,2165.95,0.15,Cash,New,No,2165.95,324.8925,1841.0575
ORD301978,2025-12-10,CUST12417,Customer_12417,East,Kolkata,Sports,Yoga Mat,3,9321.12,0.15,Debit Card,Returning,No,27963.36,4194.504,23768.856
ORD301979,2025-06-04,CUST13482,Customer_13482,South,Vijayawada,Sports,Yoga Mat,1,7175.67,0.15,Net Banking,Returning,No,7175.67,1076.3505,6099.3195
ORD301980,2025-11-11,CUST13059,Customer_13059,East,Pune,Electronics,Smart Watch,2,2193.36,0.1,Net Banking,Returning,No,4386.72,438.672,3948.0480000000002
ORD301981,2025-08-15,CUST13447,Customer_13447,South,Chennai,Sports,Cricket Bat,1,1163.28,0.0,Cash,Returning,No,1163.28,0.0,1163.28
ORD301982,2024-07-30,CUST12403,Customer_12403,West,Mumbai,Furniture,Coffee Table,6,6744.35,0.0,UPI,Returning,No,40466.100000000006,0.0,40466.100000000006
ORD301983,2025-06-01,CUST13470,Customer_13470,East,Hyderabad,Sports,Cricket Bat,5,1210.15,0.1,Credit Card,New,No,6050.75,605.075,5445.675
ORD301984,2024-10-12,CUST12424,Customer_12424,North,Delhi,Furniture,Office Chair,1,21417.83,0.05,Debit Card,Returning,No,21417.83,1070.8915000000002,20346.9385
ORD301985,2024-01-03,CUST12541,Customer_12541,South,Vijayawada,Clothing,Sneakers,7,3192.27,0.15,Credit Card,Returning,No,22345.89,3351.8835,18994.0065
ORD301986,2025-05-26,CUST12660,Customer_12660,South,Hyderabad,Home & Kitchen,Storage Box,1,3635.96,0.05,Credit Card,Returning,No,3635.96,181.798,3454.1620000000003
ORD301987,2024-05-16,CUST13363,Customer_13363,West,Delhi,Electronics,Smart Watch,3,18614.42,0.05,Cash,Returning,No,55843.259999999995,2792.163,53051.096999999994
ORD301988,2025-04-09,CUST12004,Customer_12004,East,Vijayawada,Furniture,Bookshelf,1,8535.5,0.05,Debit Card,Returning,No,8535.5,426.77500000000003,8108.725
ORD301989,2024-08-12,CUST12072,Customer_12072,South,Mumbai,Clothing,T-Shirt,5,1247.44,0.1,Credit Card,Returning,No,6237.200000000001,623.7200000000001,5613.4800000000005
ORD301990,2025-02-27,CUST13274,Customer_13274,North,Vijayawada,Home & Kitchen,Water Bottle,1,4124.95,0.1,Debit Card,New,No,4124.95,412.495,3712.455
ORD301991,2024-02-08,CUST12181,Customer_12181,East,Hyderabad,Clothing,T-Shirt,2,3137.47,0.1,Debit Card,Returning,No,6274.94,627.494,5647.446
ORD301992,2025-03-19,CUST12113,Customer_12113,South,Delhi,Furniture,Coffee Table,1,25197.27,0.0,UPI,New,No,25197.27,0.0,25197.27
ORD301993,2025-08-24,CUST12938,Customer_12938,East,Delhi,Clothing,Jeans,3,3116.19,0.0,Credit Card,New,No,9348.57,0.0,9348.57
ORD301994,2024-06-21,CUST13053,Customer_13053,East,Mumbai,Sports,Running Shoes,3,3222.02,0.0,Debit Card,Returning,No,9666.06,0.0,9666.06
ORD301995,2024-10-30,CUST12393,Customer_12393,North,Hyderabad,Clothing,T-Shirt,1,3019.98,0.05,Net Banking,Returning,No,3019.98,150.999,2868.981
ORD301996,2024-12-09,CUST12312,Customer_12312,North,Mumbai,Sports,Dumbbells,6,7664.69,0.2,Cash,Returning,No,45988.14,9197.628,36790.512
ORD301997,2024-07-31,CUST12967,Customer_12967,East,Delhi,Furniture,Office Chair,1,28631.18,0.2,UPI,New,No,28631.18,5726.236000000001,22904.944
ORD301998,2024-06-04,CUST12490,Customer_12490,North,Hyderabad,Clothing,Formal Shirt,1,1041.75,0.05,Cash,Returning,No,1041.75,52.087500000000006,989.6625
ORD301999,2024-02-09,CUST12980,Customer_12980,South,Hyderabad,Furniture,Office Chair,3,26467.77,0.0,Cash,New,No,79403.31,0.0,79403.31
ORD302000,2025-08-18,CUST12578,Customer_12578,East,Hyderabad,Furniture,Coffee Table,1,4373.05,0.15,UPI,Returning,No,4373.05,655.9575,3717.0925
ORD302001,2025-11-04,CUST12064,Customer_12064,North,Bengaluru,Furniture,Study Table,2,17741.4,0.0,Debit Card,Returning,Yes,35482.8,0.0,35482.8
ORD302002,2025-03-06,CUST12723,Customer_12723,South,Chennai,Home & Kitchen,Water Bottle,1,4343.07,0.0,UPI,Returning,No,4343.07,0.0,4343.07
ORD302003,2025-03-18,CUST13217,Customer_13217,South,Mumbai,Clothing,Formal Shirt,2,3377.72,0.1,UPI,New,No,6755.44,675.544,6079.896
ORD302004,2025-08-07,CUST13000,Customer_13000,South,Hyderabad,Electronics,Power Bank,2,4958.09,0.05,UPI,New,No,9916.18,495.809,9420.371000000001
ORD302005,2024-01-06,CUST13191,Customer_13191,South,Bengaluru,Furniture,Coffee Table,1,17688.32,0.1,UPI,Returning,No,17688.32,1768.832,15919.488
ORD302006,2024-05-10,CUST12052,Customer_12052,West,Delhi,Home & Kitchen,Cookware Set,2,4325.09,0.1,UPI,Returning,No,8650.18,865.018,7785.162
ORD302007,2025-07-31,CUST12756,Customer_12756,East,Mumbai,Electronics,USB Keyboard,2,5137.95,0.2,Net Banking,New,No,10275.9,2055.18,8220.72
ORD302008,2025-04-20,CUST13235,Customer_13235,South,Chennai,Sports,Football,1,6214.8,0.05,Cash,Returning,No,6214.8,310.74,5904.06
ORD302009,2025-02-10,CUST12070,Customer_12070,East,Bengaluru,Clothing,Formal Shirt,1,1766.32,0.1,UPI,Returning,No,1766.32,176.632,1589.6879999999999
ORD302010,2024-10-29,CUST12416,Customer_12416,West,Hyderabad,Furniture,Study Table,2,3350.19,0.2,Credit Card,Returning,No,6700.38,1340.076,5360.304
ORD302011,2024-03-28,CUST12522,Customer_12522,West,Hyderabad,Home & Kitchen,Water Bottle,1,4888.91,0.0,Cash,Returning,No,4888.91,0.0,4888.91
ORD302012,2025-02-12,CUST12685,Customer_12685,South,Chennai,Electronics,Power Bank,1,4802.5,0.1,Cash,Returning,No,4802.5,480.25,4322.25
ORD302013,2024-03-17,CUST13336,Customer_13336,South,Vijayawada,Sports,Running Shoes,2,3608.58,0.1,Cash,New,No,7217.16,721.716,6495.4439999999995
ORD302014,2025-07-16,CUST12999,Customer_12999,South,Delhi,Home & Kitchen,Storage Box,6,4612.07,0.2,Cash,Returning,No,27672.42,5534.484,22137.935999999998
ORD302015,2024-01-27,CUST12900,Customer_12900,West,Chennai,Electronics,Wireless Headphones,6,17024.04,0.05,UPI,Returning,No,102144.24,5107.212,97037.028
ORD302016,2024-11-12,CUST12894,Customer_12894,East,Hyderabad,Electronics,Smart Watch,3,16565.81,0.05,Debit Card,Returning,No,49697.43000000001,2484.8715000000007,47212.55850000001
ORD302017,2025-08-25,CUST12638,Customer_12638,South,Pune,Clothing,Formal Shirt,1,3197.41,0.05,Credit Card,New,No,3197.41,159.8705,3037.5395
ORD302018,2024-10-03,CUST13151,Customer_13151,East,Kolkata,Sports,Running Shoes,1,4301.48,0.15,Debit Card,Returning,No,4301.48,645.2219999999999,3656.258
ORD302019,2025-12-26,CUST12656,Customer_12656,South,Bengaluru,Home & Kitchen,Storage Box,6,10965.39,0.0,Cash,Returning,No,65792.34,0.0,65792.34
ORD302020,2024-06-03,CUST13284,Customer_13284,West,Bengaluru,Home & Kitchen,Bedsheet,1,2989.77,0.05,UPI,Returning,No,2989.77,149.48850000000002,2840.2815
ORD302021,2024-07-10,CUST12316,Customer_12316,South,Mumbai,Electronics,Smart Watch,6,16588.07,0.1,Debit Card,New,No,99528.42,9952.842,89575.578
ORD302022,2025-12-30,CUST13320,Customer_13320,South,Kolkata,Clothing,Jeans,4,4203.52,0.05,Cash,New,Yes,16814.08,840.7040000000002,15973.376000000002
ORD302023,2025-06-29,CUST12903,Customer_12903,West,Delhi,Furniture,Coffee Table,1,26216.64,0.05,Debit Card,Returning,No,26216.64,1310.832,24905.808
ORD302024,2025-05-18,CUST12792,Customer_12792,North,Chennai,Clothing,Jeans,1,5600.23,0.2,UPI,Returning,No,5600.23,1120.046,4480.183999999999
ORD302025,2024-10-22,CUST12656,Customer_12656,West,Mumbai,Sports,Running Shoes,2,4623.58,0.05,Credit Card,Returning,No,9247.16,462.358,8784.802
ORD302026,2025-08-12,CUST12125,Customer_12125,East,Delhi,Home & Kitchen,Water Bottle,3,11286.47,0.05,Net Banking,New,No,33859.409999999996,1692.9705,32166.439499999997
ORD302027,2024-05-19,CUST12951,Customer_12951,South,Vijayawada,Electronics,Bluetooth Speaker,1,19326.71,0.1,Credit Card,Returning,No,19326.71,1932.671,17394.039
ORD302028,2024-08-14,CUST12080,Customer_12080,North,Delhi,Furniture,Coffee Table,6,16362.89,0.15,UPI,New,No,98177.34,14726.600999999999,83450.739
ORD302029,2025-10-04,CUST13318,Customer_13318,West,Delhi,Furniture,Office Chair,5,25918.27,0.15,Net Banking,New,No,129591.35,19438.7025,110152.6475
ORD302030,2025-03-06,CUST13387,Customer_13387,East,Kolkata,Clothing,Formal Shirt,6,1922.3,0.0,Credit Card,Returning,No,11533.8,0.0,11533.8
ORD302031,2024-06-24,CUST12673,Customer_12673,South,Vijayawada,Electronics,Power Bank,4,1815.3,0.05,Debit Card,New,No,7261.2,363.06,6898.139999999999
ORD302032,2025-06-20,CUST12053,Customer_12053,West,Chennai,Clothing,T-Shirt,2,3867.44,0.1,Cash,New,No,7734.88,773.488,6961.392
ORD302033,2024-03-18,CUST13279,Customer_13279,North,Pune,Clothing,Jeans,1,2683.34,0.1,Cash,Returning,No,2683.34,268.334,2415.0060000000003
ORD302034,2024-05-28,CUST12298,Customer_12298,West,Kolkata,Home & Kitchen,Bedsheet,2,468.5,0.2,Net Banking,Returning,No,937.0,187.4,749.6
ORD302035,2024-07-10,CUST13219,Customer_13219,North,Delhi,Home & Kitchen,Bedsheet,2,8984.72,0.0,Net Banking,New,Yes,17969.44,0.0,17969.44
ORD302036,2024-11-09,CUST13114,Customer_13114,North,Chennai,Electronics,Wireless Headphones,2,3482.68,0.05,UPI,Returning,No,6965.36,348.26800000000003,6617.092
ORD302037,2025-10-31,CUST12886,Customer_12886,West,Bengaluru,Electronics,Wireless Headphones,2,16685.15,0.2,Debit Card,Returning,No,33370.3,6674.060000000001,26696.24
ORD302038,2025-11-12,CUST13454,Customer_13454,South,Chennai,Furniture,Sofa,3,11582.33,0.1,Debit Card,Returning,No,34746.99,3474.699,31272.290999999997
ORD302039,2024-12-19,CUST12976,Customer_12976,West,Chennai,Electronics,Power Bank,2,6461.48,0.0,UPI,Returning,No,12922.96,0.0,12922.96
ORD302040,2025-09-30,CUST13109,Customer_13109,North,Hyderabad,Clothing,Formal Shirt,5,2009.48,0.05,Credit Card,Returning,No,10047.4,502.37,9545.029999999999
ORD302041,2025-01-22,CUST13330,Customer_13330,South,Delhi,Sports,Running Shoes,2,5866.26,0.1,Cash,New,No,11732.52,1173.2520000000002,10559.268
ORD302042,2024-02-02,CUST13125,Customer_13125,East,Bengaluru,Clothing,Formal Shirt,2,2530.98,,Cash,New,No,5061.96,0.0,5061.96
ORD302043,2024-08-10,CUST12049,Customer_12049,North,Hyderabad,Sports,Cricket Bat,4,3903.7,0.0,Debit Card,New,No,15614.8,0.0,15614.8
ORD302044,2024-06-19,CUST12827,Customer_12827,South,Pune,Home & Kitchen,Mixer Grinder,3,6539.34,0.0,Credit Card,Returning,Yes,19618.02,0.0,19618.02
ORD302045,2024-10-22,CUST12600,Customer_12600,West,Delhi,Sports,Dumbbells,1,4724.85,0.2,Net Banking,New,No,4724.85,944.9700000000001,3779.88
ORD302046,2024-07-01,CUST13390,Customer_13390,South,Chennai,Furniture,Bookshelf,4,12490.71,0.15,Net Banking,Returning,No,49962.84,7494.4259999999995,42468.414
ORD302047,2024-10-05,CUST13294,Customer_13294,South,Bengaluru,Clothing,Sneakers,3,3868.04,0.05,Cash,New,No,11604.119999999999,580.206,11023.913999999999
ORD302048,2025-08-09,CUST12032,Customer_12032,North,,Electronics,Wireless Headphones,4,2465.54,0.05,Debit Card,Returning,No,9862.16,493.108,9369.052
ORD302049,2024-04-05,CUST13449,Customer_13449,East,Kolkata,Clothing,Jacket,4,1423.28,0.05,Debit Card,New,No,5693.12,284.656,5408.464
ORD302050,2024-06-20,CUST12055,Customer_12055,South,Chennai,Clothing,Sneakers,6,2074.2,0.1,Debit Card,New,No,12445.199999999999,1244.52,11200.679999999998
ORD302051,2024-06-22,CUST12429,Customer_12429,South,Delhi,Clothing,Jeans,3,3031.99,0.0,Net Banking,New,No,9095.97,0.0,9095.97
ORD302052,2025-10-02,CUST12803,Customer_12803,East,Vijayawada,Electronics,Wireless Headphones,1,10563.8,0.0,UPI,Returning,No,10563.8,0.0,10563.8
ORD302053,2025-07-18,CUST12722,Customer_12722,South,Pune,Home & Kitchen,Storage Box,5,6657.23,0.05,Debit Card,Returning,No,33286.149999999994,1664.3075,31621.842499999995
ORD302054,2025-05-09,CUST13401,Customer_13401,West,Mumbai,Clothing,Jacket,1,2316.04,0.15,Cash,New,No,2316.04,347.406,1968.634
ORD302055,2025-08-06,CUST13230,Customer_13230,East,Pune,Sports,Cricket Bat,1,928.75,0.1,Credit Card,New,No,928.75,92.875,835.875
ORD302056,2025-04-18,CUST12691,Customer_12691,North,Delhi,Clothing,Sneakers,1,3814.25,0.05,UPI,Returning,No,3814.25,190.7125,3623.5375
ORD302057,2025-09-09,CUST12357,Customer_12357,East,Pune,Home & Kitchen,Water Bottle,1,9376.34,0.15,Debit Card,New,No,9376.34,1406.451,7969.889
ORD302058,2024-05-04,CUST12762,Customer_12762,East,Kolkata,Electronics,USB Keyboard,4,19196.53,0.05,Credit Card,Returning,No,76786.12,3839.306,72946.814
ORD302059,2025-09-12,CUST13017,Customer_13017,East,Vijayawada,Electronics,Smart Watch,5,20392.07,0.15,Credit Card,New,No,101960.35,15294.0525,86666.2975
ORD302060,2024-06-09,CUST13152,Customer_13152,East,Chennai,Furniture,Office Chair,7,1937.15,0.1,Cash,New,No,13560.050000000001,1356.005,12204.045000000002
ORD302061,2024-06-28,CUST13024,Customer_13024,South,Mumbai,Furniture,Coffee Table,5,12853.24,0.1,UPI,New,No,64266.2,6426.62,57839.579999999994
ORD302062,2025-05-02,CUST12197,Customer_12197,South,Kolkata,Clothing,Sneakers,4,3696.74,0.15,Net Banking,Returning,No,14786.96,2218.044,12568.916
ORD302063,2025-03-31,CUST12482,Customer_12482,West,Pune,Furniture,Sofa,1,7846.68,0.25,Cash,Returning,No,7846.68,1961.67,5885.01
ORD302064,2025-06-12,CUST12774,Customer_12774,North,Pune,Furniture,Office Chair,2,6532.91,0.1,Credit Card,Returning,No,13065.82,1306.582,11759.238
ORD302065,2024-10-10,CUST12731,Customer_12731,East,Chennai,Furniture,Bookshelf,1,13505.24,0.1,Debit Card,New,No,13505.24,1350.5240000000001,12154.716
ORD302066,2024-09-21,CUST13225,Customer_13225,West,Chennai,Electronics,Smart Watch,4,5490.16,0.05,Credit Card,Returning,No,21960.64,1098.032,20862.608
ORD302067,2024-03-16,CUST12161,Customer_12161,East,Vijayawada,Home & Kitchen,Water Bottle,3,974.3,0.1,Credit Card,New,No,2922.8999999999996,292.28999999999996,2630.6099999999997
ORD302068,2025-12-04,CUST12693,Customer_12693,North,Bengaluru,Sports,Running Shoes,3,7037.85,0.0,UPI,Returning,No,21113.550000000003,0.0,21113.550000000003
ORD302069,2024-12-27,CUST13328,Customer_13328,East,Delhi,Clothing,Formal Shirt,1,3314.07,0.25,Net Banking,Returning,No,3314.07,828.5175,2485.5525000000002
ORD302070,2025-12-03,CUST12237,Customer_12237,West,Vijayawada,Electronics,Bluetooth Speaker,1,11406.04,0.1,Credit Card,New,No,11406.04,1140.604,10265.436000000002
ORD302071,2024-05-17,CUST13283,Customer_13283,South,Bengaluru,Home & Kitchen,Mixer Grinder,4,6607.37,0.1,Debit Card,Returning,No,26429.48,2642.9480000000003,23786.532
ORD302072,2025-06-22,CUST13171,Customer_13171,North,Vijayawada,Furniture,Sofa,2,25085.41,0.2,Debit Card,Returning,No,50170.82,10034.164,40136.656
ORD302073,2024-06-17,CUST13028,Customer_13028,East,Vijayawada,Home & Kitchen,Bedsheet,3,5959.16,0.2,Debit Card,Returning,Yes,17877.48,3575.496,14301.984
ORD302074,2025-03-19,CUST13312,Customer_13312,South,Bengaluru,Furniture,Bookshelf,3,8819.8,0.05,UPI,New,No,26459.399999999998,1322.97,25136.429999999997
ORD302075,2024-02-09,CUST13391,Customer_13391,East,Mumbai,Home & Kitchen,Bedsheet,4,2263.51,0.15,Debit Card,Returning,No,9054.04,1358.106,7695.934000000001
ORD302076,2024-12-17,CUST12704,Customer_12704,North,Chennai,Sports,Yoga Mat,3,9083.19,0.05,UPI,Returning,No,27249.57,1362.4785000000002,25887.0915
ORD302077,2024-09-15,CUST13413,Customer_13413,North,Hyderabad,Clothing,Formal Shirt,2,1342.37,0.15,UPI,New,No,2684.74,402.71099999999996,2282.029
ORD302078,2025-12-06,CUST12837,Customer_12837,West,Vijayawada,Home & Kitchen,Mixer Grinder,2,8341.14,0.0,Debit Card,Returning,No,16682.28,0.0,16682.28
ORD302079,2025-05-20,CUST12074,Customer_12074,West,Bengaluru,Electronics,Smart Watch,4,2379.21,0.05,Cash,Returning,No,9516.84,475.84200000000004,9040.998
ORD302080,2024-08-21,CUST12287,Customer_12287,North,Chennai,Furniture,Sofa,1,14604.24,0.05,Debit Card,Returning,No,14604.24,730.212,13874.028
ORD302081,2024-09-09,CUST12663,Customer_12663,North,Chennai,Clothing,Jeans,2,3407.82,0.0,UPI,Returning,No,6815.64,0.0,6815.64
ORD302082,2025-07-22,CUST12496,Customer_12496,South,Bengaluru,Sports,Dumbbells,2,4393.63,0.15,Debit Card,New,No,8787.26,1318.089,7469.171
ORD302083,2025-04-14,CUST13219,Customer_13219,East,Bengaluru,Electronics,Bluetooth Speaker,1,6860.78,0.1,Credit Card,New,No,6860.78,686.078,6174.701999999999
ORD302084,2025-08-06,CUST13002,Customer_13002,North,Delhi,Furniture,Bookshelf,5,1984.31,0.0,Debit Card,Returning,No,9921.55,0.0,9921.55
ORD302085,2024-02-06,CUST12827,Customer_12827,East,Bengaluru,Sports,Football,3,8240.36,0.1,UPI,Returning,No,24721.08,2472.108,22248.972
ORD302086,2024-03-19,CUST12917,Customer_12917,West,Mumbai,Electronics,Power Bank,2,21025.52,0.15,Cash,Returning,No,42051.04,6307.656,35743.384
ORD302087,2025-12-30,CUST12998,Customer_12998,North,Mumbai,Home & Kitchen,Water Bottle,2,4104.9,0.05,Cash,New,No,8209.8,410.49,7799.3099999999995
ORD302088,2024-11-15,CUST12231,Customer_12231,West,Mumbai,Furniture,Coffee Table,4,25436.17,0.15,Credit Card,Returning,No,101744.68,15261.701999999997,86482.978
ORD302089,2025-03-29,CUST12867,Customer_12867,East,Hyderabad,Clothing,Formal Shirt,1,3757.85,0.05,Debit Card,Returning,No,3757.85,187.8925,3569.9575
ORD302090,2024-10-27,CUST12259,Customer_12259,South,Kolkata,Electronics,Power Bank,4,14014.28,0.1,Credit Card,Returning,No,56057.12,5605.712,50451.408
ORD302091,2024-03-12,CUST12561,Customer_12561,West,Kolkata,Electronics,Smart Watch,2,20162.88,0.15,Credit Card,Returning,No,40325.76,6048.8640000000005,34276.896
ORD302092,2024-07-06,CUST12029,Customer_12029,South,Vijayawada,Home & Kitchen,Bedsheet,4,11369.6,0.2,Debit Card,New,No,45478.4,9095.68,36382.72
ORD302093,2024-09-08,CUST13285,Customer_13285,North,Kolkata,Sports,Dumbbells,2,3995.23,0.1,Net Banking,New,No,7990.46,799.046,7191.414
ORD302094,2024-06-02,CUST12191,Customer_12191,East,Chennai,Electronics,Power Bank,2,5271.82,0.05,Credit Card,New,No,10543.64,527.182,10016.457999999999
ORD302095,2024-10-28,CUST12459,Customer_12459,South,Delhi,Furniture,Bookshelf,3,3599.82,0.05,Cash,New,No,10799.460000000001,539.9730000000001,10259.487000000001
ORD302096,2024-01-19,CUST12684,Customer_12684,North,Chennai,Electronics,Power Bank,3,946.48,0.05,UPI,Returning,No,2839.44,141.972,2697.468
ORD302097,2025-08-17,CUST13300,Customer_13300,East,Delhi,Home & Kitchen,Water Bottle,1,7903.36,0.1,Net Banking,Returning,Yes,7903.36,790.336,7113.023999999999
ORD302098,2025-12-02,CUST12516,Customer_12516,East,Kolkata,Furniture,Office Chair,5,12916.09,0.05,Cash,Returning,No,64580.45,3229.0225,61351.4275
ORD302099,2024-06-02,CUST12023,Customer_12023,East,Chennai,Sports,Dumbbells,6,7271.96,0.05,Debit Card,New,No,43631.76,2181.588,41450.172
ORD302100,2024-02-16,CUST12762,Customer_12762,South,Chennai,Furniture,Office Chair,4,5976.12,0.0,Cash,New,No,23904.48,0.0,23904.48
ORD302101,2024-11-16,CUST13415,Customer_13415,South,Hyderabad,Home & Kitchen,Water Bottle,2,3459.14,0.1,Debit Card,Returning,No,6918.28,691.828,6226.451999999999
ORD302102,2025-09-06,CUST13044,Customer_13044,West,Bengaluru,Clothing,Jeans,1,5376.17,0.2,Credit Card,Returning,No,5376.17,1075.2340000000002,4300.936
ORD302103,2025-06-28,CUST12227,Customer_12227,East,,Home & Kitchen,Water Bottle,3,5573.28,0.1,Credit Card,Returning,No,16719.84,1671.9840000000002,15047.856
ORD302104,2025-06-11,CUST12795,Customer_12795,East,Vijayawada,Home & Kitchen,Bedsheet,6,4998.86,0.05,Debit Card,Returning,No,29993.159999999996,1499.658,28493.501999999997
ORD302105,2024-03-24,CUST12321,Customer_12321,East,Pune,Sports,Yoga Mat,1,1123.8,0.15,UPI,Returning,No,1123.8,168.57,955.23
ORD302106,2025-11-10,CUST12830,Customer_12830,South,Chennai,Sports,Running Shoes,1,837.58,0.05,Debit Card,Returning,No,837.58,41.879000000000005,795.701
ORD302107,2024-07-06,CUST12293,Customer_12293,West,Pune,Electronics,Wireless Headphones,2,15696.11,0.05,Debit Card,Returning,No,31392.22,1569.611,29822.609
ORD302108,2025-02-13,CUST12610,Customer_12610,South,Vijayawada,Electronics,Bluetooth Speaker,2,18448.97,0.1,Cash,New,No,36897.94,3689.7940000000003,33208.146
ORD302109,2024-06-25,CUST12913,Customer_12913,South,Delhi,Home & Kitchen,Bedsheet,2,4390.28,0.1,Debit Card,New,No,8780.56,878.056,7902.503999999999
ORD302110,2025-10-11,CUST13394,Customer_13394,East,Pune,Electronics,Power Bank,1,12922.23,0.0,Credit Card,Returning,Yes,12922.23,0.0,12922.23
ORD302111,2024-09-21,CUST13227,Customer_13227,South,Vijayawada,Furniture,Sofa,2,8045.23,0.05,Debit Card,Returning,No,16090.46,804.523,15285.937
ORD302112,2024-09-16,CUST12392,Customer_12392,South,Delhi,Home & Kitchen,Storage Box,3,7888.96,0.0,UPI,New,No,23666.88,0.0,23666.88
ORD302113,2025-12-01,CUST13349,Customer_13349,West,Pune,Sports,Cricket Bat,3,937.69,0.05,Net Banking,Returning,No,2813.07,140.6535,2672.4165000000003
ORD302114,2025-02-19,CUST13117,Customer_13117,West,Bengaluru,Furniture,Study Table,1,4932.09,0.1,Credit Card,Returning,No,4932.09,493.20900000000006,4438.881
ORD302115,2025-05-05,CUST12294,Customer_12294,South,Delhi,Home & Kitchen,Storage Box,5,7206.67,0.0,Credit Card,Returning,Yes,36033.35,0.0,36033.35
ORD302116,2024-10-13,CUST12552,Customer_12552,South,Chennai,Electronics,USB Keyboard,2,21721.2,0.0,Credit Card,New,No,43442.4,0.0,43442.4
ORD302117,2024-08-19,CUST12482,Customer_12482,South,Bengaluru,Sports,Running Shoes,4,5929.14,0.15,Cash,New,No,23716.56,3557.484,20159.076
ORD302118,2024-03-17,CUST12022,Customer_12022,North,Kolkata,Electronics,USB Keyboard,2,21621.53,0.0,Net Banking,Returning,No,43243.06,0.0,43243.06
ORD302119,2025-02-28,CUST12298,Customer_12298,North,Pune,Sports,Yoga Mat,6,7459.34,0.05,UPI,New,No,44756.04,2237.802,42518.238
ORD302120,2025-08-28,CUST12965,Customer_12965,West,Kolkata,Home & Kitchen,Bedsheet,2,6191.44,0.05,Credit Card,New,No,12382.88,619.144,11763.735999999999
ORD302121,2024-06-05,CUST13443,Customer_13443,North,Hyderabad,Furniture,Office Chair,3,19236.79,0.0,Net Banking,New,No,57710.37,0.0,57710.37
ORD302122,2025-09-20,CUST12179,Customer_12179,East,Chennai,Electronics,Wireless Headphones,7,19311.76,0.05,UPI,New,No,135182.31999999998,6759.115999999999,128423.20399999998
ORD302123,2025-12-30,CUST12202,Customer_12202,North,Vijayawada,Furniture,Study Table,1,9633.44,0.0,Credit Card,Returning,No,9633.44,0.0,9633.44
ORD302124,2025-09-11,CUST13094,Customer_13094,South,Mumbai,Clothing,Sneakers,4,5507.66,0.15,Net Banking,Returning,No,22030.64,3304.596,18726.043999999998
ORD302125,2025-04-14,CUST12908,Customer_12908,West,Vijayawada,Sports,Cricket Bat,1,7761.86,0.05,Debit Card,New,No,7761.86,388.093,7373.767
ORD302126,2024-02-23,CUST12920,Customer_12920,East,Bengaluru,Home & Kitchen,Bedsheet,4,8875.58,0.05,Net Banking,New,No,35502.32,1775.116,33727.204
ORD302127,2025-09-29,CUST13444,Customer_13444,South,Kolkata,Home & Kitchen,Mixer Grinder,6,8982.31,0.25,Debit Card,New,No,53893.86,13473.465,40420.395000000004
ORD302128,2024-03-18,CUST12362,Customer_12362,East,Vijayawada,Sports,Yoga Mat,2,5832.21,0.05,Credit Card,Returning,No,11664.42,583.221,11081.199
ORD302129,2024-02-04,CUST12132,Customer_12132,North,Bengaluru,Furniture,Sofa,2,23633.1,0.0,Credit Card,New,No,47266.2,0.0,47266.2
ORD302130,2025-11-15,CUST13209,Customer_13209,North,Kolkata,Furniture,Bookshelf,5,3379.64,0.25,Credit Card,Returning,No,16898.2,4224.55,12673.650000000001
ORD302131,2024-08-24,CUST13253,Customer_13253,South,Hyderabad,Sports,Cricket Bat,3,2051.37,0.05,Net Banking,Returning,No,6154.11,307.70550000000003,5846.4045
ORD302132,2025-10-03,CUST13238,Customer_13238,North,Vijayawada,Clothing,Jeans,2,5592.45,0.15,Debit Card,Returning,Yes,11184.9,1677.735,9507.164999999999
ORD302133,2025-12-18,CUST12680,Customer_12680,North,Bengaluru,Home & Kitchen,Water Bottle,4,3864.98,0.1,Cash,New,No,15459.92,1545.9920000000002,13913.928
ORD302134,2024-09-18,CUST13455,Customer_13455,North,Chennai,Furniture,Study Table,3,12804.71,0.1,Credit Card,Returning,No,38414.13,3841.413,34572.717
ORD302135,2024-07-22,CUST13143,Customer_13143,East,Chennai,Sports,Football,4,1089.52,0.05,UPI,Returning,No,4358.08,217.904,4140.1759999999995
ORD302136,2024-01-24,CUST12602,Customer_12602,North,Mumbai,Clothing,Sneakers,2,2660.33,0.15,Debit Card,Returning,No,5320.66,798.0989999999999,4522.561
ORD302137,2024-08-01,CUST13355,Customer_13355,South,Vijayawada,Home & Kitchen,Mixer Grinder,3,6625.57,0.1,Debit Card,New,No,19876.71,1987.671,17889.039
ORD302138,2025-07-09,CUST12245,Customer_12245,East,Vijayawada,Sports,Yoga Mat,6,4104.08,0.2,Debit Card,Returning,No,24624.48,4924.896000000001,19699.584
ORD302139,2025-06-12,CUST13155,Customer_13155,East,Chennai,Clothing,Sneakers,6,5376.45,0.0,Net Banking,Returning,No,32258.699999999997,0.0,32258.699999999997
ORD302140,2024-06-20,CUST12889,Customer_12889,East,Mumbai,Sports,Cricket Bat,6,679.08,0.1,UPI,Returning,Yes,4074.4800000000005,407.4480000000001,3667.032
ORD302141,2025-03-22,CUST12600,Customer_12600,South,Hyderabad,Sports,Cricket Bat,2,8918.85,0.1,Debit Card,Returning,No,17837.7,1783.7700000000002,16053.93
ORD302142,2025-05-29,CUST12529,Customer_12529,South,Bengaluru,Furniture,Office Chair,1,17308.77,0.25,Net Banking,Returning,No,17308.77,4327.1925,12981.5775
ORD302143,2025-06-27,CUST12436,Customer_12436,North,Kolkata,Sports,Dumbbells,1,6091.44,0.25,UPI,Returning,No,6091.44,1522.86,4568.58
ORD302144,2024-08-11,CUST12884,Customer_12884,East,Chennai,Electronics,USB Keyboard,4,9476.34,0.1,Net Banking,New,No,37905.36,3790.536,34114.824
ORD302145,2024-01-22,CUST12129,Customer_12129,East,Vijayawada,Home & Kitchen,Mixer Grinder,7,7623.56,0.1,Credit Card,Returning,No,53364.920000000006,5336.492000000001,48028.42800000001
ORD302146,2025-07-28,CUST12014,Customer_12014,South,Hyderabad,Home & Kitchen,Mixer Grinder,1,5816.85,0.15,Cash,New,No,5816.85,872.5275,4944.3225
ORD302147,2024-10-23,CUST13019,Customer_13019,West,Hyderabad,Clothing,Sneakers,3,4880.05,0.1,Cash,Returning,No,14640.150000000001,1464.0150000000003,13176.135000000002
ORD302148,2025-10-23,CUST12083,Customer_12083,North,Chennai,Electronics,Bluetooth Speaker,1,22388.65,0.05,Net Banking,New,No,22388.65,1119.4325000000001,21269.217500000002
ORD302149,2024-11-06,CUST12547,Customer_12547,South,Kolkata,Electronics,USB Keyboard,2,15633.0,0.2,Debit Card,New,No,31266.0,6253.200000000001,25012.8
ORD302150,2024-09-17,CUST12501,Customer_12501,South,Chennai,Sports,Dumbbells,2,1220.88,0.0,Cash,Returning,No,2441.76,0.0,2441.76
ORD302151,2024-01-25,CUST13333,Customer_13333,West,Delhi,Furniture,Office Chair,2,23767.67,0.0,Net Banking,Returning,No,47535.34,0.0,47535.34
ORD302152,2024-08-02,CUST13090,Customer_13090,North,Bengaluru,Furniture,Sofa,3,2988.02,0.05,Debit Card,Returning,No,8964.06,448.203,8515.857
ORD302153,2025-07-17,CUST12434,Customer_12434,South,Vijayawada,Home & Kitchen,Storage Box,3,11022.9,0.1,UPI,New,No,33068.7,3306.87,29761.829999999998
ORD302154,2025-02-25,CUST12697,Customer_12697,North,Vijayawada,Furniture,Study Table,1,15806.95,0.15,Cash,Returning,No,15806.95,2371.0425,13435.907500000001
ORD302155,2024-07-29,CUST13382,Customer_13382,North,Hyderabad,Sports,Cricket Bat,2,5896.47,0.1,Debit Card,Returning,No,11792.94,1179.294,10613.646
ORD302156,2025-05-01,CUST12299,Customer_12299,East,Pune,Clothing,T-Shirt,1,3752.45,0.05,Cash,Returning,No,3752.45,187.6225,3564.8275
ORD302157,2025-02-12,CUST12842,Customer_12842,West,Kolkata,Clothing,Sneakers,2,5074.44,0.05,UPI,Returning,No,10148.88,507.44399999999996,9641.436
ORD302158,2025-03-20,CUST12783,Customer_12783,North,Vijayawada,Home & Kitchen,Cookware Set,1,9156.63,0.05,UPI,Returning,No,9156.63,457.8315,8698.798499999999
ORD302159,2024-05-05,CUST12567,Customer_12567,South,Mumbai,Sports,Cricket Bat,3,5285.4,0.1,Debit Card,Returning,No,15856.199999999999,1585.62,14270.579999999998
ORD302160,2025-05-15,CUST12733,Customer_12733,North,Hyderabad,Home & Kitchen,Mixer Grinder,2,6483.25,0.1,UPI,Returning,No,12966.5,1296.65,11669.85
ORD302161,2025-12-27,CUST13488,Customer_13488,West,Vijayawada,Clothing,T-Shirt,1,2238.9,0.15,Debit Card,Returning,No,2238.9,335.835,1903.065
ORD302162,2024-09-30,CUST12403,Customer_12403,South,Mumbai,Furniture,Bookshelf,6,4111.41,0.1,Credit Card,Returning,Yes,24668.46,2466.846,22201.613999999998
ORD302163,2025-08-08,CUST12105,Customer_12105,East,Vijayawada,Sports,Cricket Bat,2,5929.87,0.0,Credit Card,Returning,No,11859.74,0.0,11859.74
ORD302164,2025-08-07,CUST13015,Customer_13015,North,Vijayawada,Electronics,USB Keyboard,6,8357.11,0.15,Credit Card,New,No,50142.66,7521.399,42621.261000000006
ORD302165,2025-09-24,CUST12657,Customer_12657,East,Vijayawada,Electronics,Bluetooth Speaker,1,13042.8,0.15,Net Banking,New,No,13042.8,1956.4199999999998,11086.38
ORD302166,2025-02-16,CUST12421,Customer_12421,North,Hyderabad,Clothing,T-Shirt,2,3637.59,0.25,Cash,Returning,Yes,7275.18,1818.795,5456.385
ORD302167,2024-10-17,CUST13254,Customer_13254,North,Chennai,Furniture,Bookshelf,1,13898.85,0.05,Debit Card,New,No,13898.85,694.9425000000001,13203.907500000001
ORD302168,2025-03-05,CUST13347,Customer_13347,North,Kolkata,Furniture,Bookshelf,3,25742.15,0.05,Net Banking,Returning,No,77226.45000000001,3861.3225000000007,73365.12750000002
ORD302169,2024-01-19,CUST12993,Customer_12993,North,Hyderabad,Sports,Yoga Mat,3,1666.86,0.1,Net Banking,Returning,No,5000.58,500.058,4500.522
ORD302170,2024-06-20,CUST12660,Customer_12660,East,Delhi,Furniture,Sofa,2,24179.86,0.05,Cash,Returning,No,48359.72,2417.9860000000003,45941.734000000004
ORD302171,2024-06-29,CUST12216,Customer_12216,West,Delhi,Clothing,Jacket,1,4069.99,0.05,Net Banking,New,No,4069.99,203.4995,3866.4905
ORD302172,2025-12-19,CUST12873,Customer_12873,East,Mumbai,Sports,Dumbbells,6,2730.16,0.15,Debit Card,Returning,No,16380.96,2457.144,13923.815999999999
ORD302173,2024-12-13,CUST12861,Customer_12861,South,Chennai,Home & Kitchen,Mixer Grinder,2,5041.47,0.2,Credit Card,New,No,10082.94,2016.5880000000002,8066.352000000001
ORD302174,2024-04-09,CUST12489,Customer_12489,East,Mumbai,Home & Kitchen,Storage Box,3,5452.29,0.1,Credit Card,Returning,No,16356.869999999999,1635.687,14721.182999999999
ORD302175,2024-05-04,CUST12877,Customer_12877,West,Vijayawada,Clothing,Jacket,3,4428.54,0.25,Cash,Returning,No,13285.619999999999,3321.4049999999997,9964.215
ORD302176,2024-03-31,CUST12085,Customer_12085,East,Hyderabad,Home & Kitchen,Storage Box,5,9616.9,0.05,Credit Card,Returning,No,48084.5,2404.225,45680.275
ORD302177,2024-11-19,CUST13236,Customer_13236,North,Bengaluru,Sports,Cricket Bat,4,6128.99,0.1,Net Banking,Returning,No,24515.96,2451.596,22064.363999999998
ORD302178,2025-07-06,CUST13294,Customer_13294,East,Chennai,Home & Kitchen,Bedsheet,2,8395.41,0.15,Debit Card,Returning,No,16790.82,2518.623,14272.197
ORD302179,2025-03-11,CUST12071,Customer_12071,West,Vijayawada,Sports,Running Shoes,3,6540.25,0.0,Credit Card,New,No,19620.75,0.0,19620.75
ORD302180,2024-12-18,CUST12086,Customer_12086,West,Pune,Sports,Yoga Mat,1,4275.87,0.0,Cash,New,No,4275.87,0.0,4275.87
ORD302181,2025-11-14,CUST12626,Customer_12626,South,Hyderabad,Clothing,Jeans,5,4061.93,0.1,UPI,Returning,No,20309.649999999998,2030.965,18278.684999999998
ORD302182,2025-05-20,CUST12721,Customer_12721,North,Bengaluru,Sports,Yoga Mat,2,7324.01,0.15,UPI,New,No,14648.02,2197.203,12450.817000000001
ORD302183,2025-08-21,CUST13208,Customer_13208,East,Delhi,Clothing,Jacket,4,3995.45,0.0,Cash,New,No,15981.8,0.0,15981.8
ORD302184,2024-01-27,CUST12790,Customer_12790,East,Hyderabad,Electronics,Bluetooth Speaker,1,5193.06,0.15,UPI,New,No,5193.06,778.9590000000001,4414.101000000001
ORD302185,2025-06-10,CUST12403,Customer_12403,East,Mumbai,Furniture,Coffee Table,3,4719.18,0.05,Credit Card,Returning,No,14157.54,707.8770000000001,13449.663
ORD302186,2025-04-07,CUST12249,Customer_12249,North,Hyderabad,Home & Kitchen,Storage Box,3,5618.24,0.0,Cash,Returning,No,16854.72,0.0,16854.72
ORD302187,2024-07-04,CUST13220,Customer_13220,South,Chennai,Home & Kitchen,Bedsheet,2,7091.22,0.0,Cash,Returning,No,14182.44,0.0,14182.44
ORD302188,2025-09-10,CUST12367,Customer_12367,North,Delhi,Furniture,Sofa,2,18711.59,0.05,Debit Card,Returning,Yes,37423.18,1871.159,35552.021
ORD302189,2024-01-19,CUST13500,Customer_13500,East,Pune,Clothing,Formal Shirt,1,5554.08,0.1,Cash,Returning,No,5554.08,555.408,4998.672
ORD302190,2024-02-15,CUST13111,Customer_13111,East,Kolkata,Electronics,USB Keyboard,3,15072.83,0.1,Cash,Returning,No,45218.49,4521.849,40696.640999999996
ORD302191,2025-02-25,CUST12767,Customer_12767,West,Kolkata,Clothing,Formal Shirt,2,4229.58,0.1,UPI,Returning,No,8459.16,845.916,7613.244
ORD302192,2024-09-18,CUST12886,Customer_12886,West,Hyderabad,Sports,Football,1,9120.8,0.1,Net Banking,New,No,9120.8,912.0799999999999,8208.72
ORD302193,2025-04-10,CUST12323,Customer_12323,West,Mumbai,Clothing,Jeans,4,3803.73,0.0,Net Banking,New,No,15214.92,0.0,15214.92
ORD302194,2024-07-12,CUST12044,Customer_12044,North,Bengaluru,Home & Kitchen,Cookware Set,2,4985.39,0.15,Net Banking,New,No,9970.78,1495.617,8475.163
ORD302195,2024-05-29,CUST12297,Customer_12297,South,Bengaluru,Electronics,USB Keyboard,1,8773.78,0.1,Cash,Returning,No,8773.78,877.3780000000002,7896.402
ORD302196,2025-04-26,CUST12504,Customer_12504,South,Bengaluru,Clothing,Jacket,2,999.23,0.1,Debit Card,Returning,No,1998.46,199.846,1798.614
ORD302197,2025-09-28,CUST12105,Customer_12105,South,Bengaluru,Home & Kitchen,Storage Box,1,1115.87,0.15,Net Banking,Returning,No,1115.87,167.38049999999998,948.4894999999999
ORD302198,2025-07-19,CUST12706,Customer_12706,North,Mumbai,Sports,Dumbbells,3,6548.73,0.0,Credit Card,Returning,No,19646.19,0.0,19646.19
ORD302199,2025-07-07,CUST13409,Customer_13409,East,Chennai,Furniture,Office Chair,2,28757.97,0.1,Net Banking,New,No,57515.94,5751.594000000001,51764.346000000005
ORD302200,2024-08-12,CUST12002,Customer_12002,North,Pune,Home & Kitchen,Bedsheet,2,10717.36,0.05,Debit Card,Returning,No,21434.72,1071.736,20362.984
ORD302201,2024-07-03,CUST12682,Customer_12682,North,Hyderabad,Clothing,Formal Shirt,3,5192.24,0.0,Credit Card,New,No,15576.72,0.0,15576.72
ORD302202,2024-01-28,CUST12702,Customer_12702,East,Vijayawada,Electronics,Bluetooth Speaker,6,8574.19,0.05,UPI,Returning,No,51445.14,2572.257,48872.883
ORD302203,2025-09-05,CUST12252,Customer_12252,South,Pune,Home & Kitchen,Bedsheet,1,1868.84,0.05,Net Banking,Returning,No,1868.84,93.44200000000001,1775.398
ORD302204,2025-06-16,CUST13045,Customer_13045,West,Vijayawada,Electronics,Smart Watch,2,17122.91,0.05,Credit Card,Returning,No,34245.82,1712.2910000000002,32533.529
ORD302205,2024-06-26,CUST12215,Customer_12215,South,Bengaluru,Home & Kitchen,Bedsheet,2,10148.24,0.05,Cash,Returning,No,20296.48,1014.8240000000001,19281.656
ORD302206,2024-05-25,CUST12874,Customer_12874,South,Kolkata,Furniture,Study Table,5,22748.56,0.05,Credit Card,New,No,113742.8,5687.14,108055.66
ORD302207,2025-10-03,CUST13323,Customer_13323,West,Chennai,Sports,Dumbbells,3,1300.71,0.15,Debit Card,Returning,No,3902.13,585.3195,3316.8105
ORD302208,2024-09-04,CUST12959,Customer_12959,North,Chennai,Clothing,Sneakers,3,1463.32,0.2,Cash,New,No,4389.96,877.9920000000001,3511.968
ORD302209,2025-11-12,CUST12383,Customer_12383,South,Chennai,Sports,Cricket Bat,3,5904.5,0.05,Credit Card,Returning,No,17713.5,885.6750000000001,16827.825
ORD302210,2025-03-15,CUST12096,Customer_12096,East,Delhi,Furniture,Study Table,5,15824.14,0.0,Cash,Returning,No,79120.7,0.0,79120.7
ORD302211,2024-09-01,CUST12047,Customer_12047,North,Vijayawada,Electronics,Smart Watch,1,8971.23,0.0,Net Banking,Returning,No,8971.23,0.0,8971.23
ORD302212,2024-03-27,CUST12247,Customer_12247,North,Pune,Sports,Yoga Mat,2,4774.75,0.15,UPI,Returning,No,9549.5,1432.425,8117.075
ORD302213,2025-06-24,CUST13378,Customer_13378,East,Bengaluru,Sports,Cricket Bat,1,2182.74,0.1,Debit Card,Returning,No,2182.74,218.274,1964.466
ORD302214,2024-12-16,CUST12985,Customer_12985,South,Kolkata,Clothing,Jeans,1,1901.39,0.15,Debit Card,New,No,1901.39,285.2085,1616.1815000000001
ORD302215,2024-10-06,CUST12185,Customer_12185,North,Pune,Sports,Running Shoes,3,3476.67,0.2,Debit Card,Returning,No,10430.01,2086.002,8344.008
ORD302216,2025-01-31,CUST12205,Customer_12205,West,Bengaluru,Furniture,Office Chair,2,25137.13,0.15,Net Banking,Returning,No,50274.26,7541.139,42733.121
ORD302217,2024-07-25,CUST13102,Customer_13102,South,Delhi,Clothing,Sneakers,2,3805.61,0.15,Credit Card,Returning,No,7611.22,1141.683,6469.537
ORD302218,2025-10-20,CUST12508,Customer_12508,East,Kolkata,Electronics,USB Keyboard,2,13054.37,0.1,Cash,New,Yes,26108.74,2610.8740000000003,23497.866
ORD302219,2025-08-13,CUST13182,Customer_13182,North,Bengaluru,Furniture,Coffee Table,7,6695.66,0.1,Debit Card,New,No,46869.619999999995,4686.9619999999995,42182.657999999996
ORD302220,2025-12-25,CUST13316,Customer_13316,South,Delhi,Sports,Football,6,3274.06,0.05,Net Banking,New,No,19644.36,982.2180000000001,18662.142
ORD302221,2024-06-09,CUST13122,Customer_13122,North,Kolkata,Clothing,Jacket,3,2037.57,0.0,Net Banking,New,No,6112.71,0.0,6112.71
ORD302222,2025-04-17,CUST12352,Customer_12352,North,Delhi,Furniture,Office Chair,4,15931.51,0.1,Net Banking,Returning,Yes,63726.04,6372.604,57353.436
ORD302223,2024-09-17,CUST12041,Customer_12041,West,Bengaluru,Clothing,Sneakers,3,3568.94,0.05,Net Banking,Returning,No,10706.82,535.341,10171.479
ORD302224,2025-05-17,CUST12307,Customer_12307,North,Kolkata,Electronics,Smart Watch,4,14692.86,0.1,UPI,Returning,No,58771.44,5877.144,52894.296
ORD302225,2024-03-22,CUST12339,Customer_12339,East,Vijayawada,Sports,Running Shoes,1,1471.33,0.1,UPI,Returning,Yes,1471.33,147.133,1324.197
ORD302226,2025-03-18,CUST13099,Customer_13099,West,Chennai,Sports,Yoga Mat,4,7951.61,0.0,Debit Card,Returning,No,31806.44,0.0,31806.44
ORD302227,2025-07-07,CUST13223,Customer_13223,East,Delhi,Home & Kitchen,Water Bottle,1,8293.3,0.2,Debit Card,Returning,No,8293.3,1658.6599999999999,6634.639999999999
ORD302228,2024-06-12,CUST12380,Customer_12380,South,Bengaluru,Clothing,Jeans,6,5289.25,0.0,Debit Card,Returning,No,31735.5,0.0,31735.5
ORD302229,2024-05-13,CUST12589,Customer_12589,West,Delhi,Electronics,Wireless Headphones,4,16517.91,0.0,Debit Card,Returning,No,66071.64,0.0,66071.64
ORD302230,2025-06-28,CUST13295,Customer_13295,North,Bengaluru,Sports,Cricket Bat,2,5744.97,0.1,Net Banking,Returning,No,11489.94,1148.9940000000001,10340.946
ORD302231,2024-11-13,CUST13038,Customer_13038,West,Mumbai,Home & Kitchen,Cookware Set,2,1032.95,0.1,Net Banking,Returning,No,2065.9,206.59000000000003,1859.31
ORD302232,2024-11-28,CUST12158,Customer_12158,East,Hyderabad,Clothing,T-Shirt,2,2798.73,0.15,Net Banking,Returning,Yes,5597.46,839.619,4757.841
ORD302233,2025-07-13,CUST12225,Customer_12225,West,Delhi,Clothing,Jeans,3,3081.79,0.05,Debit Card,Returning,No,9245.369999999999,462.26849999999996,8783.101499999999
ORD302234,2024-06-24,CUST13115,Customer_13115,South,Vijayawada,Home & Kitchen,Cookware Set,1,6574.69,0.0,UPI,Returning,Yes,6574.69,0.0,6574.69
ORD302235,2024-10-07,CUST12067,Customer_12067,South,Mumbai,Clothing,Jacket,1,5674.0,0.1,Debit Card,Returning,No,5674.0,567.4,5106.6
ORD302236,2024-11-01,CUST13497,Customer_13497,East,Vijayawada,Home & Kitchen,Mixer Grinder,4,4523.68,0.05,Debit Card,New,No,18094.72,904.7360000000001,17189.984
ORD302237,2024-11-09,CUST12379,Customer_12379,West,Bengaluru,Sports,Football,4,2591.26,0.1,UPI,New,No,10365.04,1036.5040000000001,9328.536
ORD302238,2025-01-05,CUST12754,Customer_12754,North,Vijayawada,Home & Kitchen,Mixer Grinder,3,7511.72,0.2,Credit Card,Returning,No,22535.16,4507.032,18028.128
ORD302239,2024-09-03,CUST12641,Customer_12641,North,Kolkata,Sports,Yoga Mat,6,4808.96,0.1,UPI,Returning,No,28853.760000000002,2885.376,25968.384000000002
ORD302240,2024-04-30,CUST12197,Customer_12197,North,Mumbai,Sports,Cricket Bat,1,3408.25,0.1,Credit Card,Returning,No,3408.25,340.82500000000005,3067.425
ORD302241,2024-09-25,CUST13366,Customer_13366,West,Kolkata,Electronics,Bluetooth Speaker,2,2425.21,0.0,Net Banking,Returning,No,4850.42,0.0,4850.42
ORD302242,2025-09-04,CUST12928,Customer_12928,East,Pune,Clothing,Formal Shirt,2,3607.33,0.1,Debit Card,Returning,No,7214.66,721.466,6493.1939999999995
ORD302243,2024-02-08,CUST13147,Customer_13147,West,Vijayawada,Electronics,Bluetooth Speaker,3,13448.09,0.0,UPI,Returning,No,40344.270000000004,0.0,40344.270000000004
ORD302244,2024-02-29,CUST12244,Customer_12244,East,Pune,Furniture,Bookshelf,2,7417.86,0.0,UPI,Returning,No,14835.72,0.0,14835.72
ORD302245,2024-09-04,CUST12286,Customer_12286,East,Chennai,Clothing,T-Shirt,6,2524.14,0.15,Debit Card,Returning,No,15144.84,2271.726,12873.114
ORD302246,2025-06-23,CUST13112,Customer_13112,East,Pune,Clothing,Sneakers,1,681.24,0.1,Credit Card,Returning,No,681.24,68.12400000000001,613.116
ORD302247,2024-11-15,CUST13394,Customer_13394,South,Pune,Electronics,Wireless Headphones,1,11011.7,0.15,Credit Card,Returning,No,11011.7,1651.755,9359.945
ORD302248,2024-02-28,CUST12034,Customer_12034,South,Hyderabad,Clothing,Sneakers,4,4976.07,0.15,Net Banking,Returning,No,19904.28,2985.642,16918.638
ORD302249,2024-03-17,CUST13292,Customer_13292,West,Hyderabad,Sports,Dumbbells,2,3960.62,0.05,Cash,Returning,No,7921.24,396.062,7525.178
ORD302250,2024-05-10,CUST12715,Customer_12715,West,Hyderabad,Home & Kitchen,Water Bottle,1,5559.04,0.1,Cash,Returning,No,5559.04,555.904,5003.136
ORD302251,2024-08-09,CUST12975,Customer_12975,West,Delhi,Sports,Dumbbells,3,3458.87,0.15,Net Banking,Returning,No,10376.61,1556.4915,8820.1185
ORD302252,2025-09-24,CUST12748,Customer_12748,West,Vijayawada,Furniture,Office Chair,3,22832.64,0.15,Debit Card,New,Yes,68497.92,10274.688,58223.231999999996
ORD302253,2025-12-12,CUST12409,Customer_12409,North,Chennai,Furniture,Study Table,6,3307.53,0.05,Cash,Returning,No,19845.18,992.259,18852.921000000002
ORD302254,2024-02-29,CUST12388,Customer_12388,East,Mumbai,Clothing,Jacket,1,4898.83,0.2,Debit Card,New,No,4898.83,979.7660000000001,3919.064
ORD302255,2025-11-26,CUST12926,Customer_12926,East,Mumbai,Electronics,Smart Watch,2,16435.26,0.25,Credit Card,New,No,32870.52,8217.63,24652.89
ORD302256,2024-10-20,CUST12248,Customer_12248,South,Chennai,Clothing,Jacket,1,3911.5,0.0,Net Banking,Returning,No,3911.5,0.0,3911.5
ORD302257,2025-01-22,CUST12597,Customer_12597,North,Delhi,Clothing,Jeans,4,3994.15,0.0,Cash,Returning,No,15976.6,0.0,15976.6
ORD302258,2025-02-10,CUST13341,Customer_13341,South,Mumbai,Electronics,Smart Watch,3,22057.22,0.25,UPI,Returning,No,66171.66,16542.915,49628.745
ORD302259,2025-08-24,CUST13436,Customer_13436,South,Mumbai,Home & Kitchen,Bedsheet,3,1942.27,0.1,Credit Card,Returning,Yes,5826.8099999999995,582.6809999999999,5244.129
ORD302260,2025-03-08,CUST13248,Customer_13248,East,Vijayawada,Sports,Football,4,1708.97,0.05,Net Banking,Returning,No,6835.88,341.79400000000004,6494.086
ORD302261,2024-07-03,CUST13272,Customer_13272,South,Pune,Sports,Running Shoes,2,6729.53,0.1,Credit Card,Returning,No,13459.06,1345.906,12113.153999999999
ORD302262,2024-06-19,CUST12208,Customer_12208,South,Pune,Furniture,Study Table,3,5622.43,0.0,UPI,Returning,No,16867.29,0.0,16867.29
ORD302263,2024-09-06,CUST13459,Customer_13459,South,Bengaluru,Furniture,Bookshelf,6,24171.48,0.05,Credit Card,New,No,145028.88,7251.444,137777.43600000002
ORD302264,2025-03-02,CUST12110,Customer_12110,East,Hyderabad,Electronics,Bluetooth Speaker,4,7539.28,0.05,Credit Card,Returning,Yes,30157.12,1507.856,28649.264
ORD302265,2024-06-27,CUST13123,Customer_13123,East,Delhi,Sports,Yoga Mat,2,576.18,0.0,Cash,Returning,No,1152.36,0.0,1152.36
ORD302266,2025-10-04,CUST12606,Customer_12606,South,Mumbai,Clothing,Jeans,2,4988.72,0.25,Cash,New,Yes,9977.44,2494.36,7483.08
ORD302267,2024-09-24,CUST13201,Customer_13201,North,Pune,Sports,Cricket Bat,1,3597.09,0.1,Credit Card,Returning,No,3597.09,359.70900000000006,3237.3810000000003
ORD302268,2024-06-15,CUST12750,Customer_12750,South,Kolkata,Electronics,Bluetooth Speaker,6,23005.04,0.15,Net Banking,New,No,138030.24,20704.535999999996,117325.704
ORD302269,2025-09-16,CUST12190,Customer_12190,West,Bengaluru,Furniture,Sofa,5,13730.82,0.05,Net Banking,New,No,68654.1,3432.7050000000004,65221.395000000004
ORD302270,2025-04-21,CUST12057,Customer_12057,East,Chennai,Clothing,Sneakers,2,2691.85,0.05,UPI,New,No,5383.7,269.185,5114.514999999999
ORD302271,2025-07-04,CUST12613,Customer_12613,North,Vijayawada,Furniture,Sofa,6,16716.38,0.05,UPI,Returning,No,100298.28,5014.914000000001,95283.366
ORD302272,2024-02-03,CUST12725,Customer_12725,North,Chennai,Electronics,USB Keyboard,2,8669.62,0.1,Credit Card,New,No,17339.24,1733.9240000000002,15605.316
ORD302273,2024-08-09,CUST12261,Customer_12261,East,Mumbai,Furniture,Study Table,1,15818.65,0.05,Debit Card,New,No,15818.65,790.9325,15027.717499999999
ORD302274,2025-08-15,CUST12240,Customer_12240,East,Mumbai,Sports,Cricket Bat,2,781.48,0.05,Net Banking,Returning,No,1562.96,78.14800000000001,1484.8120000000001
ORD302275,2024-04-23,CUST12740,Customer_12740,East,Vijayawada,Electronics,Power Bank,1,6515.18,0.0,Cash,Returning,No,6515.18,0.0,6515.18
ORD302276,2024-11-30,CUST12609,Customer_12609,North,Pune,Home & Kitchen,Bedsheet,3,7781.21,0.15,UPI,Returning,No,23343.63,3501.5445,19842.0855
ORD302277,2025-10-29,CUST12766,Customer_12766,South,Kolkata,Home & Kitchen,Cookware Set,4,7378.66,0.15,Cash,New,No,29514.64,4427.196,25087.444
ORD302278,2024-01-09,CUST12163,Customer_12163,East,Mumbai,Home & Kitchen,Cookware Set,4,2631.78,0.1,Credit Card,Returning,No,10527.12,1052.7120000000002,9474.408000000001
ORD302279,2025-01-31,CUST13455,Customer_13455,South,Mumbai,Furniture,Sofa,2,21903.04,0.0,Debit Card,Returning,No,43806.08,0.0,43806.08
ORD302280,2024-07-26,CUST13317,Customer_13317,East,Kolkata,Sports,Yoga Mat,1,6555.27,0.05,UPI,Returning,No,6555.27,327.7635,6227.5065
ORD302281,2024-11-25,CUST12560,Customer_12560,West,Kolkata,Furniture,Sofa,7,5168.68,0.1,Net Banking,Returning,No,36180.76,3618.0760000000005,32562.684
ORD302282,2024-08-12,CUST12827,Customer_12827,South,Hyderabad,Furniture,Office Chair,3,12114.26,0.0,Credit Card,New,No,36342.78,0.0,36342.78
ORD302283,2024-09-24,CUST12269,Customer_12269,East,Vijayawada,Home & Kitchen,Bedsheet,3,9138.31,0.1,UPI,New,No,27414.93,2741.4930000000004,24673.436999999998
ORD302284,2024-04-30,CUST12312,Customer_12312,South,Mumbai,Electronics,Power Bank,1,19162.19,0.05,Cash,New,No,19162.19,958.1095,18204.0805
ORD302285,2025-02-06,CUST12718,Customer_12718,North,Pune,Clothing,Jeans,2,1452.87,0.05,Net Banking,New,No,2905.74,145.287,2760.453
ORD302286,2024-11-25,CUST12343,Customer_12343,South,Bengaluru,Sports,Cricket Bat,2,3011.43,0.15,Net Banking,New,No,6022.86,903.429,5119.431
ORD302287,2024-10-07,CUST12703,Customer_12703,South,Chennai,Home & Kitchen,Bedsheet,1,5341.65,0.1,Net Banking,Returning,No,5341.65,534.165,4807.485
ORD302288,2025-09-26,CUST12443,Customer_12443,South,Kolkata,Clothing,T-Shirt,1,1368.61,0.0,Debit Card,Returning,No,1368.61,0.0,1368.61
ORD302289,2025-10-02,CUST12016,Customer_12016,South,Vijayawada,Furniture,Study Table,4,21079.38,0.05,Credit Card,New,No,84317.52,4215.876,80101.644
ORD302290,2025-02-27,CUST13404,Customer_13404,South,Vijayawada,Sports,Football,4,7881.87,0.1,UPI,Returning,No,31527.48,3152.748,28374.732
ORD302291,2025-09-24,CUST13068,Customer_13068,East,Delhi,Electronics,Smart Watch,4,4786.36,0.0,Cash,New,No,19145.44,0.0,19145.44
ORD302292,2024-11-10,CUST12062,Customer_12062,North,Mumbai,Home & Kitchen,Bedsheet,2,5053.2,0.1,UPI,Returning,No,10106.4,1010.64,9095.76
ORD302293,2025-10-09,CUST13017,Customer_13017,South,Pune,Clothing,Jacket,3,3225.26,0.15,Cash,Returning,Yes,9675.78,1451.367,8224.413
ORD302294,2024-03-21,CUST12937,Customer_12937,East,Pune,Electronics,Wireless Headphones,2,17181.83,0.1,Net Banking,New,No,34363.66,3436.3660000000004,30927.294
ORD302295,2025-08-31,CUST12143,Customer_12143,South,Mumbai,Electronics,USB Keyboard,2,8514.44,0.0,Cash,New,No,17028.88,0.0,17028.88
ORD302296,2024-05-06,CUST13146,Customer_13146,West,Hyderabad,Sports,Football,1,8859.7,0.05,UPI,Returning,No,8859.7,442.98500000000007,8416.715
ORD302297,2024-12-10,CUST12513,Customer_12513,North,Hyderabad,Sports,Running Shoes,3,5353.54,0.0,UPI,Returning,No,16060.619999999999,0.0,16060.619999999999
ORD302298,2024-04-22,CUST13485,Customer_13485,East,Hyderabad,Furniture,Bookshelf,7,25603.49,0.2,Net Banking,Returning,Yes,179224.43000000002,35844.886000000006,143379.54400000002
ORD302299,2025-06-09,CUST12329,Customer_12329,East,Pune,Home & Kitchen,Mixer Grinder,6,2137.02,0.1,UPI,Returning,No,12822.119999999999,1282.212,11539.908
ORD302300,2025-08-10,CUST12896,Customer_12896,South,Pune,Sports,Running Shoes,1,1636.17,0.05,Net Banking,New,No,1636.17,81.80850000000001,1554.3615
ORD302301,2025-07-24,CUST12840,Customer_12840,South,Kolkata,Clothing,T-Shirt,6,4547.14,0.15,Debit Card,Returning,No,27282.840000000004,4092.4260000000004,23190.414000000004
ORD302302,2025-06-09,CUST13489,Customer_13489,East,Chennai,Sports,Yoga Mat,1,8887.52,0.0,Credit Card,Returning,No,8887.52,0.0,8887.52
ORD302303,2025-01-18,CUST12009,Customer_12009,East,Chennai,Home & Kitchen,Water Bottle,2,3459.78,0.05,Debit Card,Returning,No,6919.56,345.97800000000007,6573.582
ORD302304,2025-05-04,CUST12429,Customer_12429,East,Chennai,Home & Kitchen,Bedsheet,1,1271.12,0.0,Net Banking,Returning,No,1271.12,0.0,1271.12
ORD302305,2025-12-30,CUST13128,Customer_13128,North,Bengaluru,Electronics,Smart Watch,2,12126.37,0.05,Debit Card,New,No,24252.74,1212.6370000000002,23040.103000000003
ORD302306,2025-05-22,CUST13305,Customer_13305,East,Kolkata,Sports,Dumbbells,4,8310.85,0.1,Debit Card,Returning,Yes,33243.4,3324.34,29919.06
ORD302307,2024-07-06,CUST12043,Customer_12043,West,Pune,Clothing,Formal Shirt,2,5396.1,0.1,Cash,Returning,No,10792.2,1079.22,9712.980000000001
ORD302308,2024-10-23,CUST12340,Customer_12340,West,Bengaluru,Electronics,Smart Watch,2,14785.12,0.25,Credit Card,Returning,No,29570.24,7392.56,22177.68
ORD302309,2025-07-29,CUST12963,Customer_12963,East,Mumbai,Sports,Running Shoes,2,8809.48,0.05,Cash,New,No,17618.96,880.948,16738.012
ORD302310,2025-06-18,CUST12685,Customer_12685,West,Bengaluru,Furniture,Sofa,1,18953.56,0.05,Cash,Returning,No,18953.56,947.6780000000001,18005.882
ORD302311,2025-12-28,CUST12031,Customer_12031,South,Kolkata,Sports,Yoga Mat,4,4008.65,0.0,Net Banking,Returning,No,16034.6,0.0,16034.6
ORD302312,2025-12-15,CUST13013,Customer_13013,South,Kolkata,Furniture,Office Chair,4,18140.93,0.05,Net Banking,Returning,No,72563.72,3628.186,68935.534
ORD302313,2025-09-30,CUST13377,Customer_13377,East,Hyderabad,Sports,Dumbbells,5,3417.42,0.05,Net Banking,Returning,No,17087.1,854.355,16232.744999999999
ORD302314,2024-08-27,CUST12956,Customer_12956,North,Pune,Sports,Yoga Mat,2,7598.02,0.15,Net Banking,New,No,15196.04,2279.406,12916.634000000002
ORD302315,2024-05-27,CUST13464,Customer_13464,North,Pune,Clothing,T-Shirt,3,4953.08,0.0,Net Banking,Returning,No,14859.24,0.0,14859.24
ORD302316,2024-08-18,CUST12154,Customer_12154,West,Delhi,Electronics,Power Bank,4,17034.64,0.15,Net Banking,New,No,68138.56,10220.784,57917.776
ORD302317,2025-08-14,CUST12188,Customer_12188,East,Kolkata,Home & Kitchen,Storage Box,2,9537.62,0.15,Credit Card,New,Yes,19075.24,2861.286,16213.954000000002
ORD302318,2024-01-22,CUST12856,Customer_12856,East,Chennai,Home & Kitchen,Mixer Grinder,1,9435.74,0.05,Cash,Returning,No,9435.74,471.78700000000003,8963.953
ORD302319,2025-03-29,CUST13233,Customer_13233,South,Bengaluru,Clothing,T-Shirt,4,515.2,0.05,Debit Card,Returning,No,2060.8,103.04000000000002,1957.7600000000002
ORD302320,2025-12-16,CUST12289,Customer_12289,East,Mumbai,Electronics,Wireless Headphones,3,20235.07,0.05,UPI,Returning,No,60705.21,3035.2605000000003,57669.9495
ORD302321,2025-09-03,CUST13387,Customer_13387,East,Vijayawada,Clothing,Jeans,2,2950.35,0.2,Debit Card,New,No,5900.7,1180.14,4720.5599999999995
ORD302322,2025-10-19,CUST12948,Customer_12948,North,Pune,Furniture,Bookshelf,2,28503.95,0.15,Cash,Returning,No,57007.9,8551.185,48456.715000000004
ORD302323,2025-02-07,CUST13022,Customer_13022,South,Mumbai,Sports,Football,1,9059.99,0.05,Cash,Returning,No,9059.99,452.9995,8606.9905
ORD302324,2025-08-14,CUST13159,Customer_13159,West,Kolkata,Clothing,Jacket,5,4122.66,0.05,UPI,Returning,No,20613.3,1030.665,19582.635
ORD302325,2025-11-14,CUST13213,Customer_13213,South,Delhi,Clothing,Sneakers,2,2594.02,0.1,Credit Card,Returning,Yes,5188.04,518.804,4669.236
ORD302326,2024-05-25,CUST13187,Customer_13187,West,Mumbai,Furniture,Coffee Table,4,7564.04,0.15,Credit Card,New,No,30256.16,4538.424,25717.736
ORD302327,2024-02-27,CUST12361,Customer_12361,East,Mumbai,Sports,Football,1,3725.26,0.05,Cash,New,No,3725.26,186.26300000000003,3538.9970000000003
ORD302328,2025-09-28,CUST12565,Customer_12565,East,Kolkata,Clothing,Sneakers,2,1356.31,0.2,UPI,New,No,2712.62,542.524,2170.096
ORD302329,2025-03-03,CUST13389,Customer_13389,East,Delhi,Home & Kitchen,Bedsheet,7,7472.72,0.05,Net Banking,New,No,52309.04,2615.452,49693.588
ORD302330,2025-09-07,CUST13325,Customer_13325,North,Kolkata,Sports,Football,7,1200.15,0.05,UPI,New,No,8401.050000000001,420.05250000000007,7980.997500000001
ORD302331,2025-02-14,CUST13111,Customer_13111,East,Delhi,Clothing,Formal Shirt,2,831.32,0.25,UPI,New,No,1662.64,415.66,1246.98
ORD302332,2025-07-11,CUST12693,Customer_12693,South,Chennai,Furniture,Bookshelf,1,12021.61,0.0,Credit Card,Returning,No,12021.61,0.0,12021.61
ORD302333,2025-08-16,CUST12916,Customer_12916,West,Vijayawada,Home & Kitchen,Bedsheet,1,11291.53,0.05,UPI,New,No,11291.53,564.5765,10726.953500000001
ORD302334,2025-06-01,CUST12058,Customer_12058,East,Bengaluru,Home & Kitchen,Bedsheet,1,7454.08,0.0,Debit Card,Returning,No,7454.08,0.0,7454.08
ORD302335,2024-05-19,CUST12979,Customer_12979,West,Pune,Sports,Running Shoes,1,1686.64,0.1,Net Banking,New,No,1686.64,168.66400000000002,1517.976
ORD302336,2024-02-15,CUST12374,Customer_12374,South,Chennai,Sports,Football,2,2825.52,0.1,UPI,Returning,No,5651.04,565.104,5085.936
ORD302337,2024-05-05,CUST12721,Customer_12721,East,Bengaluru,Clothing,Jacket,5,2497.12,0.0,Cash,New,No,12485.599999999999,0.0,12485.599999999999
ORD302338,2025-11-13,CUST12524,Customer_12524,East,Hyderabad,Furniture,Bookshelf,4,13164.75,0.05,Credit Card,New,No,52659.0,2632.9500000000003,50026.05
ORD302339,2024-03-30,CUST13168,Customer_13168,South,Mumbai,Clothing,Formal Shirt,2,2246.73,0.15,UPI,Returning,No,4493.46,674.019,3819.441
ORD302340,2024-10-16,CUST12374,Customer_12374,South,Chennai,Home & Kitchen,Mixer Grinder,1,8285.38,0.0,Debit Card,Returning,No,8285.38,0.0,8285.38
ORD302341,2025-07-28,CUST12404,Customer_12404,South,Hyderabad,Clothing,T-Shirt,3,1545.91,0.05,Cash,New,No,4637.7300000000005,231.88650000000004,4405.843500000001
ORD302342,2024-05-26,CUST13054,Customer_13054,South,Kolkata,Clothing,Formal Shirt,3,4521.06,0.05,Net Banking,Returning,No,13563.18,678.1590000000001,12885.021
ORD302343,2024-12-27,CUST12380,Customer_12380,North,Hyderabad,Electronics,Bluetooth Speaker,2,14413.78,0.1,Cash,New,No,28827.56,2882.7560000000003,25944.804
ORD302344,2024-06-20,CUST12821,Customer_12821,South,Chennai,Electronics,Bluetooth Speaker,1,20785.27,0.1,Net Banking,Returning,No,20785.27,2078.527,18706.743000000002
ORD302345,2025-01-17,CUST12720,Customer_12720,South,Delhi,Clothing,Jeans,1,3815.06,0.15,Cash,Returning,No,3815.06,572.259,3242.801
ORD302346,2025-08-01,CUST12134,Customer_12134,West,Delhi,Furniture,Coffee Table,7,6641.46,0.15,Cash,Returning,No,46490.22,6973.533,39516.687
ORD302347,2025-02-14,CUST12576,Customer_12576,East,Mumbai,Furniture,Coffee Table,2,10500.4,0.05,Cash,Returning,Yes,21000.8,1050.04,19950.76
ORD302348,2024-03-10,CUST12567,Customer_12567,North,Hyderabad,Electronics,Bluetooth Speaker,6,19274.93,0.0,Cash,New,No,115649.58,0.0,115649.58
ORD302349,2024-03-26,CUST13168,Customer_13168,North,Kolkata,Electronics,Power Bank,4,3268.99,0.0,Debit Card,Returning,No,13075.96,0.0,13075.96
ORD302350,2024-02-02,CUST12035,Customer_12035,East,Mumbai,Home & Kitchen,Mixer Grinder,1,6107.5,0.1,Credit Card,New,No,6107.5,610.75,5496.75
ORD302351,2025-03-18,CUST12582,Customer_12582,West,Vijayawada,Electronics,Power Bank,4,23169.21,0.15,Debit Card,Returning,No,92676.84,13901.526,78775.314
ORD302352,2024-09-11,CUST12901,Customer_12901,East,Kolkata,Electronics,Bluetooth Speaker,4,21100.41,0.0,UPI,Returning,No,84401.64,0.0,84401.64
ORD302353,2024-01-29,CUST12242,Customer_12242,West,Chennai,Electronics,Bluetooth Speaker,2,1438.34,0.0,Debit Card,Returning,No,2876.68,0.0,2876.68
ORD302354,2025-08-19,CUST13064,Customer_13064,West,Hyderabad,Home & Kitchen,Mixer Grinder,4,2846.37,0.0,Debit Card,New,No,11385.48,0.0,11385.48
ORD302355,2024-12-24,CUST13144,Customer_13144,North,Delhi,Home & Kitchen,Water Bottle,2,9011.88,0.0,Credit Card,New,No,18023.76,0.0,18023.76
ORD302356,2025-12-19,CUST13425,Customer_13425,West,Chennai,Sports,Running Shoes,1,1232.68,0.15,Net Banking,Returning,No,1232.68,184.90200000000002,1047.778
ORD302357,2024-11-02,CUST13101,Customer_13101,West,Vijayawada,Furniture,Coffee Table,2,17776.97,0.05,UPI,New,No,35553.94,1777.6970000000001,33776.243
ORD302358,2025-03-24,CUST12573,Customer_12573,North,Kolkata,Furniture,Bookshelf,6,6280.56,0.1,Cash,Returning,Yes,37683.36,3768.3360000000002,33915.024
ORD302359,2024-01-03,CUST12011,Customer_12011,West,Mumbai,Furniture,Study Table,1,17920.11,0.1,Debit Card,New,No,17920.11,1792.0110000000002,16128.099
ORD302360,2024-12-05,CUST12693,Customer_12693,North,Mumbai,Furniture,Sofa,7,22185.93,0.2,Net Banking,Returning,No,155301.51,31060.302000000003,124241.20800000001
ORD302361,2025-05-01,CUST12586,Customer_12586,North,Kolkata,Furniture,Sofa,1,5008.39,0.15,Credit Card,New,Yes,5008.39,751.2585,4257.1315
ORD302362,2024-11-17,CUST12213,Customer_12213,South,Kolkata,Home & Kitchen,Storage Box,4,1670.04,0.05,UPI,New,No,6680.16,334.00800000000004,6346.152
ORD302363,2024-11-02,CUST12215,Customer_12215,West,Hyderabad,Sports,Cricket Bat,6,5744.52,0.25,Net Banking,Returning,No,34467.12,8616.78,25850.340000000004
ORD302364,2025-10-26,CUST12397,Customer_12397,South,Kolkata,Furniture,Bookshelf,3,23489.46,0.1,Cash,New,No,70468.38,7046.838000000001,63421.542
ORD302365,2024-07-11,CUST12396,Customer_12396,South,Kolkata,Sports,Cricket Bat,2,2293.23,0.05,Net Banking,Returning,Yes,4586.46,229.323,4357.137
ORD302366,2024-12-20,CUST12625,Customer_12625,East,Mumbai,Sports,Football,2,6564.88,0.05,Credit Card,Returning,No,13129.76,656.488,12473.272
ORD302367,2025-01-02,CUST12712,Customer_12712,North,Kolkata,Furniture,Coffee Table,1,22563.95,0.05,Credit Card,New,No,22563.95,1128.1975,21435.752500000002
ORD302368,2024-07-06,CUST12410,Customer_12410,North,Mumbai,Clothing,T-Shirt,1,4084.65,0.0,Net Banking,New,No,4084.65,0.0,4084.65
ORD302369,2024-07-16,CUST12461,Customer_12461,South,Delhi,Clothing,Jeans,6,3279.19,0.1,Cash,New,No,19675.14,1967.5140000000001,17707.626
ORD302370,2025-10-31,CUST12704,Customer_12704,South,Hyderabad,Home & Kitchen,Mixer Grinder,2,2562.05,0.05,Net Banking,Returning,No,5124.1,256.20500000000004,4867.895
ORD302371,2025-10-30,CUST12167,Customer_12167,West,Mumbai,Home & Kitchen,Water Bottle,1,2954.99,0.0,Net Banking,Returning,No,2954.99,0.0,2954.99
ORD302372,2024-09-02,CUST12412,Customer_12412,East,Delhi,Home & Kitchen,Cookware Set,2,750.21,0.0,Cash,Returning,No,1500.42,0.0,1500.42
ORD302373,2025-11-04,CUST12344,Customer_12344,East,Bengaluru,Clothing,Jacket,3,2159.16,0.05,Net Banking,Returning,No,6477.48,323.874,6153.606
ORD302374,2024-05-30,CUST13038,Customer_13038,North,Hyderabad,Sports,Football,1,7127.63,0.05,UPI,New,No,7127.63,356.3815,6771.2485
ORD302375,2025-10-12,CUST13031,Customer_13031,East,Vijayawada,Clothing,T-Shirt,3,2877.2,0.05,Credit Card,Returning,No,8631.599999999999,431.5799999999999,8200.019999999999
ORD302376,2025-10-01,CUST13078,Customer_13078,East,Pune,Sports,Dumbbells,1,9369.1,0.15,Net Banking,Returning,No,9369.1,1405.365,7963.735000000001
ORD302377,2024-03-15,CUST12390,Customer_12390,West,Vijayawada,Electronics,Power Bank,4,3068.58,0.0,Debit Card,Returning,No,12274.32,0.0,12274.32
ORD302378,2025-04-15,CUST12568,Customer_12568,West,Kolkata,Clothing,T-Shirt,3,3361.94,0.2,Credit Card,Returning,No,10085.82,2017.164,8068.656
ORD302379,2025-06-19,CUST13478,Customer_13478,South,Hyderabad,Electronics,Power Bank,6,14944.49,0.1,Net Banking,Returning,No,89666.94,8966.694000000001,80700.246
ORD302380,2024-04-13,CUST13154,Customer_13154,North,Mumbai,Furniture,Bookshelf,3,26597.22,0.25,Net Banking,Returning,No,79791.66,19947.915,59843.745
ORD302381,2024-06-22,CUST13335,Customer_13335,South,Chennai,Clothing,T-Shirt,4,1013.76,0.1,Cash,New,No,4055.04,405.504,3649.536
ORD302382,2024-01-06,CUST13347,Customer_13347,West,Mumbai,Sports,Football,5,5923.64,0.2,Net Banking,Returning,No,29618.2,5923.64,23694.56
ORD302383,2024-08-04,CUST12072,Customer_12072,North,Mumbai,Furniture,Sofa,1,13373.99,0.15,Debit Card,New,No,13373.99,2006.0984999999998,11367.8915
ORD302384,2024-01-07,CUST12428,Customer_12428,West,Pune,Sports,Football,3,9448.61,0.05,Debit Card,New,Yes,28345.83,1417.2915000000003,26928.538500000002
ORD302385,2025-09-20,CUST13376,Customer_13376,West,Chennai,Electronics,Power Bank,3,21604.16,0.15,UPI,New,No,64812.479999999996,9721.872,55090.60799999999
ORD302386,2024-11-24,CUST13033,Customer_13033,East,Pune,Home & Kitchen,Water Bottle,3,1576.24,0.15,Net Banking,Returning,No,4728.72,709.308,4019.4120000000003
ORD302387,2024-08-25,CUST13317,Customer_13317,South,Bengaluru,Furniture,Bookshelf,4,12202.34,0.05,Cash,Returning,No,48809.36,2440.4680000000003,46368.892
ORD302388,2024-07-23,CUST13381,Customer_13381,South,Chennai,Clothing,T-Shirt,1,1412.21,0.1,Credit Card,Returning,No,1412.21,141.221,1270.989
ORD302389,2025-07-30,CUST12158,Customer_12158,South,Bengaluru,Electronics,Wireless Headphones,7,2873.32,0.1,Credit Card,Returning,No,20113.24,2011.3240000000003,18101.916
ORD302390,2024-05-27,CUST12663,Customer_12663,South,Bengaluru,Furniture,Study Table,3,24045.69,0.05,Cash,Returning,No,72137.06999999999,3606.8534999999997,68530.2165
ORD302391,2024-10-16,CUST12780,Customer_12780,South,Mumbai,Furniture,Bookshelf,6,11121.87,0.2,Net Banking,Returning,Yes,66731.22,13346.244,53384.976
ORD302392,2024-04-03,CUST13189,Customer_13189,East,Bengaluru,Furniture,Bookshelf,2,17876.07,0.15,Credit Card,New,Yes,35752.14,5362.821,30389.319
ORD302393,2024-02-06,CUST13336,Customer_13336,North,Hyderabad,Clothing,Sneakers,2,3983.69,0.05,Cash,New,No,7967.38,398.369,7569.011
ORD302394,2024-01-08,CUST13411,Customer_13411,South,Delhi,Furniture,Office Chair,2,26339.05,0.05,Debit Card,New,No,52678.1,2633.905,50044.195
ORD302395,2025-08-01,CUST12678,Customer_12678,South,Pune,Home & Kitchen,Cookware Set,2,4592.81,0.15,Debit Card,Returning,No,9185.62,1377.843,7807.777000000001
ORD302396,2025-12-18,CUST12604,Customer_12604,West,Kolkata,Home & Kitchen,Bedsheet,3,3091.45,0.0,Net Banking,New,No,9274.349999999999,0.0,9274.349999999999
ORD302397,2024-08-14,CUST12071,Customer_12071,West,Hyderabad,Home & Kitchen,Mixer Grinder,2,1016.9,0.1,Net Banking,New,No,2033.8,203.38,1830.42
ORD302398,2024-11-23,CUST12088,Customer_12088,North,Hyderabad,Clothing,Jacket,1,4867.46,0.15,Cash,New,No,4867.46,730.119,4137.341
ORD302399,2025-11-17,CUST12414,Customer_12414,South,Mumbai,Furniture,Coffee Table,4,23771.61,0.0,Net Banking,Returning,No,95086.44,0.0,95086.44
ORD302400,2024-04-02,CUST12513,Customer_12513,East,Kolkata,Electronics,Wireless Headphones,4,3366.11,0.2,UPI,Returning,No,13464.44,2692.8880000000004,10771.552
ORD302401,2025-06-25,CUST12907,Customer_12907,East,Pune,Home & Kitchen,Storage Box,1,10200.21,0.15,Debit Card,New,No,10200.21,1530.0314999999998,8670.1785
ORD302402,2024-07-14,CUST12015,Customer_12015,South,Bengaluru,Clothing,Jeans,2,2953.14,0.15,Debit Card,Returning,No,5906.28,885.9419999999999,5020.338
ORD302403,2024-09-24,CUST12471,Customer_12471,West,Delhi,Sports,Running Shoes,4,3073.8,0.15,UPI,Returning,No,12295.2,1844.28,10450.92
ORD302404,2025-05-06,CUST13313,Customer_13313,West,Delhi,Clothing,Formal Shirt,2,5771.23,0.05,Credit Card,Returning,No,11542.46,577.1229999999999,10965.337
ORD302405,2025-07-09,CUST13363,Customer_13363,West,Chennai,Home & Kitchen,Storage Box,2,9389.78,0.0,UPI,New,No,18779.56,0.0,18779.56
ORD302406,2024-06-04,CUST13413,Customer_13413,West,Pune,Furniture,Office Chair,1,4303.55,0.15,Cash,New,No,4303.55,645.5325,3658.0175
ORD302407,2024-12-09,CUST12145,Customer_12145,East,Kolkata,Home & Kitchen,Mixer Grinder,2,6264.59,0.0,Debit Card,Returning,No,12529.18,0.0,12529.18
ORD302408,2025-01-14,CUST12914,Customer_12914,South,Vijayawada,Electronics,Bluetooth Speaker,3,18596.78,0.15,Cash,Returning,Yes,55790.34,8368.551,47421.789
ORD302409,2025-12-18,CUST13227,Customer_13227,East,Mumbai,Home & Kitchen,Water Bottle,3,4537.08,0.25,UPI,New,Yes,13611.24,3402.81,10208.43
ORD302410,2024-12-11,CUST12200,Customer_12200,West,Bengaluru,Furniture,Sofa,1,11895.68,0.15,Credit Card,Returning,No,11895.68,1784.352,10111.328
ORD302411,2024-05-13,CUST13174,Customer_13174,West,Chennai,Sports,Cricket Bat,2,5176.79,0.05,Debit Card,Returning,No,10353.58,517.679,9835.901
ORD302412,2024-02-04,CUST12007,Customer_12007,West,Chennai,Sports,Yoga Mat,3,3445.23,0.15,Cash,Returning,No,10335.69,1550.3535,8785.336500000001
ORD302413,2024-01-24,CUST13478,Customer_13478,East,Vijayawada,Clothing,Sneakers,1,4129.65,0.0,Debit Card,New,No,4129.65,0.0,4129.65
ORD302414,2024-02-19,CUST12001,Customer_12001,South,Kolkata,Clothing,Sneakers,3,3650.07,0.1,Debit Card,Returning,No,10950.210000000001,1095.0210000000002,9855.189
ORD302415,2025-04-05,CUST12965,Customer_12965,West,Hyderabad,Clothing,Jacket,2,1483.1,0.05,Cash,Returning,No,2966.2,148.31,2817.89
ORD302416,2025-05-12,CUST12845,Customer_12845,West,Mumbai,Clothing,Sneakers,1,4303.66,0.15,Credit Card,Returning,No,4303.66,645.549,3658.111
ORD302417,2024-02-14,CUST12949,Customer_12949,West,Hyderabad,Electronics,USB Keyboard,3,18237.23,0.1,Net Banking,New,No,54711.69,5471.169000000001,49240.521
ORD302418,2025-03-21,CUST13451,Customer_13451,South,Kolkata,Sports,Running Shoes,2,5416.89,0.1,Net Banking,Returning,No,10833.78,1083.3780000000002,9750.402
ORD302419,2024-09-18,CUST12599,Customer_12599,South,Pune,Furniture,Sofa,2,28102.66,0.1,Net Banking,New,No,56205.32,5620.532,50584.788
ORD302420,2024-05-07,CUST12106,Customer_12106,East,Kolkata,Sports,Yoga Mat,4,8769.02,0.0,Net Banking,Returning,No,35076.08,0.0,35076.08
ORD302421,2025-02-06,CUST13468,Customer_13468,South,Mumbai,Sports,Yoga Mat,1,2471.89,0.05,UPI,Returning,No,2471.89,123.5945,2348.2954999999997
ORD302422,2025-04-28,CUST12107,Customer_12107,West,Pune,Furniture,Bookshelf,3,14739.87,0.05,Debit Card,Returning,No,44219.61,2210.9805,42008.6295
ORD302423,2024-08-30,CUST12224,Customer_12224,North,Mumbai,Electronics,Power Bank,2,18294.1,0.0,UPI,New,No,36588.2,0.0,36588.2
ORD302424,2025-09-23,CUST12284,Customer_12284,West,Mumbai,Electronics,Power Bank,3,10121.24,0.1,UPI,Returning,No,30363.72,3036.3720000000003,27327.348
ORD302425,2024-05-15,CUST12398,Customer_12398,West,Pune,Furniture,Coffee Table,2,5062.77,0.25,Cash,Returning,No,10125.54,2531.385,7594.155000000001
ORD302426,2024-07-10,CUST13402,Customer_13402,West,Pune,Electronics,Smart Watch,1,2466.12,0.05,UPI,Returning,Yes,2466.12,123.306,2342.814
ORD302427,2024-02-08,CUST12288,Customer_12288,West,Kolkata,Electronics,Bluetooth Speaker,1,19222.12,0.1,UPI,New,No,19222.12,1922.212,17299.908
ORD302428,2024-08-19,CUST12411,Customer_12411,South,Chennai,Furniture,Study Table,3,20365.68,0.1,Debit Card,Returning,Yes,61097.04,6109.704000000001,54987.336
ORD302429,2024-03-25,CUST12986,Customer_12986,West,Hyderabad,Clothing,Formal Shirt,1,5262.26,0.0,Cash,Returning,No,5262.26,0.0,5262.26
ORD302430,2024-02-19,CUST12938,Customer_12938,North,Bengaluru,Furniture,Sofa,1,17524.07,0.15,Cash,Returning,No,17524.07,2628.6105,14895.4595
ORD302431,2025-12-09,CUST12404,Customer_12404,East,Kolkata,Home & Kitchen,Water Bottle,3,11124.05,0.05,UPI,New,No,33372.149999999994,1668.6074999999998,31703.542499999996
ORD302432,2025-10-05,CUST13258,Customer_13258,East,Mumbai,Home & Kitchen,Mixer Grinder,5,10411.91,0.15,Cash,Returning,No,52059.55,7808.9325,44250.6175
ORD302433,2025-05-15,CUST12134,Customer_12134,South,Chennai,Sports,Football,1,6860.49,0.0,Debit Card,Returning,No,6860.49,0.0,6860.49
ORD302434,2025-09-05,CUST12285,Customer_12285,West,Kolkata,Sports,Dumbbells,1,3339.72,0.0,Credit Card,New,No,3339.72,0.0,3339.72
ORD302435,2025-02-02,CUST12716,Customer_12716,West,Delhi,Clothing,Formal Shirt,5,4361.62,0.2,Cash,New,No,21808.1,4361.62,17446.48
ORD302436,2024-05-06,CUST12029,Customer_12029,North,Kolkata,Sports,Dumbbells,4,5941.54,0.0,Net Banking,Returning,No,23766.16,0.0,23766.16
ORD302437,2025-12-10,CUST12801,Customer_12801,North,Mumbai,Clothing,Sneakers,1,1444.68,0.0,Net Banking,Returning,No,1444.68,0.0,1444.68
ORD302438,2024-08-05,CUST12394,Customer_12394,East,Kolkata,Electronics,Power Bank,4,10053.82,0.1,Debit Card,New,No,40215.28,4021.5280000000002,36193.752
ORD302439,2025-11-02,CUST13180,Customer_13180,South,Mumbai,Sports,Football,2,1702.03,0.05,Net Banking,New,No,3404.06,170.203,3233.857
ORD302440,2024-08-09,CUST12359,Customer_12359,East,Kolkata,Sports,Dumbbells,6,7154.07,0.15,UPI,Returning,No,42924.42,6438.663,36485.757
ORD302441,2025-07-21,CUST12649,Customer_12649,South,Vijayawada,Furniture,Sofa,1,27775.43,0.2,Net Banking,New,No,27775.43,5555.086,22220.344
ORD302442,2024-09-14,CUST13148,Customer_13148,West,Delhi,Clothing,T-Shirt,2,2063.76,0.1,Cash,Returning,No,4127.52,412.75200000000007,3714.7680000000005
ORD302443,2024-07-30,CUST12053,Customer_12053,East,Hyderabad,Home & Kitchen,Storage Box,2,2995.36,0.05,Credit Card,Returning,No,5990.72,299.536,5691.184
ORD302444,2025-10-03,CUST12679,Customer_12679,West,Mumbai,Clothing,T-Shirt,2,538.16,0.05,Cash,New,No,1076.32,53.816,1022.5039999999999
ORD302445,2025-01-03,CUST12655,Customer_12655,West,Bengaluru,Sports,Running Shoes,7,915.06,0.05,UPI,Returning,No,6405.42,320.271,6085.149
ORD302446,2025-10-27,CUST13054,Customer_13054,West,Kolkata,Home & Kitchen,Cookware Set,1,5204.71,,Debit Card,New,Yes,5204.71,0.0,5204.71
ORD302447,2025-08-24,CUST12312,Customer_12312,South,Kolkata,Sports,Yoga Mat,1,1928.59,0.1,UPI,Returning,No,1928.59,192.859,1735.731
ORD302448,2024-08-12,CUST12403,Customer_12403,South,Mumbai,Clothing,Jeans,6,2901.62,0.05,Cash,Returning,No,17409.72,870.4860000000001,16539.234
ORD302449,2025-05-25,CUST12351,Customer_12351,North,Hyderabad,Furniture,Office Chair,3,3283.7,0.1,Credit Card,Returning,No,9851.099999999999,985.1099999999999,8865.989999999998
ORD302450,2024-12-30,CUST13077,Customer_13077,North,Hyderabad,Home & Kitchen,Cookware Set,1,5950.47,0.0,UPI,New,No,5950.47,0.0,5950.47
ORD302451,2025-11-14,CUST13287,Customer_13287,East,Delhi,Sports,Running Shoes,2,4473.73,0.15,UPI,Returning,Yes,8947.46,1342.119,7605.340999999999
ORD302452,2025-04-20,CUST13012,Customer_13012,East,Vijayawada,Clothing,T-Shirt,5,2887.44,0.05,UPI,Returning,No,14437.2,721.8600000000001,13715.34
ORD302453,2024-02-14,CUST12671,Customer_12671,East,Mumbai,Electronics,Bluetooth Speaker,6,8719.88,0.1,UPI,New,No,52319.28,5231.928,47087.352
ORD302454,2025-01-01,CUST12559,Customer_12559,South,Delhi,Electronics,Power Bank,3,16303.75,0.0,Cash,Returning,No,48911.25,0.0,48911.25
ORD302455,2024-04-16,CUST13377,Customer_13377,East,Hyderabad,Home & Kitchen,Storage Box,5,10592.0,,Cash,Returning,No,52960.0,0.0,52960.0
ORD302456,2025-02-17,CUST13494,Customer_13494,East,Chennai,Furniture,Sofa,2,19858.75,0.1,Net Banking,New,No,39717.5,3971.75,35745.75
ORD302457,2024-01-16,CUST12599,Customer_12599,South,Bengaluru,Furniture,Bookshelf,1,11202.82,0.0,UPI,Returning,No,11202.82,0.0,11202.82
ORD302458,2025-04-27,CUST12833,Customer_12833,West,Bengaluru,Home & Kitchen,Bedsheet,2,10143.77,0.0,UPI,New,No,20287.54,0.0,20287.54
ORD302459,2025-01-08,CUST13433,Customer_13433,North,Bengaluru,Home & Kitchen,Mixer Grinder,1,2109.51,0.05,Net Banking,New,No,2109.51,105.47550000000001,2004.0345000000002
ORD302460,2025-07-29,CUST12745,Customer_12745,North,Vijayawada,Electronics,Bluetooth Speaker,1,3995.84,0.1,Net Banking,New,Yes,3995.84,399.58400000000006,3596.2560000000003
ORD302461,2024-09-29,CUST12078,Customer_12078,West,Vijayawada,Furniture,Coffee Table,5,19497.15,0.1,Credit Card,Returning,Yes,97485.75,9748.575,87737.175
ORD302462,2025-11-15,CUST12385,Customer_12385,East,Chennai,Furniture,Bookshelf,1,22111.93,0.05,Credit Card,Returning,No,22111.93,1105.5965,21006.3335
ORD302463,2024-11-26,CUST12590,Customer_12590,South,Mumbai,Furniture,Office Chair,3,9269.8,0.15,Cash,Returning,No,27809.399999999998,4171.41,23637.989999999998
ORD302464,2024-09-25,CUST13014,Customer_13014,East,Mumbai,Sports,Dumbbells,1,837.94,0.15,Cash,Returning,No,837.94,125.691,712.249
ORD302465,2025-10-14,CUST12523,Customer_12523,South,Hyderabad,Furniture,Coffee Table,2,6811.44,0.25,UPI,New,No,13622.88,3405.72,10217.16
ORD302466,2024-05-17,CUST12486,Customer_12486,West,Kolkata,Home & Kitchen,Bedsheet,6,4667.67,0.15,Credit Card,Returning,No,28006.02,4200.903,23805.117
ORD302467,2024-12-29,CUST13308,Customer_13308,North,Chennai,Clothing,Jeans,4,4493.5,0.05,Cash,New,No,17974.0,898.7,17075.3
ORD302468,2024-01-13,CUST13438,Customer_13438,West,Mumbai,Furniture,Office Chair,3,19242.86,0.15,Cash,Returning,No,57728.58,8659.287,49069.293000000005
ORD302469,2024-06-17,CUST12292,Customer_12292,West,Delhi,Furniture,Coffee Table,3,14622.72,0.05,UPI,Returning,No,43868.159999999996,2193.408,41674.75199999999
ORD302470,2024-10-09,CUST12321,Customer_12321,South,Vijayawada,Home & Kitchen,Mixer Grinder,3,6964.15,0.1,UPI,Returning,No,20892.449999999997,2089.245,18803.204999999998
ORD302471,2025-11-12,CUST12603,Customer_12603,East,Vijayawada,Home & Kitchen,Cookware Set,1,6933.91,0.0,Net Banking,New,No,6933.91,0.0,6933.91
ORD302472,2024-09-13,CUST12044,Customer_12044,South,Bengaluru,Sports,Cricket Bat,3,1673.56,0.05,Credit Card,Returning,No,5020.68,251.03400000000002,4769.646000000001
ORD302473,2024-07-13,CUST13034,Customer_13034,East,Kolkata,Sports,Football,3,784.15,0.05,Net Banking,New,No,2352.45,117.6225,2234.8275
ORD302474,2024-07-29,CUST13331,Customer_13331,South,Kolkata,Electronics,Bluetooth Speaker,6,6409.74,0.05,Credit Card,Returning,No,38458.44,1922.9220000000003,36535.518000000004
ORD302475,2025-02-12,CUST13295,Customer_13295,East,Vijayawada,Furniture,Sofa,2,8570.93,0.1,Cash,Returning,No,17141.86,1714.1860000000001,15427.674
ORD302476,2025-11-16,CUST12521,Customer_12521,West,Delhi,Electronics,USB Keyboard,4,17856.99,0.1,Credit Card,New,No,71427.96,7142.796000000001,64285.164000000004
ORD302477,2024-09-25,CUST12277,Customer_12277,East,Hyderabad,Clothing,T-Shirt,1,2222.29,0.0,Cash,New,No,2222.29,0.0,2222.29
ORD302478,2024-02-25,CUST12644,Customer_12644,North,Delhi,Electronics,Power Bank,1,6150.35,0.15,UPI,Returning,Yes,6150.35,922.5525,5227.797500000001
ORD302479,2024-08-06,CUST12333,Customer_12333,East,Pune,Furniture,Coffee Table,1,8946.63,0.0,Net Banking,New,No,8946.63,0.0,8946.63
ORD302480,2024-10-30,CUST13328,Customer_13328,West,Vijayawada,Sports,Dumbbells,2,8064.26,0.1,Debit Card,New,No,16128.52,1612.852,14515.668
ORD302481,2024-08-27,CUST13460,Customer_13460,West,Chennai,Furniture,Office Chair,2,16922.8,0.15,Cash,Returning,No,33845.6,5076.839999999999,28768.76
ORD302482,2025-07-23,CUST12504,Customer_12504,West,Pune,Home & Kitchen,Mixer Grinder,1,895.2,0.05,UPI,Returning,No,895.2,44.760000000000005,850.44
ORD302483,2024-08-14,CUST12420,Customer_12420,West,Vijayawada,Furniture,Bookshelf,2,11056.98,0.05,Net Banking,New,No,22113.96,1105.698,21008.262
ORD302484,2024-03-03,CUST13009,Customer_13009,South,Delhi,Home & Kitchen,Bedsheet,1,8149.28,0.1,Net Banking,New,No,8149.28,814.928,7334.352
ORD302485,2025-10-13,CUST13368,Customer_13368,West,Delhi,Clothing,Formal Shirt,2,4043.02,0.05,Credit Card,Returning,No,8086.04,404.302,7681.738
ORD302486,2025-06-05,CUST12395,Customer_12395,West,Vijayawada,Home & Kitchen,Bedsheet,4,10044.64,0.15,Net Banking,New,No,40178.56,6026.784,34151.776
ORD302487,2025-04-10,CUST12433,Customer_12433,North,Chennai,Clothing,T-Shirt,4,3916.31,0.0,Net Banking,New,No,15665.24,0.0,15665.24
ORD302488,2024-11-14,CUST12666,Customer_12666,West,Bengaluru,Sports,Yoga Mat,1,6087.83,0.05,UPI,New,No,6087.83,304.3915,5783.4385
ORD302489,2025-06-03,CUST12770,Customer_12770,West,Vijayawada,Electronics,Smart Watch,3,18645.47,0.2,Debit Card,Returning,No,55936.41,11187.282000000001,44749.128000000004
ORD302490,2024-06-29,CUST12020,Customer_12020,South,Mumbai,Clothing,Jeans,3,2951.9,0.1,Credit Card,New,No,8855.7,885.5700000000002,7970.130000000001
ORD302491,2025-04-06,CUST12686,Customer_12686,South,Kolkata,Sports,Yoga Mat,4,6407.38,0.15,Credit Card,Returning,No,25629.52,3844.428,21785.092
ORD302492,2025-04-04,CUST12513,Customer_12513,North,Kolkata,Sports,Dumbbells,3,5078.89,0.15,Credit Card,Returning,No,15236.670000000002,2285.5005,12951.169500000002
ORD302493,2025-01-13,CUST12644,Customer_12644,South,Mumbai,Home & Kitchen,Mixer Grinder,3,2725.12,0.05,Credit Card,Returning,No,8175.36,408.76800000000003,7766.592
ORD302494,2024-05-30,CUST12930,Customer_12930,North,Vijayawada,Clothing,Jacket,4,1901.79,0.0,Cash,New,Yes,7607.16,0.0,7607.16
ORD302495,2025-01-29,CUST12998,Customer_12998,North,Pune,Electronics,Bluetooth Speaker,1,20326.51,0.15,Cash,New,No,20326.51,3048.9764999999998,17277.533499999998
ORD302496,2024-06-21,CUST12960,Customer_12960,West,Hyderabad,Furniture,Bookshelf,2,17766.68,0.05,Cash,Returning,No,35533.36,1776.6680000000001,33756.692
ORD302497,2025-08-19,CUST12823,Customer_12823,West,Mumbai,Clothing,Formal Shirt,4,1564.13,0.15,Debit Card,Returning,No,6256.52,938.4780000000001,5318.042
ORD302498,2025-04-14,CUST13417,Customer_13417,South,Delhi,Clothing,T-Shirt,6,1559.4,0.2,UPI,Returning,No,9356.400000000001,1871.2800000000004,7485.120000000001
ORD302499,2024-04-08,CUST12549,Customer_12549,South,Vijayawada,Clothing,Formal Shirt,2,982.33,0.0,Cash,Returning,No,1964.66,0.0,1964.66
ORD302500,2025-02-20,CUST13021,Customer_13021,East,Pune,Sports,Dumbbells,1,5786.72,0.0,Net Banking,New,No,5786.72,0.0,5786.72
ORD302501,2024-12-29,CUST12891,Customer_12891,East,Hyderabad,Electronics,USB Keyboard,4,4194.47,0.05,UPI,New,No,16777.88,838.8940000000001,15938.986
ORD302502,2024-02-02,CUST12854,Customer_12854,West,Delhi,Sports,Yoga Mat,1,4186.01,0.2,UPI,New,No,4186.01,837.2020000000001,3348.808
ORD302503,2024-09-20,CUST12959,Customer_12959,East,Pune,Clothing,Jacket,4,1411.02,0.1,Debit Card,New,No,5644.08,564.408,5079.672
ORD302504,2025-08-30,CUST13013,Customer_13013,North,Hyderabad,Home & Kitchen,Storage Box,3,9559.44,0.15,Cash,Returning,No,28678.32,4301.748,24376.572
ORD302505,2025-03-31,CUST13227,Customer_13227,East,Pune,Electronics,Power Bank,6,5659.67,0.1,Credit Card,Returning,Yes,33958.020000000004,3395.8020000000006,30562.218000000004
ORD302506,2024-09-30,CUST13242,Customer_13242,West,Kolkata,Home & Kitchen,Bedsheet,3,4876.43,0.05,UPI,Returning,No,14629.29,731.4645,13897.8255
ORD302507,2024-06-28,CUST12297,Customer_12297,North,Hyderabad,Electronics,Smart Watch,1,10737.23,0.0,Credit Card,New,No,10737.23,0.0,10737.23
ORD302508,2024-01-31,CUST13307,Customer_13307,East,Mumbai,Electronics,USB Keyboard,6,18788.67,0.05,UPI,Returning,No,112732.01999999999,5636.601,107095.419
ORD302509,2024-09-26,CUST13425,Customer_13425,West,Delhi,Electronics,Power Bank,4,11724.99,0.15,Cash,Returning,No,46899.96,7034.994,39864.966
ORD302510,2025-03-23,CUST12980,Customer_12980,North,Pune,Clothing,Sneakers,4,2694.54,0.0,Debit Card,New,No,10778.16,0.0,10778.16
ORD302511,2025-11-13,CUST12284,Customer_12284,East,Kolkata,Clothing,Formal Shirt,3,1776.15,0.05,Net Banking,New,No,5328.450000000001,266.42250000000007,5062.027500000001
ORD302512,2025-05-07,CUST13463,Customer_13463,West,Pune,Electronics,Power Bank,6,19951.34,0.1,Cash,Returning,No,119708.04000000001,11970.804000000002,107737.236
ORD302513,2024-07-25,CUST12054,Customer_12054,East,Vijayawada,Clothing,Sneakers,1,646.49,0.2,Cash,Returning,No,646.49,129.298,517.192
ORD302514,2025-12-25,CUST12285,Customer_12285,West,Chennai,Clothing,Jeans,2,954.48,0.0,Cash,Returning,No,1908.96,0.0,1908.96
ORD302515,2025-07-07,CUST12464,Customer_12464,South,Delhi,Sports,Cricket Bat,4,4568.96,0.15,UPI,Returning,No,18275.84,2741.3759999999997,15534.464
ORD302516,2025-10-30,CUST12856,Customer_12856,South,Vijayawada,Furniture,Study Table,1,21057.85,0.15,Credit Card,New,Yes,21057.85,3158.6775,17899.1725
ORD302517,2025-05-17,CUST12576,Customer_12576,North,Bengaluru,Electronics,Wireless Headphones,1,9423.13,0.0,Debit Card,Returning,No,9423.13,0.0,9423.13
ORD302518,2024-03-17,CUST12866,Customer_12866,North,Bengaluru,Clothing,T-Shirt,5,3765.87,0.05,Debit Card,New,No,18829.35,941.4675,17887.8825
ORD302519,2024-10-29,CUST13300,Customer_13300,West,Vijayawada,Clothing,Jacket,1,3969.14,0.05,Cash,New,No,3969.14,198.457,3770.683
ORD302520,2025-11-10,CUST12517,Customer_12517,South,Kolkata,Home & Kitchen,Cookware Set,4,7001.49,0.15,Net Banking,Returning,No,28005.96,4200.893999999999,23805.066
ORD302521,2025-05-23,CUST12424,Customer_12424,North,Mumbai,Clothing,Formal Shirt,1,3754.61,0.1,Cash,Returning,No,3754.61,375.461,3379.1490000000003
ORD302522,2024-03-13,CUST13376,Customer_13376,North,Kolkata,Clothing,T-Shirt,3,3270.34,0.1,Net Banking,Returning,No,9811.02,981.1020000000001,8829.918
ORD302523,2024-07-10,CUST12567,Customer_12567,North,Delhi,Home & Kitchen,Cookware Set,2,10159.82,0.05,UPI,New,No,20319.64,1015.982,19303.658
ORD302524,2024-10-25,CUST12294,Customer_12294,North,Pune,Clothing,T-Shirt,2,3999.97,0.05,Credit Card,Returning,No,7999.94,399.997,7599.942999999999
ORD302525,2024-09-11,CUST12209,Customer_12209,South,Kolkata,Sports,Dumbbells,1,6932.09,0.0,Net Banking,Returning,No,6932.09,0.0,6932.09
ORD302526,2025-10-23,CUST12694,Customer_12694,East,Chennai,Sports,Cricket Bat,3,5717.08,0.1,Net Banking,New,No,17151.239999999998,1715.1239999999998,15436.115999999998
ORD302527,2025-08-11,CUST12445,Customer_12445,North,Mumbai,Clothing,T-Shirt,2,3280.03,0.2,Credit Card,Returning,No,6560.06,1312.0120000000002,5248.048000000001
ORD302528,2024-06-04,CUST12310,Customer_12310,South,Hyderabad,Sports,Cricket Bat,2,2995.54,0.15,Credit Card,New,No,5991.08,898.6619999999999,5092.418
ORD302529,2025-05-27,CUST12964,Customer_12964,East,Mumbai,Home & Kitchen,Water Bottle,4,11131.25,0.0,UPI,Returning,No,44525.0,0.0,44525.0
ORD302530,2024-03-09,CUST12149,Customer_12149,East,Hyderabad,Clothing,T-Shirt,1,4261.04,0.0,Credit Card,Returning,No,4261.04,0.0,4261.04
ORD302531,2024-04-15,CUST13260,Customer_13260,South,Hyderabad,Sports,Running Shoes,1,1776.54,0.05,Cash,New,Yes,1776.54,88.827,1687.713
ORD302532,2025-08-24,CUST13346,Customer_13346,West,Kolkata,Sports,Running Shoes,3,1457.61,0.05,Net Banking,Returning,No,4372.83,218.6415,4154.1885
ORD302533,2025-06-08,CUST12732,Customer_12732,West,Mumbai,Sports,Yoga Mat,5,8664.61,0.05,Cash,New,No,43323.05,2166.1525,41156.89750000001
ORD302534,2025-02-03,CUST13471,Customer_13471,North,Pune,Electronics,Wireless Headphones,1,8629.27,0.1,Debit Card,Returning,No,8629.27,862.9270000000001,7766.343000000001
ORD302535,2025-10-30,CUST12041,Customer_12041,North,Mumbai,Electronics,Bluetooth Speaker,6,5364.36,0.05,Net Banking,Returning,No,32186.159999999996,1609.308,30576.851999999995
ORD302536,2025-08-13,CUST12302,Customer_12302,East,Vijayawada,Electronics,Smart Watch,3,14646.48,0.05,Net Banking,Returning,No,43939.44,2196.972,41742.468
ORD302537,2025-08-14,CUST13181,Customer_13181,South,Mumbai,Sports,Dumbbells,3,6965.2,0.05,Debit Card,New,No,20895.6,1044.78,19850.82
ORD302538,2024-05-27,CUST13352,Customer_13352,East,Kolkata,Home & Kitchen,Cookware Set,2,9231.09,0.2,Debit Card,Returning,No,18462.18,3692.436,14769.744
ORD302539,2024-07-02,CUST13015,Customer_13015,East,Vijayawada,Electronics,Wireless Headphones,2,22583.78,0.05,Credit Card,Returning,No,45167.56,2258.378,42909.182
ORD302540,2024-09-14,CUST12882,Customer_12882,East,Vijayawada,Electronics,USB Keyboard,2,12930.35,0.2,Net Banking,Returning,No,25860.7,5172.14,20688.56
ORD302541,2025-07-10,CUST12153,Customer_12153,East,Bengaluru,Clothing,Sneakers,1,3665.87,0.0,UPI,Returning,No,3665.87,0.0,3665.87
ORD302542,2024-01-10,CUST12236,Customer_12236,East,Chennai,Furniture,Sofa,5,3293.09,0.15,Debit Card,New,Yes,16465.45,2469.8175,13995.6325
ORD302543,2025-12-01,CUST12641,Customer_12641,South,Hyderabad,Sports,Football,1,6715.23,0.05,Credit Card,New,No,6715.23,335.7615,6379.4685
ORD302544,2025-08-17,CUST12608,Customer_12608,West,Hyderabad,Clothing,Formal Shirt,1,3650.95,0.15,Debit Card,Returning,No,3650.95,547.6424999999999,3103.3075
ORD302545,2025-08-08,CUST12289,Customer_12289,North,Kolkata,Furniture,Coffee Table,1,19969.03,0.1,UPI,New,No,19969.03,1996.903,17972.127
ORD302546,2025-09-19,CUST13049,Customer_13049,South,Kolkata,Electronics,Power Bank,4,4452.26,0.05,Debit Card,New,No,17809.04,890.4520000000001,16918.588
ORD302547,2025-06-19,CUST12922,Customer_12922,South,Vijayawada,Clothing,Jeans,1,2468.85,0.05,Credit Card,Returning,No,2468.85,123.4425,2345.4075
ORD302548,2025-08-18,CUST13009,Customer_13009,North,Bengaluru,Home & Kitchen,Bedsheet,2,10874.24,0.05,Debit Card,New,No,21748.48,1087.424,20661.056
ORD302549,2024-11-15,CUST12455,Customer_12455,South,Mumbai,Furniture,Study Table,2,21194.17,0.15,Cash,Returning,No,42388.34,6358.250999999999,36030.089
ORD302550,2024-03-16,CUST12469,Customer_12469,South,Hyderabad,Sports,Yoga Mat,2,848.02,0.1,Credit Card,Returning,No,1696.04,169.604,1526.436
ORD302551,2025-08-22,CUST12049,Customer_12049,West,Hyderabad,Clothing,Jeans,4,1792.93,0.1,Cash,New,No,7171.72,717.172,6454.548000000001
ORD302552,2025-09-11,CUST13055,Customer_13055,West,Kolkata,Electronics,Smart Watch,6,3949.02,0.1,Cash,Returning,Yes,23694.12,2369.412,21324.708
ORD302553,2025-05-07,CUST12342,Customer_12342,West,Mumbai,Clothing,Jeans,1,881.46,0.1,Net Banking,Returning,No,881.46,88.14600000000002,793.3140000000001
ORD302554,2025-11-27,CUST13285,Customer_13285,West,Mumbai,Furniture,Bookshelf,5,6149.67,0.05,Cash,New,No,30748.35,1537.4175,29210.9325
ORD302555,2025-01-14,CUST12390,Customer_12390,South,Kolkata,Electronics,Smart Watch,7,21433.05,0.0,Cash,Returning,No,150031.35,0.0,150031.35
ORD302556,2025-03-23,CUST12527,Customer_12527,West,Mumbai,Sports,Football,5,5070.71,0.1,Cash,New,No,25353.55,2535.355,22818.195
ORD302557,2024-09-13,CUST12272,Customer_12272,West,Mumbai,Home & Kitchen,Storage Box,2,10390.2,0.1,Net Banking,New,No,20780.4,2078.0400000000004,18702.36
ORD302558,2024-04-30,CUST12310,Customer_12310,North,Vijayawada,Electronics,USB Keyboard,3,21925.84,0.1,Credit Card,Returning,No,65777.52,6577.752,59199.768000000004
ORD302559,2025-05-08,CUST12922,Customer_12922,West,Pune,Electronics,USB Keyboard,1,14928.53,0.05,Net Banking,New,Yes,14928.53,746.4265,14182.103500000001
ORD302560,2025-09-29,CUST12935,Customer_12935,North,Pune,Furniture,Coffee Table,5,22393.42,0.15,Credit Card,Returning,No,111967.09999999999,16795.065,95172.03499999999
ORD302561,2024-09-23,CUST12498,Customer_12498,North,Bengaluru,Home & Kitchen,Mixer Grinder,4,1072.88,0.05,Cash,New,No,4291.52,214.57600000000002,4076.9440000000004
ORD302562,2025-07-17,CUST12814,Customer_12814,North,Mumbai,Clothing,Sneakers,1,1669.22,0.15,Debit Card,Returning,No,1669.22,250.38299999999998,1418.837
ORD302563,2025-05-17,CUST13068,Customer_13068,East,Bengaluru,Sports,Football,5,6190.3,0.05,Debit Card,Returning,No,30951.5,1547.575,29403.925
ORD302564,2025-10-21,CUST13353,Customer_13353,South,Chennai,Electronics,Wireless Headphones,1,12969.63,0.1,Debit Card,Returning,No,12969.63,1296.963,11672.667
ORD302565,2025-07-11,CUST13494,Customer_13494,South,,Furniture,Sofa,6,22492.59,0.0,Net Banking,New,No,134955.54,0.0,134955.54
ORD302566,2025-09-08,CUST12145,Customer_12145,West,Kolkata,Electronics,Bluetooth Speaker,2,19677.81,0.1,Net Banking,Returning,No,39355.62,3935.5620000000004,35420.058000000005
ORD302567,2024-11-09,CUST12198,Customer_12198,South,Bengaluru,Electronics,Smart Watch,6,20961.06,0.1,Net Banking,New,No,125766.36000000002,12576.636000000002,113189.72400000002
ORD302568,2025-05-10,CUST12439,Customer_12439,South,Pune,Electronics,USB Keyboard,4,18314.64,0.05,Net Banking,Returning,No,73258.56,3662.928,69595.632
ORD302569,2024-03-20,CUST12496,Customer_12496,West,Pune,Clothing,Formal Shirt,3,3776.31,0.1,Credit Card,New,No,11328.93,1132.893,10196.037
ORD302570,2025-02-07,CUST12799,Customer_12799,East,Vijayawada,Sports,Football,3,4598.21,0.15,Debit Card,Returning,No,13794.630000000001,2069.1945,11725.435500000001
ORD302571,2024-02-13,CUST12991,Customer_12991,North,Hyderabad,Home & Kitchen,Water Bottle,3,6421.14,0.05,Cash,Returning,No,19263.420000000002,963.1710000000002,18300.249000000003
ORD302572,2025-09-04,CUST12556,Customer_12556,East,Mumbai,Furniture,Sofa,2,11129.03,0.0,Net Banking,Returning,No,22258.06,0.0,22258.06
ORD302573,2024-05-31,CUST12027,Customer_12027,East,Hyderabad,Home & Kitchen,Cookware Set,3,5237.23,0.1,UPI,Returning,No,15711.689999999999,1571.1689999999999,14140.520999999999
ORD302574,2024-07-07,CUST13411,Customer_13411,West,Mumbai,Clothing,Jacket,2,653.89,0.05,UPI,New,No,1307.78,65.389,1242.391
ORD302575,2024-06-02,CUST13354,Customer_13354,East,Delhi,Home & Kitchen,Storage Box,3,5385.17,0.1,Debit Card,Returning,No,16155.51,1615.5510000000002,14539.959
ORD302576,2025-07-08,CUST12115,Customer_12115,East,Bengaluru,Sports,Yoga Mat,1,9101.08,0.05,Credit Card,Returning,No,9101.08,455.05400000000003,8646.026
ORD302577,2024-07-13,CUST12647,Customer_12647,North,Chennai,Clothing,T-Shirt,3,1519.37,0.15,Debit Card,Returning,No,4558.11,683.7164999999999,3874.3934999999997
ORD302578,2025-07-04,CUST12132,Customer_12132,West,Kolkata,Home & Kitchen,Storage Box,5,8804.78,0.2,Credit Card,Returning,No,44023.9,8804.78,35219.12
ORD302579,2025-06-18,CUST13045,Customer_13045,North,Bengaluru,Electronics,USB Keyboard,5,17514.66,0.05,Net Banking,Returning,Yes,87573.3,4378.665,83194.63500000001
ORD302580,2025-12-17,CUST12907,Customer_12907,North,Kolkata,Electronics,Smart Watch,2,9272.8,0.05,Debit Card,Returning,No,18545.6,927.28,17618.32
ORD302581,2025-04-18,CUST12143,Customer_12143,West,Vijayawada,Electronics,Bluetooth Speaker,3,23114.52,0.2,Net Banking,New,No,69343.56,13868.712,55474.848
ORD302582,2024-03-30,CUST12526,Customer_12526,West,Pune,Sports,Cricket Bat,3,6910.58,0.15,Net Banking,Returning,No,20731.739999999998,3109.7609999999995,17621.979
ORD302583,2025-04-23,CUST12528,Customer_12528,North,Kolkata,Clothing,Jeans,3,3812.11,0.15,Credit Card,Returning,No,11436.33,1715.4495,9720.8805
ORD302584,2025-12-21,CUST12080,Customer_12080,West,Hyderabad,Home & Kitchen,Bedsheet,1,6075.94,0.1,UPI,Returning,No,6075.94,607.5939999999999,5468.346
ORD302585,2025-09-23,CUST12159,Customer_12159,North,Vijayawada,Clothing,Jacket,2,579.16,0.05,Debit Card,Returning,No,1158.32,57.916,1100.404
ORD302586,2024-06-23,CUST13293,Customer_13293,North,Mumbai,Sports,Yoga Mat,2,5171.28,0.0,Cash,Returning,No,10342.56,0.0,10342.56
ORD302587,2024-09-27,CUST13307,Customer_13307,North,Chennai,Furniture,Office Chair,1,23975.7,0.0,UPI,Returning,Yes,23975.7,0.0,23975.7
ORD302588,2024-07-18,CUST12085,Customer_12085,West,Bengaluru,Clothing,Sneakers,5,5410.98,0.1,Cash,Returning,No,27054.899999999998,2705.49,24349.409999999996
ORD302589,2025-02-15,CUST13014,Customer_13014,South,Kolkata,Furniture,Coffee Table,1,20132.89,0.1,UPI,Returning,No,20132.89,2013.289,18119.601
ORD302590,2025-06-22,CUST12324,Customer_12324,East,Bengaluru,Clothing,Jacket,4,3055.4,0.25,UPI,Returning,No,12221.6,3055.4,9166.2
ORD302591,2025-10-09,CUST12010,Customer_12010,West,Vijayawada,Home & Kitchen,Cookware Set,1,5260.07,0.25,Cash,New,No,5260.07,1315.0175,3945.0525
ORD302592,2024-07-28,CUST13402,Customer_13402,North,Mumbai,Clothing,Jacket,2,1376.59,0.1,UPI,New,No,2753.18,275.318,2477.862
ORD302593,2024-08-03,CUST12571,Customer_12571,South,Pune,Clothing,Sneakers,2,545.66,0.2,UPI,Returning,No,1091.32,218.264,873.0559999999999
ORD302594,2025-11-01,CUST13412,Customer_13412,West,Bengaluru,Furniture,Study Table,2,27653.0,0.1,UPI,New,No,55306.0,5530.6,49775.4
ORD302595,2024-05-09,CUST12091,Customer_12091,West,Vijayawada,Sports,Football,5,5062.09,0.05,Net Banking,Returning,No,25310.45,1265.5225,24044.9275
ORD302596,2024-08-16,CUST13189,Customer_13189,North,Pune,Clothing,Jacket,1,2573.19,0.25,Net Banking,New,No,2573.19,643.2975,1929.8925
ORD302597,2024-03-22,CUST13114,Customer_13114,East,Chennai,Clothing,Sneakers,3,2176.46,0.1,UPI,Returning,No,6529.38,652.9380000000001,5876.442
ORD302598,2024-08-28,CUST13365,Customer_13365,East,Pune,Electronics,Bluetooth Speaker,3,11315.03,0.1,Cash,Returning,No,33945.090000000004,3394.5090000000005,30550.581000000002
ORD302599,2024-02-27,CUST13490,Customer_13490,West,Pune,Furniture,Coffee Table,4,12532.93,0.0,UPI,Returning,No,50131.72,0.0,50131.72
ORD302600,2024-08-05,CUST12197,Customer_12197,South,Hyderabad,Sports,Yoga Mat,2,1625.18,0.1,Credit Card,Returning,No,3250.36,325.03600000000006,2925.324
ORD302601,2024-11-16,CUST13189,Customer_13189,North,Hyderabad,Electronics,USB Keyboard,1,21350.93,0.05,Cash,Returning,No,21350.93,1067.5465000000002,20283.3835
ORD302602,2024-03-03,CUST12088,Customer_12088,North,Bengaluru,Sports,Dumbbells,2,4379.21,0.0,Debit Card,New,No,8758.42,0.0,8758.42
ORD302603,2024-05-13,CUST12733,Customer_12733,North,Kolkata,Furniture,Study Table,1,8008.03,0.05,Cash,Returning,No,8008.03,400.4015,7607.6285
ORD302604,2024-07-16,CUST12857,Customer_12857,West,Vijayawada,Electronics,USB Keyboard,4,13794.04,0.1,Credit Card,New,No,55176.16,5517.616000000001,49658.544
ORD302605,2024-12-19,CUST12165,Customer_12165,East,Bengaluru,Home & Kitchen,Cookware Set,4,722.03,0.1,Cash,Returning,No,2888.12,288.812,2599.308
ORD302606,2025-05-26,CUST13387,Customer_13387,East,Kolkata,Electronics,Smart Watch,3,13535.45,0.05,Credit Card,Returning,Yes,40606.350000000006,2030.3175000000003,38576.03250000001
ORD302607,2024-06-02,CUST13030,Customer_13030,East,Pune,Furniture,Coffee Table,3,11216.35,0.1,Credit Card,New,No,33649.05,3364.9050000000007,30284.145000000004
ORD302608,2024-09-13,CUST12331,Customer_12331,North,Pune,Home & Kitchen,Cookware Set,1,6539.71,0.0,Net Banking,New,No,6539.71,0.0,6539.71
ORD302609,2024-06-30,CUST12389,Customer_12389,South,Chennai,Sports,Football,3,5897.67,0.0,Cash,New,No,17693.010000000002,0.0,17693.010000000002
ORD302610,2024-09-13,CUST12595,Customer_12595,South,Vijayawada,Clothing,T-Shirt,1,3961.01,0.15,Debit Card,Returning,No,3961.01,594.1515,3366.8585000000003
ORD302611,2025-04-29,CUST12535,Customer_12535,North,Kolkata,Furniture,Office Chair,1,16884.48,0.15,Cash,New,No,16884.48,2532.672,14351.807999999999
ORD302612,2024-11-02,CUST13439,Customer_13439,North,Mumbai,Clothing,Formal Shirt,3,958.25,0.15,UPI,New,No,2874.75,431.2125,2443.5375
ORD302613,2025-10-31,CUST12405,Customer_12405,North,Vijayawada,Clothing,Formal Shirt,1,3142.38,0.2,Cash,Returning,No,3142.38,628.4760000000001,2513.904
ORD302614,2024-05-11,CUST13486,Customer_13486,South,Hyderabad,Home & Kitchen,Cookware Set,2,3421.99,0.1,Cash,Returning,No,6843.98,684.398,6159.581999999999
ORD302615,2024-09-02,CUST12393,Customer_12393,West,Chennai,Electronics,Power Bank,2,16938.23,0.05,Debit Card,Returning,No,33876.46,1693.823,32182.637
ORD302616,2025-11-25,CUST13105,Customer_13105,West,Pune,Sports,Dumbbells,2,8141.87,0.0,Net Banking,Returning,No,16283.74,0.0,16283.74
ORD302617,2025-05-21,CUST12404,Customer_12404,North,Mumbai,Clothing,Sneakers,1,4374.84,0.0,Net Banking,New,Yes,4374.84,0.0,4374.84
ORD302618,2024-12-26,CUST12385,Customer_12385,North,Pune,Furniture,Study Table,2,20310.8,0.2,Debit Card,Returning,No,40621.6,8124.32,32497.28
ORD302619,2024-03-09,CUST12718,Customer_12718,West,Chennai,Electronics,Bluetooth Speaker,1,3494.1,0.25,Net Banking,Returning,No,3494.1,873.525,2620.575
ORD302620,2025-04-18,CUST13410,Customer_13410,East,Pune,Electronics,Power Bank,1,17229.19,0.05,Debit Card,Returning,No,17229.19,861.4594999999999,16367.730499999998
ORD302621,2025-12-10,CUST12912,Customer_12912,East,Chennai,Home & Kitchen,Water Bottle,2,9522.36,0.15,Debit Card,Returning,No,19044.72,2856.708,16188.012
ORD302622,2024-04-06,CUST12072,Customer_12072,North,Pune,Electronics,Smart Watch,7,1405.34,0.1,UPI,Returning,No,9837.38,983.7379999999999,8853.642
ORD302623,2025-05-20,CUST12331,Customer_12331,North,Kolkata,Home & Kitchen,Mixer Grinder,1,10595.71,0.2,UPI,New,No,10595.71,2119.142,8476.568
ORD302624,2024-10-01,CUST12207,Customer_12207,East,Pune,Home & Kitchen,Mixer Grinder,2,2894.31,0.15,Debit Card,Returning,No,5788.62,868.293,4920.327
ORD302625,2025-11-21,CUST12402,Customer_12402,North,Delhi,Electronics,Bluetooth Speaker,3,14984.56,0.1,Debit Card,Returning,No,44953.68,4495.368,40458.312
ORD302626,2024-02-04,CUST12424,Customer_12424,West,Mumbai,Electronics,Power Bank,3,13863.54,0.05,Debit Card,Returning,No,41590.62,2079.5310000000004,39511.089
ORD302627,2024-01-24,CUST12908,Customer_12908,South,Vijayawada,Clothing,Jeans,1,4487.67,0.1,Credit Card,Returning,No,4487.67,448.76700000000005,4038.9030000000002
ORD302628,2025-06-04,CUST12648,Customer_12648,North,Kolkata,Clothing,Sneakers,6,5790.99,0.0,UPI,Returning,No,34745.94,0.0,34745.94
ORD302629,2025-03-09,CUST13409,Customer_13409,North,Pune,Electronics,Smart Watch,1,21285.02,0.05,Net Banking,Returning,No,21285.02,1064.251,20220.769
ORD302630,2025-09-24,CUST12387,Customer_12387,South,Vijayawada,Electronics,Power Bank,5,20484.57,0.2,Net Banking,New,No,102422.85,20484.570000000003,81938.28
ORD302631,2024-10-04,CUST13299,Customer_13299,North,Bengaluru,Sports,Running Shoes,2,6561.61,0.05,Debit Card,New,No,13123.22,656.1610000000001,12467.059
ORD302632,2025-10-04,CUST12689,Customer_12689,North,Kolkata,Electronics,Bluetooth Speaker,2,18405.8,0.0,Cash,Returning,No,36811.6,0.0,36811.6
ORD302633,2025-01-10,CUST12702,Customer_12702,South,Mumbai,Furniture,Coffee Table,2,27628.79,0.15,UPI,Returning,No,55257.58,8288.637,46968.943
ORD302634,2024-11-23,CUST12713,Customer_12713,South,Hyderabad,Clothing,T-Shirt,5,535.35,0.2,UPI,Returning,No,2676.75,535.35,2141.4
ORD302635,2025-04-30,CUST12158,Customer_12158,West,Pune,Sports,Running Shoes,2,2915.98,0.05,Cash,Returning,No,5831.96,291.598,5540.362
ORD302636,2024-04-11,CUST12463,Customer_12463,East,Chennai,Clothing,Jeans,1,4917.46,0.15,Cash,New,No,4917.46,737.619,4179.841
ORD302637,2025-08-06,CUST12701,Customer_12701,East,Delhi,Home & Kitchen,Cookware Set,5,2077.55,0.1,Credit Card,New,Yes,10387.75,1038.775,9348.975
ORD302638,2024-05-18,CUST13181,Customer_13181,East,Bengaluru,Home & Kitchen,Water Bottle,3,9828.03,0.0,UPI,Returning,No,29484.090000000004,0.0,29484.090000000004
ORD302639,2025-09-01,CUST13002,Customer_13002,West,Delhi,Electronics,USB Keyboard,5,3002.09,0.1,Cash,Returning,No,15010.45,1501.045,13509.405
ORD302640,2024-04-02,CUST12697,Customer_12697,West,Bengaluru,Furniture,Coffee Table,3,7016.98,0.1,Debit Card,Returning,No,21050.94,2105.094,18945.845999999998
ORD302641,2024-07-02,CUST12196,Customer_12196,North,Mumbai,Sports,Running Shoes,4,4751.28,0.25,Net Banking,New,No,19005.12,4751.28,14253.84
ORD302642,2025-09-23,CUST13484,Customer_13484,North,Mumbai,Furniture,Bookshelf,5,11672.55,0.05,Debit Card,Returning,No,58362.75,2918.1375000000003,55444.6125
ORD302643,2025-07-28,CUST12684,Customer_12684,North,Delhi,Electronics,Smart Watch,5,23122.3,0.25,Credit Card,Returning,No,115611.5,28902.875,86708.625
ORD302644,2024-05-25,CUST12994,Customer_12994,West,Delhi,Sports,Cricket Bat,3,528.95,0.15,UPI,Returning,No,1586.8500000000001,238.0275,1348.8225000000002
ORD302645,2024-05-24,CUST12329,Customer_12329,North,Bengaluru,Home & Kitchen,Cookware Set,4,10667.83,0.0,Credit Card,Returning,No,42671.32,0.0,42671.32
ORD302646,2025-12-27,CUST12761,Customer_12761,East,Bengaluru,Sports,Dumbbells,2,8830.36,0.05,UPI,Returning,No,17660.72,883.0360000000001,16777.684
ORD302647,2025-07-01,CUST13158,Customer_13158,East,Chennai,Home & Kitchen,Storage Box,4,6272.83,0.0,Credit Card,Returning,No,25091.32,0.0,25091.32
ORD302648,2024-11-27,CUST13289,Customer_13289,South,Bengaluru,Clothing,Sneakers,4,1587.73,0.1,Debit Card,New,No,6350.92,635.0920000000001,5715.8279999999995
ORD302649,2025-10-23,CUST13489,Customer_13489,North,Chennai,Clothing,Jacket,2,3228.18,0.05,Cash,New,No,6456.36,322.818,6133.5419999999995
ORD302650,2025-03-31,CUST13418,Customer_13418,East,Delhi,Electronics,USB Keyboard,1,4971.05,0.1,UPI,Returning,No,4971.05,497.105,4473.945
ORD302651,2025-02-03,CUST13187,Customer_13187,East,Chennai,Home & Kitchen,Mixer Grinder,6,1154.03,0.1,Cash,Returning,Yes,6924.18,692.4180000000001,6231.762000000001
ORD302652,2024-05-30,CUST13291,Customer_13291,North,Bengaluru,Clothing,Formal Shirt,2,5226.87,0.1,Debit Card,Returning,No,10453.74,1045.374,9408.366
ORD302653,2024-06-10,CUST12521,Customer_12521,North,Pune,Clothing,Sneakers,2,574.87,0.0,Credit Card,New,No,1149.74,0.0,1149.74
ORD302654,2024-05-13,CUST13269,Customer_13269,West,Mumbai,Sports,Dumbbells,3,2055.07,0.1,UPI,Returning,No,6165.210000000001,616.5210000000002,5548.689
ORD302655,2024-01-01,CUST13428,Customer_13428,North,Vijayawada,Sports,Cricket Bat,3,8335.12,0.05,Credit Card,Returning,Yes,25005.36,1250.268,23755.092
ORD302656,2024-06-08,CUST13187,Customer_13187,North,Hyderabad,Sports,Yoga Mat,3,3575.34,0.05,Credit Card,New,Yes,10726.02,536.301,10189.719000000001
ORD302657,2024-06-13,CUST13274,Customer_13274,South,Chennai,Sports,Dumbbells,4,2747.81,0.05,UPI,New,No,10991.24,549.562,10441.678
ORD302658,2024-10-29,CUST12916,Customer_12916,South,Pune,Electronics,Smart Watch,5,17488.69,0.0,Debit Card,Returning,No,87443.45,0.0,87443.45
ORD302659,2025-02-22,CUST13359,Customer_13359,East,Chennai,Furniture,Office Chair,1,9861.48,0.1,Credit Card,New,No,9861.48,986.148,8875.332
ORD302660,2024-09-19,CUST12019,Customer_12019,North,Mumbai,Home & Kitchen,Mixer Grinder,5,6797.72,0.1,UPI,New,No,33988.6,3398.86,30589.739999999998
ORD302661,2024-05-30,CUST12213,Customer_12213,East,Kolkata,Electronics,Wireless Headphones,6,19423.37,0.15,Cash,New,No,116540.22,17481.033,99059.187
ORD302662,2024-09-20,CUST12538,Customer_12538,East,Delhi,Clothing,Jacket,3,3309.29,0.15,Net Banking,Returning,No,9927.869999999999,1489.1804999999997,8438.689499999999
ORD302663,2024-08-29,CUST13167,Customer_13167,South,Hyderabad,Electronics,Power Bank,1,13191.08,0.15,Debit Card,Returning,No,13191.08,1978.6619999999998,11212.418
ORD302664,2024-04-28,CUST12339,Customer_12339,South,Mumbai,Electronics,Power Bank,5,1421.76,0.1,Debit Card,Returning,No,7108.8,710.8800000000001,6397.92
ORD302665,2024-02-11,CUST12504,Customer_12504,East,Bengaluru,Furniture,Office Chair,2,26460.5,0.05,Debit Card,Returning,No,52921.0,2646.05,50274.95
ORD302666,2024-03-06,CUST12100,Customer_12100,North,Mumbai,Furniture,Sofa,1,7795.29,0.15,Debit Card,New,No,7795.29,1169.2935,6625.9965
ORD302667,2024-10-19,CUST12638,Customer_12638,East,Pune,Clothing,T-Shirt,1,491.31,0.1,UPI,Returning,No,491.31,49.131,442.179
ORD302668,2025-12-24,CUST12900,Customer_12900,West,Mumbai,Furniture,Coffee Table,3,11063.37,0.05,Cash,New,No,33190.11,1659.5055000000002,31530.6045
ORD302669,2024-03-30,CUST12801,Customer_12801,East,Chennai,Furniture,Coffee Table,4,3526.07,0.05,Net Banking,Returning,No,14104.28,705.214,13399.066
ORD302670,2025-12-23,CUST12452,Customer_12452,West,,Electronics,Power Bank,2,9865.41,0.1,UPI,Returning,No,19730.82,1973.082,17757.738
ORD302671,2024-06-16,CUST13314,Customer_13314,North,Pune,Furniture,Sofa,3,18046.36,0.0,UPI,Returning,No,54139.08,0.0,54139.08
ORD302672,2025-04-19,CUST12360,Customer_12360,West,Pune,Furniture,Coffee Table,4,17677.07,0.1,Debit Card,Returning,No,70708.28,7070.828,63637.452
ORD302673,2024-07-25,CUST12616,Customer_12616,South,Mumbai,Sports,Running Shoes,3,3726.77,0.0,UPI,New,No,11180.31,0.0,11180.31
ORD302674,2025-08-26,CUST12124,Customer_12124,East,Bengaluru,Home & Kitchen,Storage Box,5,9306.54,0.0,Credit Card,Returning,No,46532.700000000004,0.0,46532.700000000004
ORD302675,2024-12-09,CUST12683,Customer_12683,South,Vijayawada,Home & Kitchen,Mixer Grinder,2,8468.69,0.25,Credit Card,Returning,No,16937.38,4234.345,12703.035
ORD302676,2025-01-19,CUST12424,Customer_12424,East,Mumbai,Electronics,Wireless Headphones,4,15904.32,0.15,UPI,Returning,Yes,63617.28,9542.591999999999,54074.688
ORD302677,2024-03-04,CUST13078,Customer_13078,East,Hyderabad,Clothing,T-Shirt,7,4258.37,0.2,Net Banking,Returning,No,29808.59,5961.718000000001,23846.872
ORD302678,2024-10-13,CUST13265,Customer_13265,East,Kolkata,Furniture,Bookshelf,4,22741.97,0.15,Credit Card,New,No,90967.88,13645.182,77322.698
ORD302679,2025-07-08,CUST12272,Customer_12272,South,Vijayawada,Sports,Yoga Mat,3,9078.31,0.0,Cash,Returning,No,27234.93,0.0,27234.93
ORD302680,2025-04-21,CUST12029,Customer_12029,South,Mumbai,Clothing,Jeans,5,939.57,0.1,UPI,Returning,No,4697.85,469.7850000000001,4228.0650000000005
ORD302681,2025-05-25,CUST12997,Customer_12997,North,Pune,Electronics,Smart Watch,6,8850.91,0.1,Cash,Returning,No,53105.46,5310.546,47794.914
ORD302682,2025-11-23,CUST12558,Customer_12558,South,Vijayawada,Home & Kitchen,Storage Box,3,8653.91,0.2,Credit Card,New,No,25961.73,5192.3460000000005,20769.384
ORD302683,2025-06-18,CUST13065,Customer_13065,East,Mumbai,Sports,Running Shoes,2,6804.53,0.05,Net Banking,Returning,No,13609.06,680.453,12928.607
ORD302684,2024-04-29,CUST12544,Customer_12544,South,Delhi,Sports,Yoga Mat,2,5466.82,0.15,UPI,Returning,No,10933.64,1640.0459999999998,9293.594
ORD302685,2025-02-08,CUST12873,Customer_12873,South,Mumbai,Clothing,Jacket,2,4146.28,0.1,Net Banking,Returning,No,8292.56,829.256,7463.303999999999
ORD302686,2025-03-22,CUST13454,Customer_13454,West,Vijayawada,Clothing,Sneakers,5,3124.18,0.1,Net Banking,Returning,No,15620.9,1562.0900000000001,14058.81
ORD302687,2024-08-09,CUST13131,Customer_13131,South,Pune,Furniture,Sofa,3,28724.14,0.05,UPI,Returning,Yes,86172.42,4308.621,81863.799
ORD302688,2024-09-19,CUST12051,Customer_12051,East,Bengaluru,Clothing,Formal Shirt,1,1220.49,0.05,UPI,Returning,No,1220.49,61.0245,1159.4655
ORD302689,2024-04-11,CUST13147,Customer_13147,West,Mumbai,Sports,Running Shoes,2,2727.87,0.05,Cash,New,No,5455.74,272.787,5182.9529999999995
ORD302690,2024-02-05,CUST12908,Customer_12908,South,Delhi,Furniture,Office Chair,2,8801.72,0.05,UPI,New,No,17603.44,880.172,16723.268
ORD302691,2025-06-08,CUST12004,Customer_12004,North,Mumbai,Home & Kitchen,Bedsheet,6,9117.41,0.05,Debit Card,Returning,No,54704.46,2735.223,51969.237
ORD302692,2025-08-21,CUST12431,Customer_12431,East,Hyderabad,Furniture,Coffee Table,1,10534.75,0.1,Net Banking,Returning,No,10534.75,1053.4750000000001,9481.275
ORD302693,2025-01-01,CUST12598,Customer_12598,South,Delhi,Home & Kitchen,Mixer Grinder,3,2152.86,0.1,UPI,Returning,No,6458.58,645.8580000000001,5812.722
ORD302694,2025-09-17,CUST12739,Customer_12739,East,Vijayawada,Clothing,Jeans,5,3273.72,0.15,Credit Card,Returning,Yes,16368.599999999999,2455.2899999999995,13913.31
ORD302695,2025-04-26,CUST12047,Customer_12047,South,Hyderabad,Furniture,Bookshelf,3,3652.27,0.05,Cash,Returning,No,10956.81,547.8405,10408.9695
ORD302696,2024-10-27,CUST12384,Customer_12384,South,Mumbai,Home & Kitchen,Cookware Set,1,11234.58,0.1,Net Banking,Returning,No,11234.58,1123.458,10111.122
ORD302697,2025-05-23,CUST12736,Customer_12736,East,Mumbai,Home & Kitchen,Water Bottle,5,2559.68,0.25,Cash,Returning,No,12798.4,3199.6,9598.8
ORD302698,2025-02-14,CUST12431,Customer_12431,East,Pune,Electronics,Wireless Headphones,2,2862.51,0.0,Debit Card,Returning,No,5725.02,0.0,5725.02
ORD302699,2024-10-04,CUST12750,Customer_12750,North,Delhi,Home & Kitchen,Bedsheet,4,9811.82,0.1,Cash,New,Yes,39247.28,3924.728,35322.551999999996
ORD302700,2025-05-03,CUST12401,Customer_12401,East,Mumbai,Sports,Cricket Bat,1,568.09,0.05,Debit Card,New,No,568.09,28.404500000000002,539.6855
ORD302701,2024-09-11,CUST12689,Customer_12689,South,Bengaluru,Furniture,Coffee Table,1,13913.75,0.15,Credit Card,New,No,13913.75,2087.0625,11826.6875
ORD302702,2024-06-09,CUST12120,Customer_12120,West,Bengaluru,Electronics,Power Bank,4,8812.28,0.15,Credit Card,Returning,No,35249.12,5287.368,29961.752
ORD302703,2025-11-06,CUST13321,Customer_13321,West,Kolkata,Furniture,Office Chair,2,2601.29,0.15,Cash,Returning,No,5202.58,780.387,4422.193
ORD302704,2025-07-06,CUST12187,Customer_12187,North,Delhi,Home & Kitchen,Cookware Set,2,9167.56,0.05,Debit Card,Returning,No,18335.12,916.756,17418.363999999998
ORD302705,2024-07-20,CUST13238,Customer_13238,North,Mumbai,Electronics,Wireless Headphones,2,7319.21,0.1,Net Banking,New,No,14638.42,1463.842,13174.578
ORD302706,2024-11-27,CUST13274,Customer_13274,West,Vijayawada,Electronics,Smart Watch,1,2024.64,0.1,Net Banking,Returning,No,2024.64,202.46400000000003,1822.1760000000002
ORD302707,2025-07-15,CUST12851,Customer_12851,East,Kolkata,Sports,Running Shoes,1,3960.35,0.1,UPI,New,No,3960.35,396.035,3564.315
ORD302708,2025-12-02,CUST13251,Customer_13251,West,Bengaluru,Sports,Running Shoes,1,4165.99,0.0,Credit Card,Returning,No,4165.99,0.0,4165.99
ORD302709,2025-07-03,CUST13160,Customer_13160,West,Bengaluru,Furniture,Office Chair,1,7056.59,0.15,UPI,New,No,7056.59,1058.4885,5998.101500000001
ORD302710,2024-06-07,CUST12610,Customer_12610,East,Hyderabad,Home & Kitchen,Bedsheet,3,11494.81,0.1,Cash,Returning,No,34484.43,3448.443,31035.987
ORD302711,2024-02-22,CUST12832,Customer_12832,East,Pune,Furniture,Sofa,3,28803.92,0.05,UPI,Returning,No,86411.76,4320.588,82091.17199999999
ORD302712,2024-09-21,CUST13242,Customer_13242,West,Hyderabad,Clothing,Sneakers,2,5463.72,0.1,Net Banking,New,No,10927.44,1092.7440000000001,9834.696
ORD302713,2024-04-21,CUST12637,Customer_12637,South,Hyderabad,Furniture,Office Chair,2,8802.11,0.05,Debit Card,New,No,17604.22,880.2110000000001,16724.009000000002
ORD302714,2024-03-25,CUST13395,Customer_13395,East,Chennai,Sports,Football,3,5014.35,0.0,Cash,Returning,No,15043.050000000001,0.0,15043.050000000001
ORD302715,2025-02-08,CUST12555,Customer_12555,East,Mumbai,Home & Kitchen,Water Bottle,1,3036.1,0.15,Credit Card,New,No,3036.1,455.41499999999996,2580.685
ORD302716,2024-10-20,CUST12246,Customer_12246,South,Chennai,Sports,Football,2,4448.45,0.05,Debit Card,New,Yes,8896.9,444.845,8452.055
ORD302717,2025-02-08,CUST12327,Customer_12327,East,Kolkata,Furniture,Sofa,2,8868.55,0.05,Credit Card,Returning,Yes,17737.1,886.855,16850.245
ORD302718,2024-04-01,CUST12736,Customer_12736,North,Vijayawada,Clothing,Jacket,3,3155.98,0.2,UPI,Returning,No,9467.94,1893.5880000000002,7574.352000000001
ORD302719,2024-03-18,CUST12334,Customer_12334,North,Vijayawada,Clothing,T-Shirt,5,4197.39,0.05,Credit Card,Returning,No,20986.95,1049.3475,19937.6025
ORD302720,2025-11-29,CUST13116,Customer_13116,East,Hyderabad,Home & Kitchen,Water Bottle,4,8737.94,0.1,UPI,New,No,34951.76,3495.1760000000004,31456.584000000003
ORD302721,2024-12-23,CUST12316,Customer_12316,South,Delhi,Sports,Dumbbells,1,8305.94,0.1,Net Banking,Returning,No,8305.94,830.594,7475.3460000000005
ORD302722,2024-01-29,CUST12190,Customer_12190,West,Bengaluru,Furniture,Office Chair,2,25292.32,0.0,Debit Card,Returning,Yes,50584.64,0.0,50584.64
ORD302723,2024-09-05,CUST12133,Customer_12133,South,Delhi,Sports,Cricket Bat,1,9263.33,0.0,UPI,New,No,9263.33,0.0,9263.33
ORD302724,2024-07-12,CUST13407,Customer_13407,East,Kolkata,Clothing,Sneakers,2,1992.73,0.1,Cash,New,No,3985.46,398.54600000000005,3586.9139999999998
ORD302725,2025-01-29,CUST12490,Customer_12490,South,Vijayawada,Furniture,Study Table,2,18119.0,0.05,UPI,New,No,36238.0,1811.9,34426.1
ORD302726,2024-04-03,CUST12661,Customer_12661,South,Delhi,Electronics,Power Bank,4,17651.5,0.1,Cash,New,No,70606.0,7060.6,63545.4
ORD302727,2025-05-10,CUST12397,Customer_12397,East,Delhi,Electronics,Power Bank,6,1356.53,0.1,Debit Card,New,No,8139.18,813.9180000000001,7325.262000000001
ORD302728,2025-05-14,CUST12972,Customer_12972,North,Chennai,Electronics,Wireless Headphones,2,5192.77,0.15,Debit Card,Returning,No,10385.54,1557.8310000000001,8827.709
ORD302729,2025-10-05,CUST12487,Customer_12487,East,Delhi,Home & Kitchen,Storage Box,1,7221.44,0.1,UPI,Returning,Yes,7221.44,722.144,6499.295999999999
ORD302730,2024-02-13,CUST12331,Customer_12331,West,Delhi,Sports,Football,4,3935.48,0.05,Net Banking,New,No,15741.92,787.096,14954.824
ORD302731,2024-02-11,CUST12979,Customer_12979,West,Mumbai,Electronics,Bluetooth Speaker,3,3070.19,0.1,UPI,New,No,9210.57,921.057,8289.512999999999
ORD302732,2024-02-12,CUST12602,Customer_12602,East,Kolkata,Furniture,Office Chair,4,25375.92,0.1,Net Banking,New,Yes,101503.68,10150.368,91353.31199999999
ORD302733,2025-05-26,CUST12791,Customer_12791,West,Vijayawada,Clothing,T-Shirt,2,4886.92,0.1,Credit Card,Returning,No,9773.84,977.384,8796.456
ORD302734,2025-09-11,CUST13204,Customer_13204,South,Chennai,Electronics,Smart Watch,5,15893.69,0.1,Cash,Returning,No,79468.45,7946.845,71521.605
ORD302735,2025-04-03,CUST12969,Customer_12969,North,Chennai,Home & Kitchen,Water Bottle,2,1913.78,0.0,Net Banking,Returning,No,3827.56,0.0,3827.56
ORD302736,2025-09-12,CUST13154,Customer_13154,East,Mumbai,Electronics,Wireless Headphones,3,21220.37,0.05,Debit Card,Returning,No,63661.11,3183.0555000000004,60478.0545
ORD302737,2025-05-23,CUST12649,Customer_12649,East,Mumbai,Home & Kitchen,Bedsheet,6,6027.55,0.15,Debit Card,New,No,36165.3,5424.795,30740.505000000005
ORD302738,2025-07-14,CUST12314,Customer_12314,West,Bengaluru,Clothing,Jacket,4,4310.8,0.0,Net Banking,Returning,No,17243.2,0.0,17243.2
ORD302739,2024-06-23,CUST12310,Customer_12310,East,Hyderabad,Furniture,Sofa,4,26328.31,0.25,UPI,New,No,105313.24,26328.31,78984.93000000001
ORD302740,2025-01-22,CUST12895,Customer_12895,South,Bengaluru,Clothing,T-Shirt,2,3928.37,0.1,Debit Card,Returning,Yes,7856.74,785.674,7071.066
ORD302741,2024-02-08,CUST13214,Customer_13214,West,Delhi,Electronics,Power Bank,3,5150.14,0.1,Credit Card,Returning,No,15450.420000000002,1545.0420000000004,13905.378
ORD302742,2025-03-12,CUST12035,Customer_12035,North,Chennai,Home & Kitchen,Cookware Set,2,1754.69,0.05,Debit Card,Returning,No,3509.38,175.46900000000002,3333.911
ORD302743,2025-07-31,CUST12723,Customer_12723,West,Chennai,Furniture,Coffee Table,3,5390.37,0.05,Cash,New,No,16171.11,808.5555,15362.5545
ORD302744,2024-01-04,CUST12782,Customer_12782,North,Bengaluru,Electronics,Wireless Headphones,6,5100.07,0.2,Debit Card,Returning,No,30600.42,6120.084,24480.336
ORD302745,2024-10-28,CUST12007,Customer_12007,East,Pune,Electronics,Bluetooth Speaker,3,10894.29,0.05,Net Banking,New,No,32682.870000000003,1634.1435000000001,31048.726500000004
ORD302746,2024-08-01,CUST12287,Customer_12287,West,Mumbai,Clothing,Jeans,1,4607.83,0.15,UPI,Returning,No,4607.83,691.1745,3916.6555
ORD302747,2025-02-13,CUST12994,Customer_12994,South,Vijayawada,Home & Kitchen,Storage Box,1,6788.63,0.1,UPI,New,No,6788.63,678.863,6109.767
ORD302748,2025-12-25,CUST13483,Customer_13483,East,Vijayawada,Electronics,Smart Watch,3,6068.36,0.15,Net Banking,Returning,No,18205.079999999998,2730.7619999999997,15474.318
ORD302749,2024-02-15,CUST13250,Customer_13250,South,Bengaluru,Furniture,Office Chair,6,13896.19,0.05,Debit Card,New,Yes,83377.14,4168.857,79208.283
ORD302750,2025-05-07,CUST12639,Customer_12639,North,Chennai,Furniture,Coffee Table,2,25864.99,0.0,Net Banking,Returning,No,51729.98,0.0,51729.98
ORD302751,2024-12-11,CUST12090,Customer_12090,South,Mumbai,Furniture,Bookshelf,4,13753.49,0.25,Credit Card,Returning,No,55013.96,13753.49,41260.47
ORD302752,2025-04-25,CUST13385,Customer_13385,East,Bengaluru,Sports,Cricket Bat,2,781.74,0.2,Debit Card,New,No,1563.48,312.696,1250.784
ORD302753,2025-09-18,CUST13404,Customer_13404,East,Kolkata,Clothing,Jeans,1,3503.2,0.1,Debit Card,Returning,No,3503.2,350.32,3152.8799999999997
ORD302754,2025-07-01,CUST12770,Customer_12770,East,Kolkata,Furniture,Bookshelf,3,28402.79,0.05,Credit Card,Returning,No,85208.37,4260.4185,80947.9515
ORD302755,2024-12-17,CUST12748,Customer_12748,West,Mumbai,Furniture,Sofa,1,4904.09,0.15,Credit Card,Returning,No,4904.09,735.6135,4168.4765
ORD302756,2025-05-31,CUST13256,Customer_13256,West,Bengaluru,Home & Kitchen,Mixer Grinder,1,2391.39,0.2,Debit Card,Returning,No,2391.39,478.278,1913.1119999999999
ORD302757,2025-09-14,CUST12322,Customer_12322,West,Hyderabad,Clothing,T-Shirt,3,1931.53,0.25,UPI,Returning,No,5794.59,1448.6475,4345.9425
ORD302758,2025-05-12,CUST12840,Customer_12840,North,Hyderabad,Electronics,Wireless Headphones,3,17052.67,0.0,UPI,New,No,51158.009999999995,0.0,51158.009999999995
ORD302759,2024-08-11,CUST12185,Customer_12185,West,Vijayawada,Home & Kitchen,Cookware Set,2,11156.08,0.25,UPI,Returning,No,22312.16,5578.04,16734.12
ORD302760,2024-06-13,CUST12437,Customer_12437,South,Bengaluru,Furniture,Coffee Table,1,2213.04,0.25,Debit Card,Returning,No,2213.04,553.26,1659.78
ORD302761,2025-08-03,CUST13174,Customer_13174,North,Chennai,Sports,Yoga Mat,6,1882.33,0.0,Credit Card,New,Yes,11293.98,0.0,11293.98
ORD302762,2024-12-15,CUST12994,Customer_12994,West,Mumbai,Furniture,Sofa,3,13577.37,0.25,UPI,New,No,40732.11,10183.0275,30549.0825
ORD302763,2024-01-23,CUST13146,Customer_13146,West,Hyderabad,Home & Kitchen,Water Bottle,4,5689.59,0.2,Debit Card,New,Yes,22758.36,4551.6720000000005,18206.688000000002
ORD302764,2024-07-26,CUST12283,Customer_12283,East,Pune,Furniture,Bookshelf,2,28609.05,0.0,Net Banking,Returning,No,57218.1,0.0,57218.1
ORD302765,2024-09-01,CUST12696,Customer_12696,South,Mumbai,Home & Kitchen,Cookware Set,2,1177.1,0.2,UPI,New,No,2354.2,470.84,1883.36
ORD302766,2024-09-24,CUST13455,Customer_13455,West,Hyderabad,Home & Kitchen,Bedsheet,4,9261.05,0.0,Credit Card,Returning,Yes,37044.2,0.0,37044.2
ORD302767,2024-06-11,CUST12195,Customer_12195,North,Hyderabad,Clothing,T-Shirt,6,2131.96,0.25,UPI,New,No,12791.76,3197.94,9593.82
ORD302768,2024-09-11,CUST13159,Customer_13159,North,Mumbai,Sports,Cricket Bat,3,1523.72,0.05,Cash,Returning,No,4571.16,228.558,4342.602
ORD302769,2024-08-15,CUST12024,Customer_12024,East,Bengaluru,Clothing,Jeans,5,2314.61,0.1,Debit Card,Returning,No,11573.050000000001,1157.305,10415.745
ORD302770,2025-05-18,CUST12678,Customer_12678,South,Chennai,Furniture,Study Table,2,4417.93,0.1,UPI,Returning,Yes,8835.86,883.5860000000001,7952.274
ORD302771,2025-05-09,CUST12774,Customer_12774,West,Mumbai,Clothing,Jeans,3,1809.0,0.05,Cash,Returning,No,5427.0,271.35,5155.65
ORD302772,2025-06-09,CUST13010,Customer_13010,West,Vijayawada,Clothing,Sneakers,3,2027.74,0.1,Credit Card,New,No,6083.22,608.322,5474.898
ORD302773,2024-10-16,CUST12788,Customer_12788,North,Bengaluru,Sports,Football,2,6329.86,0.0,Net Banking,Returning,No,12659.72,0.0,12659.72
ORD302774,2024-12-25,CUST12254,Customer_12254,South,Hyderabad,Sports,Yoga Mat,3,3840.28,0.15,UPI,New,Yes,11520.84,1728.126,9792.714
ORD302775,2025-04-09,CUST12569,Customer_12569,North,Kolkata,Home & Kitchen,Mixer Grinder,2,1060.31,0.2,Debit Card,New,No,2120.62,424.124,1696.4959999999999
ORD302776,2025-12-01,CUST12123,Customer_12123,North,Delhi,Electronics,Smart Watch,3,18447.4,0.1,Debit Card,New,Yes,55342.200000000004,5534.220000000001,49807.98
ORD302777,2024-08-22,CUST12945,Customer_12945,South,Bengaluru,Sports,Yoga Mat,2,3734.37,0.2,Net Banking,New,Yes,7468.74,1493.748,5974.992
ORD302778,2025-02-07,CUST13364,Customer_13364,East,Vijayawada,Electronics,Smart Watch,7,20536.59,0.05,Credit Card,New,No,143756.13,7187.806500000001,136568.3235
ORD302779,2024-08-03,CUST12512,Customer_12512,East,Chennai,Furniture,Study Table,2,22009.32,0.05,Credit Card,Returning,No,44018.64,2200.9320000000002,41817.708
ORD302780,2024-03-24,CUST13051,Customer_13051,West,Chennai,Sports,Cricket Bat,3,4661.34,0.1,Cash,Returning,No,13984.02,1398.402,12585.618
ORD302781,2024-05-15,CUST12261,Customer_12261,South,Kolkata,Sports,Yoga Mat,7,9427.37,0.1,Credit Card,New,Yes,65991.59000000001,6599.1590000000015,59392.43100000001
ORD302782,2025-06-14,CUST12817,Customer_12817,South,Kolkata,Electronics,Bluetooth Speaker,2,2777.98,0.0,Cash,Returning,No,5555.96,0.0,5555.96
ORD302783,2025-02-27,CUST12432,Customer_12432,North,Delhi,Home & Kitchen,Cookware Set,1,9236.14,0.05,Net Banking,Returning,Yes,9236.14,461.807,8774.332999999999
ORD302784,2024-05-11,CUST12398,Customer_12398,South,Bengaluru,Electronics,Smart Watch,1,11559.88,0.2,Debit Card,New,Yes,11559.88,2311.976,9247.903999999999
ORD302785,2024-04-06,CUST12157,Customer_12157,East,Delhi,Home & Kitchen,Water Bottle,5,5977.24,0.0,Cash,Returning,No,29886.199999999997,0.0,29886.199999999997
ORD302786,2025-02-10,CUST13092,Customer_13092,South,Bengaluru,Furniture,Bookshelf,1,27500.47,0.0,UPI,Returning,Yes,27500.47,0.0,27500.47
ORD302787,2024-07-31,CUST12146,Customer_12146,South,Vijayawada,Sports,Yoga Mat,4,4526.6,0.0,Credit Card,New,No,18106.4,0.0,18106.4
ORD302788,2025-10-26,CUST12467,Customer_12467,West,Bengaluru,Furniture,Study Table,2,28523.39,0.0,Net Banking,New,No,57046.78,0.0,57046.78
ORD302789,2025-06-19,CUST12638,Customer_12638,North,Pune,Furniture,Study Table,3,12122.82,0.05,Cash,Returning,No,36368.46,1818.423,34550.037
ORD302790,2024-04-10,CUST12258,Customer_12258,South,Vijayawada,Furniture,Study Table,2,26729.92,0.1,Debit Card,Returning,No,53459.84,5345.984,48113.856
ORD302791,2024-01-17,CUST12993,Customer_12993,East,Bengaluru,Home & Kitchen,Mixer Grinder,3,5800.44,0.0,Debit Card,New,No,17401.32,0.0,17401.32
ORD302792,2025-07-21,CUST12455,Customer_12455,North,Delhi,Home & Kitchen,Bedsheet,1,6607.59,0.15,Cash,New,No,6607.59,991.1385,5616.4515
ORD302793,2024-12-09,CUST13369,Customer_13369,South,Pune,Sports,Yoga Mat,7,7810.81,0.1,Credit Card,New,No,54675.670000000006,5467.567000000001,49208.103
ORD302794,2025-03-13,CUST12029,Customer_12029,West,Hyderabad,Clothing,Jacket,1,2581.34,0.2,UPI,New,No,2581.34,516.268,2065.072
ORD302795,2024-03-25,CUST13309,Customer_13309,South,Kolkata,Furniture,Study Table,2,21391.92,0.05,Credit Card,New,No,42783.84,2139.192,40644.647999999994
ORD302796,2024-06-20,CUST12742,Customer_12742,East,Delhi,Furniture,Coffee Table,1,17591.86,0.1,Net Banking,Returning,No,17591.86,1759.1860000000001,15832.674
ORD302797,2024-08-24,CUST12299,Customer_12299,South,Vijayawada,Home & Kitchen,Bedsheet,1,1567.02,0.15,Credit Card,New,No,1567.02,235.053,1331.967
ORD302798,2024-05-15,CUST12564,Customer_12564,West,Hyderabad,Sports,Football,2,8655.14,0.05,UPI,New,No,17310.28,865.514,16444.766
ORD302799,2025-07-22,CUST13064,Customer_13064,East,Delhi,Furniture,Coffee Table,1,8934.77,0.05,UPI,New,No,8934.77,446.73850000000004,8488.031500000001
ORD302800,2024-05-20,CUST12843,Customer_12843,South,Delhi,Clothing,Formal Shirt,4,1426.53,0.0,UPI,Returning,No,5706.12,0.0,5706.12
ORD302801,2025-05-07,CUST13147,Customer_13147,East,Chennai,Furniture,Study Table,2,22035.75,0.25,Debit Card,Returning,No,44071.5,11017.875,33053.625
ORD302802,2024-12-26,CUST12406,Customer_12406,North,Pune,Home & Kitchen,Cookware Set,3,11086.66,0.1,Cash,Returning,No,33259.979999999996,3325.9979999999996,29933.981999999996
ORD302803,2024-12-26,CUST12228,Customer_12228,East,Delhi,Electronics,Bluetooth Speaker,1,20622.52,0.05,Cash,New,No,20622.52,1031.126,19591.394
ORD302804,2024-06-08,CUST13177,Customer_13177,South,Vijayawada,Furniture,Sofa,2,8970.58,0.2,Net Banking,Returning,No,17941.16,3588.232,14352.928
ORD302805,2025-03-06,CUST12448,Customer_12448,South,Delhi,Electronics,Bluetooth Speaker,1,13435.91,0.2,Credit Card,Returning,No,13435.91,2687.1820000000002,10748.728
ORD302806,2025-04-25,CUST13323,Customer_13323,East,Mumbai,Sports,Dumbbells,5,1490.73,0.1,Cash,New,No,7453.65,745.365,6708.285
ORD302807,2024-12-13,CUST13055,Customer_13055,North,Pune,Electronics,Wireless Headphones,4,2693.93,0.1,UPI,Returning,No,10775.72,1077.572,9698.148
ORD302808,2024-06-26,CUST12514,Customer_12514,North,Pune,Clothing,T-Shirt,1,2039.98,0.05,UPI,New,No,2039.98,101.99900000000001,1937.981
ORD302809,2025-02-12,CUST12576,Customer_12576,North,Hyderabad,Sports,Cricket Bat,2,4910.69,0.0,Debit Card,Returning,No,9821.38,0.0,9821.38
ORD302810,2024-07-01,CUST12219,Customer_12219,West,Bengaluru,Electronics,Wireless Headphones,2,11130.39,0.0,Net Banking,Returning,No,22260.78,0.0,22260.78
ORD302811,2024-08-26,CUST13377,Customer_13377,North,Vijayawada,Home & Kitchen,Storage Box,4,10685.69,0.1,Cash,Returning,No,42742.76,4274.276000000001,38468.484000000004
ORD302812,2024-01-18,CUST12916,Customer_12916,East,Hyderabad,Home & Kitchen,Cookware Set,4,1408.85,0.0,UPI,New,No,5635.4,0.0,5635.4
ORD302813,2024-01-07,CUST13367,Customer_13367,East,Vijayawada,Electronics,Power Bank,3,7438.85,0.1,Cash,New,No,22316.550000000003,2231.655,20084.895000000004
ORD302814,2024-12-05,CUST12791,Customer_12791,South,Chennai,Home & Kitchen,Storage Box,2,9216.14,0.0,Cash,New,Yes,18432.28,0.0,18432.28
ORD302815,2025-04-10,CUST12228,Customer_12228,South,Bengaluru,Electronics,Power Bank,3,4456.42,0.0,Cash,New,No,13369.26,0.0,13369.26
ORD302816,2025-05-28,CUST12966,Customer_12966,West,Kolkata,Sports,Cricket Bat,4,2381.09,0.0,UPI,New,No,9524.36,0.0,9524.36
ORD302817,2024-07-11,CUST13103,Customer_13103,East,Kolkata,Electronics,Bluetooth Speaker,1,13576.91,0.1,Credit Card,Returning,No,13576.91,1357.691,12219.219
ORD302818,2025-03-02,CUST13162,Customer_13162,East,Bengaluru,Home & Kitchen,Storage Box,1,5790.56,0.05,Net Banking,New,No,5790.56,289.528,5501.032
ORD302819,2025-03-02,CUST13282,Customer_13282,East,Chennai,Furniture,Bookshelf,4,3178.82,0.1,Credit Card,Returning,No,12715.28,1271.5280000000002,11443.752
ORD302820,2025-03-25,CUST12468,Customer_12468,South,Mumbai,Furniture,Coffee Table,3,9127.71,0.1,Net Banking,Returning,No,27383.129999999997,2738.313,24644.816999999995
ORD302821,2025-01-15,CUST13227,Customer_13227,North,Hyderabad,Clothing,Sneakers,1,1711.48,0.0,Net Banking,New,No,1711.48,0.0,1711.48
ORD302822,2025-03-13,CUST13261,Customer_13261,West,Bengaluru,Clothing,Jeans,1,1150.36,0.05,Debit Card,Returning,No,1150.36,57.518,1092.8419999999999
ORD302823,2024-08-22,CUST13043,Customer_13043,North,Bengaluru,Home & Kitchen,Mixer Grinder,3,2820.5,0.15,UPI,Returning,No,8461.5,1269.225,7192.275
ORD302824,2024-09-12,CUST12107,Customer_12107,South,Hyderabad,Home & Kitchen,Bedsheet,4,3750.99,0.2,Credit Card,Returning,No,15003.96,3000.792,12003.168
ORD302825,2024-04-28,CUST12754,Customer_12754,South,Kolkata,Sports,Cricket Bat,1,2387.1,0.0,Cash,Returning,No,2387.1,0.0,2387.1
ORD302826,2025-01-05,CUST12503,Customer_12503,East,Bengaluru,Home & Kitchen,Water Bottle,1,1796.11,0.0,UPI,New,No,1796.11,0.0,1796.11
ORD302827,2024-04-17,CUST12586,Customer_12586,West,Bengaluru,Furniture,Office Chair,6,6858.62,0.1,Cash,New,No,41151.72,4115.1720000000005,37036.548
ORD302828,2025-04-17,CUST12835,Customer_12835,East,Delhi,Sports,Yoga Mat,1,7619.23,0.2,Net Banking,Returning,No,7619.23,1523.846,6095.384
ORD302829,2025-02-24,CUST12028,Customer_12028,East,Mumbai,Furniture,Coffee Table,4,15992.2,0.15,Credit Card,New,No,63968.8,9595.32,54373.48
ORD302830,2024-10-17,CUST12883,Customer_12883,East,Mumbai,Home & Kitchen,Storage Box,3,5693.53,0.15,Credit Card,New,No,17080.59,2562.0885,14518.5015
ORD302831,2024-03-09,CUST12801,Customer_12801,West,Hyderabad,Home & Kitchen,Cookware Set,2,5047.88,0.15,Credit Card,Returning,No,10095.76,1514.364,8581.396
ORD302832,2024-08-28,CUST12691,Customer_12691,South,Chennai,Electronics,Bluetooth Speaker,1,2533.61,0.05,Cash,Returning,No,2533.61,126.68050000000001,2406.9295
ORD302833,2025-12-06,CUST12788,Customer_12788,East,Chennai,Sports,Running Shoes,1,4544.32,0.05,UPI,Returning,No,4544.32,227.216,4317.103999999999
ORD302834,2024-09-01,CUST13036,Customer_13036,South,Hyderabad,Home & Kitchen,Mixer Grinder,3,6209.95,0.1,Debit Card,New,No,18629.85,1862.985,16766.864999999998
ORD302835,2024-11-28,CUST13444,Customer_13444,West,Mumbai,Electronics,USB Keyboard,1,2916.0,0.2,Debit Card,Returning,No,2916.0,583.2,2332.8
ORD302836,2025-03-21,CUST12339,Customer_12339,West,Kolkata,Furniture,Bookshelf,1,19692.82,0.0,Credit Card,New,No,19692.82,0.0,19692.82
ORD302837,2024-02-09,CUST12611,Customer_12611,North,Bengaluru,Sports,Yoga Mat,4,3421.84,0.2,UPI,Returning,No,13687.36,2737.472,10949.888
ORD302838,2024-11-05,CUST13461,Customer_13461,West,,Electronics,Bluetooth Speaker,2,13260.26,0.0,UPI,New,No,26520.52,0.0,26520.52
ORD302839,2024-08-30,CUST12724,Customer_12724,South,Pune,Home & Kitchen,Bedsheet,5,1492.22,0.05,Credit Card,Returning,No,7461.1,373.05500000000006,7088.045
ORD302840,2024-06-14,CUST12648,Customer_12648,West,Vijayawada,Sports,Running Shoes,4,8435.23,0.15,Net Banking,Returning,No,33740.92,5061.138,28679.782
ORD302841,2025-11-07,CUST12046,Customer_12046,South,Chennai,Sports,Cricket Bat,1,5832.02,0.0,Net Banking,New,Yes,5832.02,0.0,5832.02
ORD302842,2025-02-24,CUST12019,Customer_12019,West,Delhi,Clothing,T-Shirt,2,4119.04,0.05,Credit Card,New,Yes,8238.08,411.904,7826.1759999999995
ORD302843,2025-06-05,CUST12005,Customer_12005,South,Chennai,Sports,Yoga Mat,3,1867.1,0.05,Credit Card,New,Yes,5601.299999999999,280.065,5321.235
ORD302844,2024-09-01,CUST12715,Customer_12715,East,Chennai,Sports,Dumbbells,6,8277.94,0.1,UPI,Returning,No,49667.64,4966.764,44700.876
ORD302845,2024-09-22,CUST12027,Customer_12027,South,Vijayawada,Electronics,Smart Watch,5,10256.06,0.1,UPI,Returning,Yes,51280.299999999996,5128.03,46152.27
ORD302846,2025-07-03,CUST12093,Customer_12093,South,Mumbai,Home & Kitchen,Mixer Grinder,1,4090.43,0.1,Net Banking,Returning,No,4090.43,409.043,3681.3869999999997
ORD302847,2025-10-25,CUST12313,Customer_12313,East,Hyderabad,Electronics,USB Keyboard,2,3064.71,0.1,Cash,New,No,6129.42,612.942,5516.478
ORD302848,2025-07-01,CUST12917,Customer_12917,East,Bengaluru,Home & Kitchen,Bedsheet,3,7409.03,0.1,Credit Card,Returning,No,22227.09,2222.7090000000003,20004.381
ORD302849,2025-09-24,CUST12090,Customer_12090,West,Bengaluru,Furniture,Office Chair,2,28974.72,0.15,Net Banking,New,No,57949.44,8692.416,49257.024000000005
ORD302850,2025-02-02,CUST12130,Customer_12130,East,Chennai,Sports,Dumbbells,6,7859.79,0.2,Net Banking,Returning,No,47158.74,9431.748,37726.992
ORD302851,2025-08-30,CUST13187,Customer_13187,North,Chennai,Clothing,Formal Shirt,3,850.46,0.05,Debit Card,New,No,2551.38,127.56900000000002,2423.811
ORD302852,2024-04-14,CUST12680,Customer_12680,South,Mumbai,Sports,Running Shoes,4,4094.93,0.15,Net Banking,New,No,16379.72,2456.9579999999996,13922.761999999999
ORD302853,2025-09-06,CUST13480,Customer_13480,West,Pune,Electronics,Wireless Headphones,2,11141.11,0.05,Cash,New,No,22282.22,1114.111,21168.109
ORD302854,2025-10-09,CUST13254,Customer_13254,West,Mumbai,Clothing,Formal Shirt,4,5184.87,0.1,Debit Card,Returning,No,20739.48,2073.948,18665.532
ORD302855,2024-07-31,CUST12662,Customer_12662,South,Bengaluru,Electronics,Bluetooth Speaker,3,15641.85,0.05,Debit Card,Returning,No,46925.55,2346.2775,44579.27250000001
ORD302856,2025-07-14,CUST12382,Customer_12382,South,Kolkata,Clothing,Jeans,1,2290.37,0.15,Cash,Returning,No,2290.37,343.5555,1946.8145
ORD302857,2024-06-21,CUST12693,Customer_12693,South,Mumbai,Clothing,Jacket,6,2933.82,0.1,Credit Card,New,No,17602.920000000002,1760.2920000000004,15842.628
ORD302858,2024-09-02,CUST13282,Customer_13282,West,Delhi,Electronics,USB Keyboard,2,8201.65,0.05,UPI,New,No,16403.3,820.165,15583.134999999998
ORD302859,2025-05-26,CUST12869,Customer_12869,South,Mumbai,Clothing,Formal Shirt,1,3605.77,0.1,Credit Card,New,No,3605.77,360.577,3245.193
ORD302860,2025-07-28,CUST13098,Customer_13098,North,Chennai,Home & Kitchen,Storage Box,4,10140.85,0.05,Debit Card,New,No,40563.4,2028.17,38535.23
ORD302861,2024-02-20,CUST12439,Customer_12439,East,Vijayawada,Clothing,Sneakers,3,4603.97,0.1,Net Banking,New,No,13811.91,1381.191,12430.719
ORD302862,2025-04-29,CUST12860,Customer_12860,West,Kolkata,Sports,Running Shoes,3,3476.17,0.05,Credit Card,New,No,10428.51,521.4255,9907.0845
ORD302863,2024-07-19,CUST13230,Customer_13230,East,Bengaluru,Clothing,Sneakers,4,3714.41,0.1,Credit Card,Returning,No,14857.64,1485.7640000000001,13371.876
ORD302864,2024-03-25,CUST13288,Customer_13288,South,Pune,Home & Kitchen,Storage Box,2,9046.92,0.05,Debit Card,Returning,No,18093.84,904.692,17189.148
ORD302865,2025-11-10,CUST12387,Customer_12387,East,Pune,Clothing,Formal Shirt,2,4979.14,0.1,Debit Card,New,Yes,9958.28,995.8280000000001,8962.452000000001
ORD302866,2024-06-13,CUST13176,Customer_13176,North,Hyderabad,Furniture,Office Chair,2,7798.58,0.2,UPI,Returning,No,15597.16,3119.4320000000002,12477.728
ORD302867,2025-09-22,CUST13225,Customer_13225,East,Delhi,Clothing,Jacket,4,1449.3,0.1,Net Banking,Returning,No,5797.2,579.72,5217.48
ORD302868,2024-11-10,CUST12653,Customer_12653,East,Bengaluru,Clothing,T-Shirt,2,4978.48,0.1,Credit Card,Returning,No,9956.96,995.6959999999999,8961.264
ORD302869,2024-02-27,CUST12225,Customer_12225,North,Kolkata,Electronics,Wireless Headphones,3,3060.4,0.0,Debit Card,Returning,No,9181.2,0.0,9181.2
ORD302870,2025-04-17,CUST12717,Customer_12717,East,Hyderabad,Home & Kitchen,Storage Box,2,7632.68,0.05,Cash,Returning,Yes,15265.36,763.268,14502.092
ORD302871,2024-03-27,CUST12236,Customer_12236,North,Mumbai,Sports,Yoga Mat,4,9171.18,0.0,Net Banking,Returning,No,36684.72,0.0,36684.72
ORD302872,2025-09-25,CUST12141,Customer_12141,South,Delhi,Sports,Cricket Bat,1,2355.31,0.15,UPI,New,No,2355.31,353.2965,2002.0135
ORD302873,2025-02-11,CUST12612,Customer_12612,West,Vijayawada,Home & Kitchen,Storage Box,4,1907.86,0.05,Net Banking,Returning,No,7631.44,381.572,7249.8679999999995
ORD302874,2025-06-13,CUST12581,Customer_12581,East,Pune,Clothing,T-Shirt,1,3560.02,0.15,UPI,New,No,3560.02,534.0029999999999,3026.017
ORD302875,2025-10-30,CUST12613,Customer_12613,North,Pune,Electronics,Bluetooth Speaker,3,7737.2,0.15,Debit Card,Returning,No,23211.6,3481.74,19729.86
ORD302876,2024-12-29,CUST12526,Customer_12526,South,Delhi,Home & Kitchen,Bedsheet,5,1951.07,0.1,Debit Card,Returning,No,9755.35,975.5350000000001,8779.815
ORD302877,2024-06-05,CUST13017,Customer_13017,South,Pune,Furniture,Sofa,3,11005.22,0.05,UPI,New,No,33015.659999999996,1650.783,31364.876999999997
ORD302878,2024-09-23,CUST12395,Customer_12395,South,Bengaluru,Clothing,Jeans,1,5697.46,0.1,Credit Card,Returning,No,5697.46,569.746,5127.714
ORD302879,2025-11-26,CUST13287,Customer_13287,North,Kolkata,Sports,Yoga Mat,1,5806.04,0.15,Cash,Returning,No,5806.04,870.906,4935.134
ORD302880,2025-09-19,CUST12548,Customer_12548,South,Hyderabad,Home & Kitchen,Cookware Set,2,2118.37,0.1,Net Banking,Returning,Yes,4236.74,423.674,3813.066
ORD302881,2024-03-29,CUST12257,Customer_12257,West,Hyderabad,Furniture,Study Table,5,24049.02,0.05,Credit Card,New,No,120245.1,6012.255000000001,114232.845
ORD302882,2024-08-03,CUST12729,Customer_12729,East,Chennai,Clothing,Sneakers,3,3701.5,0.15,Credit Card,Returning,No,11104.5,1665.675,9438.825
ORD302883,2024-05-04,CUST12427,Customer_12427,West,Vijayawada,Home & Kitchen,Cookware Set,1,3198.94,0.15,Cash,Returning,No,3198.94,479.841,2719.099
ORD302884,2025-10-28,CUST12908,Customer_12908,South,Kolkata,Home & Kitchen,Bedsheet,2,1957.34,0.2,Cash,Returning,No,3914.68,782.936,3131.7439999999997
ORD302885,2025-10-13,CUST12109,Customer_12109,East,Vijayawada,Electronics,Power Bank,1,1241.64,0.15,Net Banking,Returning,No,1241.64,186.246,1055.394
ORD302886,2025-07-04,CUST12656,Customer_12656,West,Delhi,Electronics,Smart Watch,2,12110.74,0.05,Cash,New,No,24221.48,1211.074,23010.406
ORD302887,2025-08-29,CUST13474,Customer_13474,West,Pune,Home & Kitchen,Water Bottle,2,1420.35,0.15,Cash,Returning,No,2840.7,426.10499999999996,2414.595
ORD302888,2025-09-21,CUST13289,Customer_13289,East,Bengaluru,Clothing,Jeans,1,792.18,0.2,UPI,Returning,No,792.18,158.436,633.7439999999999
ORD302889,2024-05-22,CUST13482,Customer_13482,West,Kolkata,Clothing,Sneakers,5,3056.97,0.15,Net Banking,Returning,No,15284.849999999999,2292.7274999999995,12992.1225
ORD302890,2025-06-26,CUST12233,Customer_12233,South,Vijayawada,Clothing,Jeans,2,5780.72,0.05,Credit Card,New,No,11561.44,578.072,10983.368
ORD302891,2024-06-12,CUST12114,Customer_12114,South,Chennai,Clothing,Jacket,3,5343.49,0.1,Net Banking,New,No,16030.47,1603.047,14427.422999999999
ORD302892,2025-08-29,CUST12021,Customer_12021,South,Hyderabad,Furniture,Bookshelf,2,28513.6,0.0,Cash,New,No,57027.2,0.0,57027.2
ORD302893,2024-12-09,CUST12611,Customer_12611,North,Bengaluru,Electronics,Bluetooth Speaker,7,11176.55,0.05,Net Banking,Returning,No,78235.84999999999,3911.7924999999996,74324.0575
ORD302894,2025-01-19,CUST12679,Customer_12679,South,Delhi,Home & Kitchen,Water Bottle,2,8242.47,0.0,Cash,New,No,16484.94,0.0,16484.94
ORD302895,2025-10-25,CUST12268,Customer_12268,North,Bengaluru,Sports,Dumbbells,2,8327.88,0.05,Credit Card,Returning,No,16655.76,832.788,15822.971999999998
ORD302896,2024-04-06,CUST12899,Customer_12899,West,Vijayawada,Furniture,Coffee Table,1,16155.91,0.15,Net Banking,Returning,No,16155.91,2423.3865,13732.5235
ORD302897,2024-04-09,CUST12009,Customer_12009,East,Delhi,Electronics,Smart Watch,3,17931.94,0.1,Debit Card,Returning,No,53795.81999999999,5379.581999999999,48416.23799999999
ORD302898,2025-05-27,CUST12945,Customer_12945,North,Vijayawada,Sports,Dumbbells,1,2944.38,0.15,Credit Card,Returning,No,2944.38,441.657,2502.723
ORD302899,2025-11-15,CUST13202,Customer_13202,North,Mumbai,Home & Kitchen,Storage Box,2,2575.94,0.05,Cash,Returning,No,5151.88,257.594,4894.286
ORD302900,2024-08-18,CUST13028,Customer_13028,East,Hyderabad,Sports,Dumbbells,3,7289.92,0.05,Net Banking,New,No,21869.760000000002,1093.488,20776.272
ORD302901,2025-07-25,CUST13213,Customer_13213,North,Kolkata,Sports,Dumbbells,2,5673.33,0.0,Cash,New,No,11346.66,0.0,11346.66
ORD302902,2025-04-27,CUST12691,Customer_12691,East,Pune,Electronics,Wireless Headphones,5,21772.07,0.0,Credit Card,Returning,No,108860.35,0.0,108860.35
ORD302903,2024-10-21,CUST13200,Customer_13200,East,Bengaluru,Sports,Running Shoes,4,9367.95,0.1,Credit Card,Returning,No,37471.8,3747.1800000000003,33724.62
ORD302904,2025-07-15,CUST12844,Customer_12844,West,Vijayawada,Clothing,Jeans,2,1414.67,0.1,Credit Card,Returning,No,2829.34,282.934,2546.406
ORD302905,2024-12-26,CUST12349,Customer_12349,West,Pune,Clothing,Jeans,2,4652.86,0.15,Credit Card,Returning,No,9305.72,1395.858,7909.861999999999
ORD302906,2024-04-03,CUST12323,Customer_12323,West,Kolkata,Clothing,T-Shirt,2,2974.35,0.05,UPI,New,No,5948.7,297.435,5651.264999999999
ORD302907,2024-11-09,CUST13135,Customer_13135,North,Bengaluru,Clothing,Jacket,1,5413.15,0.15,UPI,Returning,No,5413.15,811.9725,4601.1775
ORD302908,2025-01-28,CUST12445,Customer_12445,South,Kolkata,Furniture,Coffee Table,2,27021.68,0.05,Credit Card,Returning,No,54043.36,2702.168,51341.192
ORD302909,2025-12-17,CUST12886,Customer_12886,East,Delhi,Clothing,Sneakers,1,730.64,0.1,Debit Card,New,No,730.64,73.06400000000001,657.576
ORD302910,2024-12-10,CUST12853,Customer_12853,West,Pune,Sports,Running Shoes,2,4625.84,0.1,Credit Card,New,No,9251.68,925.1680000000001,8326.512
ORD302911,2025-06-15,CUST12245,Customer_12245,North,Kolkata,Home & Kitchen,Water Bottle,1,10028.54,0.05,Net Banking,Returning,No,10028.54,501.4270000000001,9527.113000000001
ORD302912,2025-07-17,CUST12522,Customer_12522,East,Kolkata,Electronics,Power Bank,6,20683.21,0.2,UPI,Returning,No,124099.26,24819.852,99279.408
ORD302913,2024-08-01,CUST12293,Customer_12293,South,Hyderabad,Electronics,USB Keyboard,1,12335.32,0.15,Cash,Returning,No,12335.32,1850.2979999999998,10485.022
ORD302914,2024-11-26,CUST12999,Customer_12999,West,Mumbai,Sports,Running Shoes,1,8966.51,0.2,Credit Card,Returning,No,8966.51,1793.3020000000001,7173.2080000000005
ORD302915,2025-06-28,CUST13119,Customer_13119,West,Delhi,Clothing,Jeans,7,5554.5,0.2,Credit Card,New,No,38881.5,7776.3,31105.2
ORD302916,2024-09-27,CUST13185,Customer_13185,East,Bengaluru,Electronics,Smart Watch,2,4217.29,0.2,UPI,Returning,No,8434.58,1686.9160000000002,6747.664
ORD302917,2025-06-24,CUST13112,Customer_13112,North,Bengaluru,Clothing,Jacket,1,2310.89,0.1,Cash,Returning,No,2310.89,231.089,2079.801
ORD302918,2024-08-30,CUST12790,Customer_12790,East,Kolkata,Furniture,Study Table,4,12024.27,0.1,Debit Card,New,No,48097.08,4809.7080000000005,43287.372
ORD302919,2025-08-16,CUST12282,Customer_12282,South,Vijayawada,Home & Kitchen,Water Bottle,4,4843.24,0.1,Net Banking,Returning,No,19372.96,1937.296,17435.664
ORD302920,2025-08-03,CUST12875,Customer_12875,North,Hyderabad,Electronics,Smart Watch,1,10758.65,0.0,Net Banking,Returning,No,10758.65,0.0,10758.65
ORD302921,2025-06-01,CUST13369,Customer_13369,North,Pune,Clothing,T-Shirt,4,3606.37,0.15,Cash,New,No,14425.48,2163.8219999999997,12261.658
ORD302922,2025-10-14,CUST12811,Customer_12811,South,Kolkata,Home & Kitchen,Water Bottle,3,9556.1,0.1,UPI,Returning,No,28668.300000000003,2866.8300000000004,25801.47
ORD302923,2025-01-06,CUST12378,Customer_12378,North,Delhi,Electronics,Bluetooth Speaker,2,13284.52,0.2,Debit Card,Returning,No,26569.04,5313.808000000001,21255.232
ORD302924,2024-07-03,CUST12844,Customer_12844,East,Kolkata,Sports,Dumbbells,3,646.81,0.25,Debit Card,Returning,No,1940.4299999999998,485.10749999999996,1455.3224999999998
ORD302925,2025-11-17,CUST12988,Customer_12988,North,Chennai,Electronics,Power Bank,5,21722.77,0.05,Debit Card,Returning,No,108613.85,5430.692500000001,103183.1575
ORD302926,2024-09-04,CUST12082,Customer_12082,South,Mumbai,Furniture,Office Chair,3,28023.72,0.05,Cash,Returning,No,84071.16,4203.558,79867.602
ORD302927,2024-11-27,CUST12807,Customer_12807,South,Mumbai,Furniture,Study Table,1,4695.72,0.0,UPI,New,Yes,4695.72,0.0,4695.72
ORD302928,2025-02-19,CUST12097,Customer_12097,North,Bengaluru,Furniture,Study Table,7,10400.14,0.1,Credit Card,Returning,No,72800.98,7280.098,65520.882
ORD302929,2024-05-18,CUST12838,Customer_12838,East,Bengaluru,Electronics,Power Bank,2,3493.95,0.15,Credit Card,Returning,No,6987.9,1048.185,5939.715
ORD302930,2024-11-25,CUST12792,Customer_12792,West,Hyderabad,Electronics,Wireless Headphones,5,21706.81,0.1,Debit Card,New,No,108534.05,10853.405,97680.645
ORD302931,2025-08-07,CUST12435,Customer_12435,East,Delhi,Home & Kitchen,Storage Box,4,5288.39,0.1,Credit Card,Returning,No,21153.56,2115.356,19038.204
ORD302932,2025-04-24,CUST12513,Customer_12513,North,Kolkata,Clothing,Sneakers,7,1912.63,0.1,Debit Card,New,No,13388.41,1338.8410000000001,12049.569
ORD302933,2025-07-23,CUST12949,Customer_12949,North,Bengaluru,Home & Kitchen,Storage Box,4,10851.47,0.05,Net Banking,Returning,No,43405.88,2170.294,41235.585999999996
ORD302934,2024-05-09,CUST12806,Customer_12806,South,Kolkata,Home & Kitchen,Bedsheet,4,517.78,0.1,UPI,Returning,No,2071.12,207.112,1864.0079999999998
ORD302935,2024-03-09,CUST12607,Customer_12607,South,Hyderabad,Furniture,Office Chair,2,23405.74,0.0,Credit Card,Returning,Yes,46811.48,0.0,46811.48
ORD302936,2024-05-31,CUST12821,Customer_12821,West,Vijayawada,Furniture,Study Table,2,20036.56,0.05,Cash,New,No,40073.12,2003.6560000000002,38069.464
ORD302937,2024-03-02,CUST12182,Customer_12182,West,Kolkata,Electronics,USB Keyboard,1,4349.11,0.0,Cash,New,Yes,4349.11,0.0,4349.11
ORD302938,2025-10-04,CUST12313,Customer_12313,East,Chennai,Clothing,Formal Shirt,1,4571.18,0.25,Credit Card,Returning,No,4571.18,1142.795,3428.385
ORD302939,2025-07-12,CUST12406,Customer_12406,North,Bengaluru,Furniture,Office Chair,4,13481.06,0.2,UPI,Returning,No,53924.24,10784.848,43139.392
ORD302940,2024-02-03,CUST12688,Customer_12688,East,Vijayawada,Furniture,Study Table,2,18909.15,0.1,UPI,Returning,No,37818.3,3781.8300000000004,34036.47
ORD302941,2025-08-24,CUST12191,Customer_12191,West,Kolkata,Furniture,Office Chair,3,10931.99,0.1,Cash,New,No,32795.97,3279.597,29516.373
ORD302942,2025-08-04,CUST12737,Customer_12737,East,Pune,Sports,Running Shoes,5,6373.76,0.1,Debit Card,New,Yes,31868.800000000003,3186.8800000000006,28681.920000000002
ORD302943,2025-07-27,CUST13159,Customer_13159,North,Bengaluru,Clothing,Jeans,3,1782.58,0.05,UPI,Returning,No,5347.74,267.387,5080.353
ORD302944,2024-03-15,CUST12178,Customer_12178,West,Chennai,Home & Kitchen,Mixer Grinder,1,5575.27,0.05,Cash,New,No,5575.27,278.7635,5296.5065
ORD302945,2024-01-05,CUST12874,Customer_12874,West,Bengaluru,Home & Kitchen,Cookware Set,3,3361.49,0.2,Net Banking,New,No,10084.47,2016.894,8067.575999999999
ORD302946,2024-02-15,CUST12912,Customer_12912,West,Delhi,Electronics,Smart Watch,1,13226.69,0.05,UPI,New,No,13226.69,661.3345,12565.3555
ORD302947,2024-12-22,CUST12136,Customer_12136,South,Kolkata,Clothing,T-Shirt,7,3605.9,0.1,Credit Card,Returning,No,25241.3,2524.13,22717.17
ORD302948,2025-03-11,CUST12146,Customer_12146,East,Kolkata,Clothing,T-Shirt,1,2479.12,0.05,Debit Card,New,No,2479.12,123.956,2355.1639999999998
ORD302949,2025-09-30,CUST12480,Customer_12480,North,Pune,Electronics,Smart Watch,1,4738.38,0.0,Credit Card,Returning,No,4738.38,0.0,4738.38
ORD302950,2025-11-07,CUST12267,Customer_12267,North,Vijayawada,Sports,Dumbbells,3,8218.93,0.2,Cash,Returning,No,24656.79,4931.358,19725.432
ORD302951,2025-11-15,CUST13083,Customer_13083,South,Vijayawada,Home & Kitchen,Storage Box,4,10895.64,0.15,Credit Card,Returning,No,43582.56,6537.383999999999,37045.176
ORD302952,2024-04-12,CUST12777,Customer_12777,South,Kolkata,Furniture,Study Table,1,15165.18,0.1,UPI,New,No,15165.18,1516.518,13648.662
ORD302953,2025-08-30,CUST12001,Customer_12001,South,Mumbai,Electronics,USB Keyboard,3,19195.95,0.0,Credit Card,New,No,57587.850000000006,0.0,57587.850000000006
ORD302954,2024-10-05,CUST12094,Customer_12094,South,Chennai,Electronics,Bluetooth Speaker,1,7821.5,0.2,UPI,Returning,No,7821.5,1564.3000000000002,6257.2
ORD302955,2025-11-08,CUST12587,Customer_12587,North,Pune,Clothing,Sneakers,5,5006.52,0.05,Net Banking,Returning,No,25032.600000000002,1251.63,23780.97
ORD302956,2025-01-06,CUST12985,Customer_12985,East,Chennai,Furniture,Bookshelf,3,7866.33,0.0,Net Banking,New,No,23598.989999999998,0.0,23598.989999999998
ORD302957,2025-03-23,CUST12601,Customer_12601,South,Bengaluru,Sports,Yoga Mat,2,3941.62,0.0,UPI,Returning,No,7883.24,0.0,7883.24
ORD302958,2025-12-14,CUST12317,Customer_12317,South,Delhi,Furniture,Sofa,2,28614.77,0.2,UPI,New,No,57229.54,11445.908000000001,45783.632
ORD302959,2025-10-17,CUST12884,Customer_12884,East,Mumbai,Sports,Running Shoes,2,9390.96,0.05,Credit Card,Returning,No,18781.92,939.096,17842.823999999997
ORD302960,2024-04-19,CUST13041,Customer_13041,East,Mumbai,Home & Kitchen,Storage Box,6,5037.92,0.0,Cash,Returning,No,30227.52,0.0,30227.52
ORD302961,2025-06-23,CUST12292,Customer_12292,North,Bengaluru,Furniture,Office Chair,5,7885.95,0.0,UPI,New,No,39429.75,0.0,39429.75
ORD302962,2025-06-12,CUST12869,Customer_12869,West,Kolkata,Electronics,Wireless Headphones,3,21924.59,0.1,Debit Card,Returning,No,65773.77,6577.377,59196.393000000004
ORD302963,2025-11-21,CUST12732,Customer_12732,South,Bengaluru,Sports,Cricket Bat,3,5078.43,0.1,UPI,New,No,15235.29,1523.5290000000002,13711.761
ORD302964,2025-07-03,CUST12638,Customer_12638,North,Chennai,Furniture,Bookshelf,4,14089.72,0.15,Debit Card,New,No,56358.88,8453.831999999999,47905.047999999995
ORD302965,2025-09-30,CUST13270,Customer_13270,West,Hyderabad,Home & Kitchen,Water Bottle,3,7975.87,,UPI,New,No,23927.61,0.0,23927.61
ORD302966,2024-08-03,CUST13216,Customer_13216,West,Chennai,Clothing,Jacket,4,4221.42,0.1,Credit Card,Returning,No,16885.68,1688.5680000000002,15197.112000000001
ORD302967,2024-04-13,CUST12066,Customer_12066,West,Hyderabad,Electronics,Wireless Headphones,2,23822.25,0.1,UPI,Returning,Yes,47644.5,4764.45,42880.05
ORD302968,2025-02-18,CUST12005,Customer_12005,South,Pune,Clothing,T-Shirt,7,567.53,0.2,Credit Card,Returning,No,3972.71,794.542,3178.168
ORD302969,2024-12-07,CUST13308,Customer_13308,South,Chennai,Home & Kitchen,Storage Box,6,2636.04,,Cash,Returning,No,15816.24,0.0,15816.24
ORD302970,2024-02-02,CUST12560,Customer_12560,South,Hyderabad,Home & Kitchen,Bedsheet,2,3455.11,0.0,Credit Card,Returning,No,6910.22,0.0,6910.22
ORD302971,2024-04-06,CUST12468,Customer_12468,East,Delhi,Furniture,Office Chair,5,7683.24,0.05,Credit Card,New,No,38416.2,1920.81,36495.39
ORD302972,2025-08-23,CUST12021,Customer_12021,East,Hyderabad,Clothing,Formal Shirt,2,2786.46,0.0,Debit Card,Returning,Yes,5572.92,0.0,5572.92
ORD302973,2025-05-28,CUST12561,Customer_12561,North,Kolkata,Furniture,Study Table,5,14321.45,0.15,Debit Card,New,No,71607.25,10741.0875,60866.1625
ORD302974,2024-02-09,CUST12174,Customer_12174,North,Bengaluru,Sports,Dumbbells,2,5201.25,0.2,Credit Card,Returning,No,10402.5,2080.5,8322.0
ORD302975,2025-01-10,CUST12897,Customer_12897,East,Hyderabad,Sports,Football,3,8179.77,0.1,Credit Card,Returning,No,24539.31,2453.931,22085.379
ORD302976,2025-05-07,CUST12491,Customer_12491,West,Mumbai,Electronics,Power Bank,1,13634.69,0.05,Net Banking,New,No,13634.69,681.7345,12952.9555
ORD302977,2025-12-27,CUST12754,Customer_12754,South,Chennai,Clothing,Jacket,1,4170.11,0.05,UPI,New,No,4170.11,208.50549999999998,3961.6044999999995
ORD302978,2025-01-20,CUST12771,Customer_12771,North,Mumbai,Electronics,Smart Watch,3,15223.12,0.1,UPI,Returning,No,45669.36,4566.936000000001,41102.424
ORD302979,2025-03-04,CUST12392,Customer_12392,West,Mumbai,Electronics,Wireless Headphones,4,2884.51,0.05,Credit Card,Returning,No,11538.04,576.902,10961.138
ORD302980,2024-04-03,CUST12946,Customer_12946,West,Delhi,Clothing,Jeans,2,2049.11,0.0,Debit Card,Returning,No,4098.22,0.0,4098.22
ORD302981,2024-02-10,CUST12480,Customer_12480,South,Bengaluru,Sports,Dumbbells,5,8337.15,0.2,Cash,New,No,41685.75,8337.15,33348.6
ORD302982,2025-03-06,CUST13454,Customer_13454,South,Pune,Clothing,Sneakers,4,2303.54,0.2,Credit Card,Returning,No,9214.16,1842.832,7371.3279999999995
ORD302983,2024-12-03,CUST12214,Customer_12214,West,Delhi,Clothing,Formal Shirt,3,4237.13,0.05,UPI,Returning,No,12711.39,635.5695000000001,12075.8205
ORD302984,2024-12-23,CUST13359,Customer_13359,South,Chennai,Furniture,Office Chair,1,27650.44,0.1,UPI,Returning,No,27650.44,2765.044,24885.396
ORD302985,2025-03-24,CUST13046,Customer_13046,West,Vijayawada,Furniture,Office Chair,2,25921.09,0.1,Credit Card,Returning,No,51842.18,5184.218000000001,46657.962
ORD302986,2024-07-01,CUST12559,Customer_12559,South,Pune,Furniture,Sofa,4,12925.21,0.15,Net Banking,New,No,51700.84,7755.125999999999,43945.714
ORD302987,2025-11-30,CUST12575,Customer_12575,North,Vijayawada,Sports,Football,1,3508.33,0.1,UPI,Returning,Yes,3508.33,350.833,3157.497
ORD302988,2024-09-23,CUST12813,Customer_12813,South,Pune,Home & Kitchen,Bedsheet,7,7580.52,0.1,Debit Card,Returning,No,53063.64,5306.3640000000005,47757.276
ORD302989,2024-03-04,CUST13282,Customer_13282,East,Bengaluru,Furniture,Bookshelf,2,26570.32,0.1,Cash,New,No,53140.64,5314.064,47826.576
ORD302990,2025-05-16,CUST13230,Customer_13230,East,Kolkata,Sports,Yoga Mat,2,7107.67,0.2,Net Banking,New,No,14215.34,2843.068,11372.272
ORD302991,2025-02-04,CUST12402,Customer_12402,East,Pune,Electronics,Smart Watch,3,13036.12,0.15,Credit Card,Returning,No,39108.36,5866.254,33242.106
ORD302992,2024-01-14,CUST13269,Customer_13269,West,Kolkata,Sports,Cricket Bat,3,7556.07,0.05,Net Banking,Returning,No,22668.21,1133.4105,21534.7995
ORD302993,2024-12-21,CUST12561,Customer_12561,East,Kolkata,Sports,Dumbbells,4,3173.76,0.15,Cash,Returning,No,12695.04,1904.256,10790.784000000001
ORD302994,2024-05-23,CUST13441,Customer_13441,West,Chennai,Home & Kitchen,Cookware Set,3,9161.9,0.05,Debit Card,Returning,No,27485.699999999997,1374.2849999999999,26111.414999999997
ORD302995,2024-12-07,CUST13023,Customer_13023,South,Delhi,Sports,Cricket Bat,3,2824.27,0.1,Debit Card,Returning,No,8472.81,847.281,7625.5289999999995
ORD302996,2025-05-13,CUST12372,Customer_12372,West,Mumbai,Furniture,Bookshelf,1,3851.58,0.1,UPI,Returning,No,3851.58,385.158,3466.422
ORD302997,2024-09-14,CUST13172,Customer_13172,East,Delhi,Home & Kitchen,Cookware Set,1,10842.21,0.05,Cash,Returning,No,10842.21,542.1105,10300.099499999998
ORD302998,2024-04-24,CUST12614,Customer_12614,West,Pune,Sports,Dumbbells,1,4945.0,0.2,Net Banking,Returning,No,4945.0,989.0,3956.0
ORD302999,2024-11-12,CUST12191,Customer_12191,East,Bengaluru,Home & Kitchen,Water Bottle,1,4862.14,0.15,Net Banking,New,No,4862.14,729.321,4132.819
ORD303000,2024-07-17,CUST12504,Customer_12504,West,Bengaluru,Sports,Dumbbells,1,9074.2,0.2,Debit Card,Returning,Yes,9074.2,1814.8400000000001,7259.360000000001
ORD303001,2024-10-14,CUST12133,Customer_12133,North,Vijayawada,Furniture,Sofa,1,18233.68,0.05,Net Banking,New,No,18233.68,911.6840000000001,17321.996
ORD303002,2024-07-26,CUST12590,Customer_12590,South,Vijayawada,Electronics,Bluetooth Speaker,7,18770.92,0.05,UPI,New,No,131396.44,6569.822,124826.618
ORD303003,2025-04-16,CUST12475,Customer_12475,East,Pune,Home & Kitchen,Storage Box,1,10935.04,0.1,UPI,Returning,No,10935.04,1093.5040000000001,9841.536
ORD303004,2024-04-07,CUST12220,Customer_12220,East,Hyderabad,Electronics,Power Bank,7,18013.65,0.1,Net Banking,Returning,No,126095.55000000002,12609.555000000002,113485.99500000001
ORD303005,2024-04-26,CUST12470,Customer_12470,South,Chennai,Clothing,Jeans,1,2504.09,0.1,Debit Card,Returning,No,2504.09,250.40900000000002,2253.681
ORD303006,2024-04-26,CUST12971,Customer_12971,East,Kolkata,Sports,Yoga Mat,2,5422.65,0.1,UPI,New,No,10845.3,1084.53,9760.769999999999
ORD303007,2024-01-08,CUST12751,Customer_12751,West,Pune,Furniture,Office Chair,2,28963.51,0.1,Credit Card,Returning,No,57927.02,5792.702,52134.318
ORD303008,2024-03-30,CUST13443,Customer_13443,South,Chennai,Furniture,Study Table,4,22529.21,0.05,Net Banking,Returning,No,90116.84,4505.842,85610.99799999999
ORD303009,2025-06-03,CUST13308,Customer_13308,West,Chennai,Home & Kitchen,Water Bottle,4,9190.88,0.15,Credit Card,New,No,36763.52,5514.527999999999,31248.992
ORD303010,2024-09-04,CUST12836,Customer_12836,South,Vijayawada,Electronics,Smart Watch,3,14528.12,0.1,Cash,New,No,43584.36,4358.436000000001,39225.924
ORD303011,2024-03-02,CUST12914,Customer_12914,North,Bengaluru,Electronics,Power Bank,4,19790.43,0.1,Net Banking,New,No,79161.72,7916.1720000000005,71245.548
ORD303012,2024-09-10,CUST13194,Customer_13194,East,Delhi,Furniture,Bookshelf,2,19841.16,0.05,Cash,Returning,No,39682.32,1984.116,37698.204
ORD303013,2024-12-25,CUST13255,Customer_13255,North,Kolkata,Furniture,Bookshelf,3,24969.71,0.05,Cash,Returning,No,74909.13,3745.4565000000002,71163.6735
ORD303014,2025-05-19,CUST12785,Customer_12785,South,Pune,Clothing,Jacket,1,1370.18,0.05,Net Banking,New,Yes,1370.18,68.509,1301.671
ORD303015,2025-08-06,CUST13488,Customer_13488,North,Hyderabad,Electronics,Smart Watch,1,3541.27,0.05,Net Banking,New,No,3541.27,177.0635,3364.2065
ORD303016,2025-11-01,CUST12480,Customer_12480,East,Pune,Clothing,Jacket,7,3033.62,0.05,Net Banking,New,Yes,21235.34,1061.767,20173.573
ORD303017,2025-12-19,CUST13117,Customer_13117,West,Pune,Sports,Dumbbells,1,4253.18,0.05,Credit Card,Returning,No,4253.18,212.65900000000002,4040.521
ORD303018,2025-09-06,CUST12722,Customer_12722,North,Vijayawada,Electronics,USB Keyboard,2,13083.05,0.15,Credit Card,New,No,26166.1,3924.9149999999995,22241.184999999998
ORD303019,2024-10-11,CUST12619,Customer_12619,East,Vijayawada,Home & Kitchen,Water Bottle,3,5825.46,0.05,Net Banking,New,No,17476.38,873.8190000000001,16602.561
ORD303020,2025-03-11,CUST12936,Customer_12936,North,Mumbai,Furniture,Coffee Table,1,22514.08,0.25,Debit Card,Returning,No,22514.08,5628.52,16885.56
ORD303021,2025-08-12,CUST12820,Customer_12820,South,Pune,Clothing,Sneakers,1,2717.84,0.05,Net Banking,Returning,No,2717.84,135.89200000000002,2581.9480000000003
ORD303022,2024-02-10,CUST12917,Customer_12917,East,Bengaluru,Clothing,Sneakers,4,869.84,0.0,UPI,New,No,3479.36,0.0,3479.36
ORD303023,2024-01-14,CUST12472,Customer_12472,East,Mumbai,Electronics,Wireless Headphones,2,23623.75,0.1,Net Banking,New,No,47247.5,4724.75,42522.75
ORD303024,2025-07-09,CUST13151,Customer_13151,North,Bengaluru,Furniture,Coffee Table,6,25458.77,0.15,Credit Card,Returning,No,152752.62,22912.893,129839.727
ORD303025,2024-12-17,CUST12255,Customer_12255,West,Mumbai,Home & Kitchen,Mixer Grinder,2,8280.16,0.2,Cash,Returning,No,16560.32,3312.0640000000003,13248.256
ORD303026,2024-12-21,CUST13206,Customer_13206,West,Pune,Electronics,Smart Watch,4,6582.07,0.2,Net Banking,New,No,26328.28,5265.656,21062.624
ORD303027,2025-09-17,CUST13036,Customer_13036,North,Mumbai,Home & Kitchen,Cookware Set,3,1084.31,0.0,Debit Card,New,No,3252.93,0.0,3252.93
ORD303028,2025-06-06,CUST12682,Customer_12682,South,Pune,Sports,Cricket Bat,4,4657.37,0.05,Debit Card,Returning,No,18629.48,931.474,17698.006
ORD303029,2025-08-09,CUST13296,Customer_13296,South,Vijayawada,Electronics,Wireless Headphones,2,7030.08,0.0,Cash,New,Yes,14060.16,0.0,14060.16
ORD303030,2025-10-24,CUST13395,Customer_13395,East,Kolkata,Clothing,Formal Shirt,1,2539.9,0.15,Credit Card,New,No,2539.9,380.985,2158.915
ORD303031,2024-07-02,CUST12244,Customer_12244,North,Bengaluru,Sports,Dumbbells,2,7823.59,0.05,Credit Card,Returning,No,15647.18,782.359,14864.821
ORD303032,2025-05-08,CUST12339,Customer_12339,North,Vijayawada,Clothing,Jeans,3,2767.07,0.15,UPI,Returning,No,8301.210000000001,1245.1815000000001,7056.0285
ORD303033,2025-08-28,CUST13369,Customer_13369,South,Pune,Furniture,Sofa,1,10085.88,0.05,UPI,Returning,No,10085.88,504.294,9581.586
ORD303034,2025-06-02,CUST13250,Customer_13250,West,Vijayawada,Electronics,Power Bank,1,10610.64,0.0,Credit Card,Returning,No,10610.64,0.0,10610.64
ORD303035,2025-07-31,CUST13136,Customer_13136,East,Vijayawada,Clothing,Jeans,1,1921.14,0.1,Credit Card,Returning,No,1921.14,192.11400000000003,1729.026
ORD303036,2025-11-02,CUST12852,Customer_12852,West,Delhi,Sports,Cricket Bat,6,1210.36,0.2,Cash,Returning,No,7262.16,1452.432,5809.728
ORD303037,2025-07-10,CUST12526,Customer_12526,South,Chennai,Clothing,Formal Shirt,2,584.05,0.15,UPI,Returning,No,1168.1,175.21499999999997,992.885
ORD303038,2025-07-24,CUST12343,Customer_12343,North,Delhi,Clothing,Jeans,1,2419.14,0.2,Cash,Returning,No,2419.14,483.828,1935.312
ORD303039,2024-05-12,CUST12550,Customer_12550,West,Hyderabad,Furniture,Study Table,1,14367.62,0.1,Net Banking,Returning,No,14367.62,1436.7620000000002,12930.858
ORD303040,2025-10-06,CUST13258,Customer_13258,South,Kolkata,Electronics,Smart Watch,2,13063.53,0.0,Net Banking,Returning,No,26127.06,0.0,26127.06
ORD303041,2025-12-21,CUST12094,Customer_12094,South,Kolkata,Clothing,Sneakers,7,3774.28,0.0,Debit Card,Returning,No,26419.960000000003,0.0,26419.960000000003
ORD303042,2025-09-19,CUST12199,Customer_12199,South,Bengaluru,Electronics,Power Bank,3,17688.11,0.05,Net Banking,Returning,No,53064.33,2653.2165000000005,50411.1135
ORD303043,2024-08-06,CUST12914,Customer_12914,East,Chennai,Sports,Yoga Mat,4,7543.94,0.15,Debit Card,New,Yes,30175.76,4526.364,25649.396
ORD303044,2025-05-02,CUST12842,Customer_12842,North,Chennai,Sports,Dumbbells,7,9057.72,0.1,UPI,Returning,No,63404.03999999999,6340.4039999999995,57063.63599999999
ORD303045,2025-09-03,CUST13101,Customer_13101,West,Chennai,Clothing,Sneakers,1,2796.57,0.1,Credit Card,Returning,No,2796.57,279.65700000000004,2516.913
ORD303046,2024-01-10,CUST13306,Customer_13306,South,Pune,Electronics,Smart Watch,6,13859.56,0.1,UPI,Returning,No,83157.36,8315.736,74841.624
ORD303047,2025-02-25,CUST12263,Customer_12263,South,Kolkata,Home & Kitchen,Storage Box,1,1697.56,,Cash,Returning,No,1697.56,0.0,1697.56
ORD303048,2025-12-01,CUST12999,Customer_12999,East,Kolkata,Sports,Yoga Mat,2,5425.2,0.1,Credit Card,New,No,10850.4,1085.04,9765.36
ORD303049,2025-11-28,CUST12340,Customer_12340,North,Hyderabad,Furniture,Study Table,6,9105.91,0.05,Net Banking,Returning,No,54635.46,2731.773,51903.687
ORD303050,2024-04-19,CUST13020,Customer_13020,North,Bengaluru,Furniture,Sofa,4,12979.47,0.0,Debit Card,New,No,51917.88,0.0,51917.88
ORD303051,2025-12-30,CUST12722,Customer_12722,South,Delhi,Home & Kitchen,Cookware Set,2,6244.9,0.15,Debit Card,Returning,No,12489.8,1873.4699999999998,10616.33
ORD303052,2024-09-27,CUST12023,Customer_12023,South,Vijayawada,Clothing,Jacket,1,3521.47,0.1,Net Banking,Returning,No,3521.47,352.147,3169.323
ORD303053,2025-06-13,CUST13070,Customer_13070,West,Chennai,Home & Kitchen,Mixer Grinder,1,1003.86,0.0,UPI,Returning,Yes,1003.86,0.0,1003.86
ORD303054,2024-09-07,CUST12992,Customer_12992,South,Pune,Electronics,Bluetooth Speaker,3,3643.62,0.15,UPI,New,No,10930.86,1639.6290000000001,9291.231
ORD303055,2024-03-24,CUST13065,Customer_13065,West,Hyderabad,Sports,Running Shoes,4,8668.7,0.1,UPI,New,Yes,34674.8,3467.4800000000005,31207.320000000003
ORD303056,2024-11-03,CUST12946,Customer_12946,West,Mumbai,Furniture,Study Table,1,28966.89,0.2,Credit Card,Returning,No,28966.89,5793.378000000001,23173.512
ORD303057,2025-09-08,CUST12147,Customer_12147,South,Pune,Clothing,Sneakers,4,4732.06,0.0,Debit Card,Returning,No,18928.24,0.0,18928.24
ORD303058,2024-03-14,CUST12317,Customer_12317,West,Kolkata,Clothing,Jeans,2,772.44,0.25,Credit Card,New,Yes,1544.88,386.22,1158.66
ORD303059,2025-11-20,CUST12296,Customer_12296,West,Bengaluru,Sports,Yoga Mat,2,6762.78,0.05,Credit Card,Returning,No,13525.56,676.278,12849.282
ORD303060,2025-07-15,CUST12116,Customer_12116,East,Kolkata,Sports,Running Shoes,5,912.87,0.1,Net Banking,Returning,No,4564.35,456.43500000000006,4107.915
ORD303061,2025-12-27,CUST13205,Customer_13205,East,Hyderabad,Clothing,Formal Shirt,3,4382.51,0.05,Cash,Returning,No,13147.53,657.3765000000001,12490.1535
ORD303062,2025-12-21,CUST13075,Customer_13075,North,Delhi,Electronics,Smart Watch,4,3072.06,0.15,Debit Card,Returning,No,12288.24,1843.2359999999999,10445.004
ORD303063,2025-01-03,CUST12695,Customer_12695,West,Bengaluru,Furniture,Coffee Table,3,7686.78,0.1,Credit Card,Returning,No,23060.34,2306.034,20754.306
ORD303064,2025-06-27,CUST12442,Customer_12442,West,Chennai,Clothing,Jeans,1,808.64,0.1,Debit Card,Returning,Yes,808.64,80.864,727.776
ORD303065,2025-12-15,CUST13064,Customer_13064,West,Vijayawada,Electronics,Wireless Headphones,2,20045.4,0.1,Net Banking,Returning,No,40090.8,4009.0800000000004,36081.72
ORD303066,2025-03-30,CUST12670,Customer_12670,West,Delhi,Electronics,Power Bank,2,18852.06,0.15,UPI,Returning,No,37704.12,5655.618,32048.502
ORD303067,2024-11-13,CUST12242,Customer_12242,North,Pune,Sports,Running Shoes,3,8292.19,0.15,Credit Card,New,No,24876.57,3731.4855,21145.0845
ORD303068,2024-12-05,CUST13092,Customer_13092,East,Hyderabad,Electronics,Wireless Headphones,1,14870.22,0.2,UPI,Returning,Yes,14870.22,2974.044,11896.176
ORD303069,2025-04-06,CUST13082,Customer_13082,East,Kolkata,Furniture,Bookshelf,2,18299.75,0.1,Net Banking,New,No,36599.5,3659.9500000000003,32939.55
ORD303070,2025-06-26,CUST13308,Customer_13308,North,Vijayawada,Home & Kitchen,Cookware Set,3,2733.09,0.1,Debit Card,New,No,8199.27,819.9270000000001,7379.343000000001
ORD303071,2025-08-03,CUST12136,Customer_12136,West,Pune,Clothing,Jeans,2,5456.94,0.15,Cash,New,No,10913.88,1637.0819999999999,9276.797999999999
ORD303072,2025-09-02,CUST12108,Customer_12108,South,Delhi,Furniture,Study Table,5,28030.88,0.05,UPI,Returning,No,140154.4,7007.72,133146.68
ORD303073,2025-11-17,CUST12800,Customer_12800,North,Mumbai,Electronics,Bluetooth Speaker,2,14975.27,0.1,UPI,New,Yes,29950.54,2995.054,26955.486
ORD303074,2025-07-24,CUST12328,Customer_12328,West,Bengaluru,Sports,Yoga Mat,4,7046.35,0.1,Net Banking,New,Yes,28185.4,2818.5400000000004,25366.86
ORD303075,2024-11-17,CUST13027,Customer_13027,South,Vijayawada,Electronics,Wireless Headphones,2,22920.09,0.1,Debit Card,Returning,No,45840.18,4584.018,41256.162
ORD303076,2025-11-24,CUST13416,Customer_13416,East,Bengaluru,Home & Kitchen,Bedsheet,7,3397.07,0.05,Debit Card,New,No,23779.49,1188.9745,22590.5155
ORD303077,2025-07-05,CUST13201,Customer_13201,West,Kolkata,Furniture,Coffee Table,1,22185.59,0.15,UPI,Returning,No,22185.59,3327.8385,18857.7515
ORD303078,2024-08-21,CUST13153,Customer_13153,East,Delhi,Furniture,Study Table,2,16809.33,0.15,Net Banking,New,No,33618.66,5042.799,28575.861000000004
ORD303079,2025-07-18,CUST12952,Customer_12952,South,Bengaluru,Furniture,Coffee Table,2,12926.28,0.15,Credit Card,Returning,Yes,25852.56,3877.884,21974.676
ORD303080,2024-07-22,CUST12954,Customer_12954,East,Kolkata,Clothing,Formal Shirt,2,1843.88,0.15,UPI,Returning,No,3687.76,553.164,3134.5960000000005
ORD303081,2024-01-25,CUST13067,Customer_13067,East,Pune,Clothing,Jeans,2,3259.2,0.1,Cash,Returning,No,6518.4,651.84,5866.5599999999995
ORD303082,2025-06-01,CUST12895,Customer_12895,West,Pune,Electronics,Wireless Headphones,3,13474.58,0.1,Net Banking,Returning,No,40423.74,4042.374,36381.365999999995
ORD303083,2024-04-05,CUST12036,Customer_12036,West,Mumbai,Furniture,Sofa,3,21453.87,0.0,UPI,Returning,No,64361.61,0.0,64361.61
ORD303084,2024-10-19,CUST13310,Customer_13310,West,Pune,Sports,Running Shoes,3,3652.04,0.1,Debit Card,New,No,10956.119999999999,1095.6119999999999,9860.508
ORD303085,2024-05-15,CUST13225,Customer_13225,South,Bengaluru,Furniture,Coffee Table,2,11657.29,0.15,UPI,New,No,23314.58,3497.1870000000004,19817.393
ORD303086,2025-05-14,CUST13479,Customer_13479,West,Chennai,Clothing,Jeans,1,5300.22,0.05,Net Banking,Returning,No,5300.22,265.011,5035.209
ORD303087,2025-07-13,CUST13335,Customer_13335,East,Bengaluru,Furniture,Coffee Table,4,15209.92,0.2,Net Banking,Returning,No,60839.68,12167.936000000002,48671.744
ORD303088,2024-04-23,CUST12692,Customer_12692,West,Hyderabad,Clothing,Formal Shirt,2,3535.07,0.0,Debit Card,Returning,Yes,7070.14,0.0,7070.14
ORD303089,2025-11-21,CUST13000,Customer_13000,West,Delhi,Home & Kitchen,Bedsheet,4,7337.71,0.1,Net Banking,Returning,No,29350.84,2935.0840000000003,26415.756
ORD303090,2025-05-29,CUST13494,Customer_13494,East,Pune,Sports,Football,3,7201.33,0.1,Cash,Returning,No,21603.989999999998,2160.399,19443.590999999997
ORD303091,2024-05-06,CUST13250,Customer_13250,South,Bengaluru,Clothing,T-Shirt,2,4651.68,0.0,Net Banking,New,No,9303.36,0.0,9303.36
ORD303092,2024-01-03,CUST13354,Customer_13354,West,Pune,Furniture,Bookshelf,3,11776.53,0.05,Cash,New,No,35329.590000000004,1766.4795000000004,33563.1105
ORD303093,2024-01-12,CUST13100,Customer_13100,East,Chennai,Electronics,Smart Watch,1,3121.64,0.1,Debit Card,New,No,3121.64,312.164,2809.4759999999997
ORD303094,2025-09-20,CUST13177,Customer_13177,West,Vijayawada,Home & Kitchen,Mixer Grinder,1,2747.08,0.0,UPI,Returning,No,2747.08,0.0,2747.08
ORD303095,2024-05-06,CUST13483,Customer_13483,West,Bengaluru,Sports,Football,4,9413.44,0.1,Net Banking,Returning,No,37653.76,3765.376,33888.384000000005
ORD303096,2025-10-01,CUST12428,Customer_12428,South,Mumbai,Home & Kitchen,Cookware Set,2,4407.71,0.2,UPI,New,No,8815.42,1763.084,7052.336
ORD303097,2025-07-22,CUST12245,Customer_12245,East,Pune,Furniture,Office Chair,1,17962.4,0.05,Credit Card,New,No,17962.4,898.1200000000001,17064.280000000002
ORD303098,2024-11-08,CUST13371,Customer_13371,North,Mumbai,Furniture,Sofa,5,19602.88,0.2,Credit Card,New,No,98014.40000000001,19602.88,78411.52
ORD303099,2024-06-15,CUST12749,Customer_12749,South,Hyderabad,Home & Kitchen,Cookware Set,3,10328.39,0.1,Net Banking,Returning,No,30985.17,3098.517,27886.653
ORD303100,2025-01-28,CUST12943,Customer_12943,East,Delhi,Electronics,Wireless Headphones,2,23453.72,0.1,Net Banking,Returning,No,46907.44,4690.744000000001,42216.696
ORD303101,2024-09-08,CUST12739,Customer_12739,North,Hyderabad,Furniture,Study Table,1,7086.81,0.0,Cash,New,No,7086.81,0.0,7086.81
ORD303102,2024-05-08,CUST12730,Customer_12730,East,Vijayawada,Clothing,Jeans,1,1419.35,0.15,Credit Card,New,No,1419.35,212.90249999999997,1206.4475
ORD303103,2024-06-29,CUST12905,Customer_12905,North,Mumbai,Home & Kitchen,Cookware Set,1,4421.73,0.05,Cash,New,No,4421.73,221.0865,4200.643499999999
ORD303104,2025-07-15,CUST13319,Customer_13319,South,Delhi,Clothing,T-Shirt,3,1276.25,0.05,Cash,New,No,3828.75,191.4375,3637.3125
ORD303105,2024-03-29,CUST12294,Customer_12294,North,Pune,Home & Kitchen,Cookware Set,3,1498.7,0.05,Net Banking,New,No,4496.1,224.80500000000004,4271.295
ORD303106,2025-07-12,CUST12990,Customer_12990,East,Delhi,Home & Kitchen,Mixer Grinder,2,2396.52,0.1,Credit Card,Returning,No,4793.04,479.30400000000003,4313.736
ORD303107,2024-11-01,CUST12805,Customer_12805,West,Chennai,Electronics,Power Bank,2,14695.4,0.05,Debit Card,Returning,No,29390.8,1469.54,27921.26
ORD303108,2025-01-05,CUST13099,Customer_13099,West,Pune,Furniture,Study Table,4,13119.54,0.1,UPI,Returning,No,52478.16,5247.816000000001,47230.344000000005
ORD303109,2025-04-11,CUST12627,Customer_12627,North,Mumbai,Clothing,T-Shirt,2,2343.42,0.15,Credit Card,Returning,No,4686.84,703.026,3983.8140000000003
ORD303110,2025-09-22,CUST12501,Customer_12501,South,Chennai,Electronics,Smart Watch,2,23243.69,0.2,Credit Card,New,No,46487.38,9297.476,37189.903999999995
ORD303111,2024-04-16,CUST12226,Customer_12226,West,Vijayawada,Electronics,Wireless Headphones,1,7026.08,0.25,Credit Card,New,No,7026.08,1756.52,5269.5599999999995
ORD303112,2025-07-23,CUST12850,Customer_12850,East,Kolkata,Sports,Running Shoes,5,6488.64,0.05,Cash,Returning,No,32443.2,1622.16,30821.04
ORD303113,2025-03-01,CUST12888,Customer_12888,East,Bengaluru,Sports,Running Shoes,1,2817.36,0.1,Credit Card,Returning,No,2817.36,281.73600000000005,2535.6240000000003
ORD303114,2024-03-29,CUST12595,Customer_12595,South,Mumbai,Home & Kitchen,Mixer Grinder,1,565.58,0.0,Credit Card,Returning,No,565.58,0.0,565.58
ORD303115,2025-06-12,CUST13427,Customer_13427,East,Mumbai,Clothing,Formal Shirt,2,3016.25,0.0,Cash,New,No,6032.5,0.0,6032.5
ORD303116,2025-11-16,CUST13389,Customer_13389,West,Mumbai,Electronics,Smart Watch,6,2545.46,0.1,Debit Card,New,No,15272.76,1527.276,13745.484
ORD303117,2025-07-14,CUST12232,Customer_12232,South,Bengaluru,Home & Kitchen,Mixer Grinder,4,1152.44,0.0,Cash,Returning,No,4609.76,0.0,4609.76
ORD303118,2024-10-26,CUST12727,Customer_12727,West,Kolkata,Clothing,Jeans,4,3806.56,0.05,Debit Card,Returning,No,15226.24,761.312,14464.928
ORD303119,2025-10-07,CUST13364,Customer_13364,East,Vijayawada,Furniture,Study Table,1,19759.18,0.15,Cash,Returning,No,19759.18,2963.877,16795.303
ORD303120,2025-12-30,CUST12354,Customer_12354,East,Pune,Home & Kitchen,Cookware Set,1,5756.24,0.15,Net Banking,Returning,No,5756.24,863.4359999999999,4892.804
ORD303121,2024-04-08,CUST12310,Customer_12310,North,Bengaluru,Sports,Running Shoes,4,1986.17,0.15,Net Banking,Returning,No,7944.68,1191.702,6752.978
ORD303122,2024-12-28,CUST12110,Customer_12110,East,Vijayawada,Clothing,Jeans,3,3030.86,0.2,Debit Card,New,No,9092.58,1818.516,7274.064
ORD303123,2025-01-27,CUST13180,Customer_13180,South,Chennai,Furniture,Sofa,1,9342.56,0.25,Debit Card,New,No,9342.56,2335.64,7006.92
ORD303124,2024-03-07,CUST13186,Customer_13186,South,Vijayawada,Home & Kitchen,Bedsheet,1,10190.64,0.05,Cash,New,No,10190.64,509.532,9681.108
ORD303125,2024-11-25,CUST12738,Customer_12738,East,Hyderabad,Home & Kitchen,Water Bottle,1,8905.85,0.0,Debit Card,Returning,No,8905.85,0.0,8905.85
ORD303126,2024-01-31,CUST12958,Customer_12958,North,Mumbai,Home & Kitchen,Storage Box,4,5516.99,0.2,Cash,Returning,Yes,22067.96,4413.592,17654.368
ORD303127,2024-03-11,CUST13361,Customer_13361,East,Mumbai,Home & Kitchen,Mixer Grinder,5,6492.41,0.15,Cash,Returning,No,32462.05,4869.3075,27592.7425
ORD303128,2025-04-29,CUST13052,Customer_13052,East,Hyderabad,Sports,Football,3,1598.08,0.1,UPI,Returning,No,4794.24,479.424,4314.816
ORD303129,2024-07-28,CUST12646,Customer_12646,South,Bengaluru,Sports,Yoga Mat,1,7284.63,0.1,UPI,Returning,No,7284.63,728.4630000000001,6556.167
ORD303130,2024-02-04,CUST13112,Customer_13112,West,Chennai,Electronics,Smart Watch,3,8482.65,0.1,Cash,New,No,25447.949999999997,2544.795,22903.155
ORD303131,2025-08-30,CUST12135,Customer_12135,South,Vijayawada,Clothing,T-Shirt,1,2934.05,0.15,Net Banking,Returning,No,2934.05,440.1075,2493.9425
ORD303132,2025-12-11,CUST12944,Customer_12944,East,Bengaluru,Furniture,Sofa,1,3251.36,0.25,Debit Card,Returning,No,3251.36,812.84,2438.52
ORD303133,2025-07-04,CUST12299,Customer_12299,East,Kolkata,Furniture,Bookshelf,4,13537.32,0.15,Net Banking,Returning,No,54149.28,8122.392,46026.888
ORD303134,2025-06-21,CUST13137,Customer_13137,North,Chennai,Clothing,Sneakers,5,525.0,0.05,Debit Card,New,No,2625.0,131.25,2493.75
ORD303135,2025-08-19,CUST12664,Customer_12664,West,Mumbai,Home & Kitchen,Mixer Grinder,3,8716.76,0.0,Debit Card,Returning,No,26150.28,0.0,26150.28
ORD303136,2024-01-14,CUST12745,Customer_12745,South,Chennai,Sports,Running Shoes,1,2505.6,0.15,UPI,Returning,No,2505.6,375.84,2129.7599999999998
ORD303137,2025-09-14,CUST13500,Customer_13500,North,Kolkata,Electronics,Power Bank,3,4278.22,0.15,Cash,New,No,12834.66,1925.1989999999998,10909.461
ORD303138,2025-05-27,CUST12282,Customer_12282,North,Vijayawada,Clothing,Formal Shirt,6,2496.92,0.05,Net Banking,Returning,No,14981.52,749.076,14232.444
ORD303139,2024-07-05,CUST12820,Customer_12820,South,Kolkata,Clothing,Jeans,6,613.45,0.15,Cash,New,No,3680.7000000000003,552.105,3128.5950000000003
ORD303140,2024-09-16,CUST13450,Customer_13450,West,Mumbai,Electronics,Power Bank,6,21127.12,0.0,Net Banking,Returning,No,126762.72,0.0,126762.72
ORD303141,2024-09-14,CUST12660,Customer_12660,East,Mumbai,Furniture,Sofa,3,24371.27,0.05,UPI,Returning,No,73113.81,3655.6905,69458.1195
ORD303142,2024-10-21,CUST12137,Customer_12137,East,Delhi,Electronics,Power Bank,4,2466.45,0.05,Debit Card,Returning,No,9865.8,493.28999999999996,9372.509999999998
ORD303143,2025-05-10,CUST12034,Customer_12034,South,Bengaluru,Clothing,Formal Shirt,2,5107.55,0.0,Net Banking,New,No,10215.1,0.0,10215.1
ORD303144,2024-11-02,CUST12122,Customer_12122,North,Vijayawada,Clothing,Jacket,3,4244.69,0.05,Net Banking,Returning,No,12734.07,636.7035000000001,12097.3665
ORD303145,2024-01-10,CUST13367,Customer_13367,East,Kolkata,Clothing,Sneakers,2,2412.27,0.25,Net Banking,Returning,No,4824.54,1206.135,3618.4049999999997
ORD303146,2024-09-04,CUST12201,Customer_12201,North,Vijayawada,Electronics,USB Keyboard,3,4740.24,0.05,Debit Card,New,No,14220.72,711.0360000000001,13509.684
ORD303147,2025-12-15,CUST12739,Customer_12739,North,Hyderabad,Sports,Football,2,3568.19,0.25,Cash,Returning,No,7136.38,1784.095,5352.285
ORD303148,2025-11-17,CUST13444,Customer_13444,South,Pune,Electronics,Power Bank,1,20978.51,0.05,Net Banking,New,No,20978.51,1048.9255,19929.584499999997
ORD303149,2024-07-20,CUST12845,Customer_12845,South,Kolkata,Clothing,Jacket,3,2034.35,0.2,UPI,Returning,No,6103.049999999999,1220.61,4882.44
ORD303150,2025-01-18,CUST12259,Customer_12259,North,Kolkata,Furniture,Sofa,3,9243.67,0.05,Net Banking,Returning,No,27731.010000000002,1386.5505000000003,26344.4595
ORD303151,2024-09-22,CUST12913,Customer_12913,South,Delhi,Furniture,Study Table,1,14989.36,0.05,Cash,Returning,No,14989.36,749.4680000000001,14239.892
ORD303152,2024-07-12,CUST13425,Customer_13425,East,Vijayawada,Electronics,Smart Watch,3,2838.99,0.15,Debit Card,Returning,No,8516.97,1277.5455,7239.424499999999
ORD303153,2025-11-27,CUST12299,Customer_12299,West,Delhi,Home & Kitchen,Water Bottle,1,5187.26,0.0,Net Banking,Returning,No,5187.26,0.0,5187.26
ORD303154,2024-05-11,CUST12923,Customer_12923,North,Chennai,Clothing,T-Shirt,1,2688.4,0.05,Net Banking,New,No,2688.4,134.42000000000002,2553.98
ORD303155,2025-11-14,CUST13174,Customer_13174,South,Mumbai,Electronics,Bluetooth Speaker,6,13296.6,0.15,Cash,Returning,No,79779.6,11966.94,67812.66
ORD303156,2025-07-18,CUST13289,Customer_13289,South,Chennai,Sports,Running Shoes,1,6554.13,0.15,Net Banking,Returning,No,6554.13,983.1195,5571.0105
ORD303157,2024-08-30,CUST12694,Customer_12694,North,Bengaluru,Furniture,Coffee Table,2,28739.06,0.0,UPI,New,No,57478.12,0.0,57478.12
ORD303158,2025-11-02,CUST12968,Customer_12968,West,Bengaluru,Clothing,Jacket,2,2109.43,0.15,UPI,Returning,No,4218.86,632.829,3586.031
ORD303159,2024-12-18,CUST12072,Customer_12072,West,Bengaluru,Electronics,Power Bank,1,13933.89,0.25,Net Banking,Returning,No,13933.89,3483.4725,10450.4175
ORD303160,2025-04-10,CUST13382,Customer_13382,East,Pune,Furniture,Coffee Table,5,14601.51,0.15,Debit Card,Returning,No,73007.55,10951.1325,62056.4175
ORD303161,2024-02-14,CUST12273,Customer_12273,East,Hyderabad,Sports,Football,6,8348.76,0.0,Net Banking,New,No,50092.56,0.0,50092.56
ORD303162,2024-03-18,CUST12895,Customer_12895,East,Hyderabad,Electronics,Power Bank,6,2156.91,0.05,Cash,New,No,12941.46,647.073,12294.386999999999
ORD303163,2024-11-07,CUST12735,Customer_12735,South,Delhi,Home & Kitchen,Cookware Set,3,3002.63,0.0,Cash,Returning,No,9007.89,0.0,9007.89
ORD303164,2024-04-27,CUST12456,Customer_12456,South,Bengaluru,Clothing,T-Shirt,1,3521.64,0.05,Credit Card,Returning,No,3521.64,176.082,3345.558
ORD303165,2025-12-19,CUST12203,Customer_12203,East,Delhi,Furniture,Office Chair,6,13692.9,0.0,Credit Card,Returning,No,82157.4,0.0,82157.4
ORD303166,2025-12-16,CUST12134,Customer_12134,East,Kolkata,Electronics,Wireless Headphones,2,4437.25,0.05,Net Banking,New,Yes,8874.5,443.725,8430.775
ORD303167,2024-08-08,CUST13135,Customer_13135,North,Hyderabad,Sports,Dumbbells,4,4853.88,0.05,Debit Card,Returning,No,19415.52,970.7760000000001,18444.744
ORD303168,2024-09-06,CUST12868,Customer_12868,North,Bengaluru,Clothing,Jacket,1,4228.67,0.1,Debit Card,Returning,No,4228.67,422.867,3805.803
ORD303169,2025-04-09,CUST13131,Customer_13131,West,Pune,Furniture,Study Table,3,28211.36,0.15,Cash,Returning,No,84634.08,12695.112,71938.96800000001
ORD303170,2024-03-02,CUST13072,Customer_13072,North,Delhi,Electronics,USB Keyboard,1,5403.11,0.05,Debit Card,New,No,5403.11,270.1555,5132.9545
ORD303171,2024-04-01,CUST12829,Customer_12829,North,Bengaluru,Home & Kitchen,Water Bottle,6,7969.62,0.15,Cash,Returning,No,47817.72,7172.658,40645.062
ORD303172,2025-01-15,CUST12285,Customer_12285,South,Chennai,Clothing,T-Shirt,1,1826.37,0.1,Cash,New,Yes,1826.37,182.637,1643.733
ORD303173,2024-02-25,CUST12086,Customer_12086,North,Kolkata,Electronics,Smart Watch,2,12166.69,0.15,Credit Card,Returning,No,24333.38,3650.007,20683.373
ORD303174,2025-07-03,CUST12049,Customer_12049,West,Kolkata,Home & Kitchen,Water Bottle,2,7708.14,0.05,Cash,New,No,15416.28,770.8140000000001,14645.466
ORD303175,2024-09-10,CUST12256,Customer_12256,East,Pune,Furniture,Study Table,3,6695.9,,Credit Card,New,No,20087.699999999997,0.0,20087.699999999997
ORD303176,2024-04-22,CUST13022,Customer_13022,West,Vijayawada,Sports,Dumbbells,1,4651.06,0.05,Cash,Returning,No,4651.06,232.55300000000003,4418.5070000000005
ORD303177,2024-11-11,CUST12238,Customer_12238,West,Mumbai,Sports,Running Shoes,2,3297.51,0.05,UPI,New,No,6595.02,329.75100000000003,6265.269
ORD303178,2025-04-01,CUST13135,Customer_13135,West,Hyderabad,Furniture,Coffee Table,3,1803.22,0.0,Debit Card,New,No,5409.66,0.0,5409.66
ORD303179,2024-04-14,CUST12466,Customer_12466,South,Vijayawada,Home & Kitchen,Cookware Set,5,9241.63,0.05,Debit Card,Returning,No,46208.149999999994,2310.4075,43897.74249999999
ORD303180,2025-02-15,CUST12130,Customer_12130,North,Bengaluru,Home & Kitchen,Water Bottle,5,624.2,0.15,Cash,Returning,No,3121.0,468.15,2652.85
ORD303181,2025-05-26,CUST12033,Customer_12033,West,Kolkata,Sports,Dumbbells,5,3703.01,0.2,Debit Card,New,No,18515.050000000003,3703.0100000000007,14812.040000000003
ORD303182,2025-01-19,CUST12609,Customer_12609,East,Chennai,Furniture,Coffee Table,5,20253.5,0.1,UPI,Returning,No,101267.5,10126.75,91140.75
ORD303183,2025-10-02,CUST12897,Customer_12897,South,Chennai,Sports,Football,2,9490.3,0.05,Cash,New,No,18980.6,949.03,18031.57
ORD303184,2025-02-28,CUST12050,Customer_12050,East,Bengaluru,Clothing,Sneakers,3,2439.57,0.0,Credit Card,Returning,No,7318.710000000001,0.0,7318.710000000001
ORD303185,2025-08-07,CUST13242,Customer_13242,North,Chennai,Clothing,Sneakers,5,3400.36,0.05,Net Banking,New,No,17001.8,850.09,16151.71
ORD303186,2025-04-13,CUST12704,Customer_12704,West,Mumbai,Furniture,Study Table,1,6481.89,0.0,Net Banking,Returning,No,6481.89,0.0,6481.89
ORD303187,2025-08-27,CUST12248,Customer_12248,West,Kolkata,Clothing,Sneakers,2,2928.88,0.2,Net Banking,Returning,No,5857.76,1171.5520000000001,4686.2080000000005
ORD303188,2024-06-28,CUST12038,Customer_12038,East,Mumbai,Home & Kitchen,Storage Box,4,4687.9,0.15,Credit Card,Returning,No,18751.6,2812.74,15938.859999999999
ORD303189,2025-02-11,CUST13242,Customer_13242,West,Pune,Sports,Football,1,6074.5,0.15,Debit Card,New,No,6074.5,911.175,5163.325
ORD303190,2025-02-03,CUST12394,Customer_12394,East,Hyderabad,Furniture,Bookshelf,1,19151.92,0.1,UPI,Returning,No,19151.92,1915.192,17236.728
ORD303191,2025-01-11,CUST12307,Customer_12307,East,Chennai,Sports,Football,1,1273.12,0.15,Net Banking,Returning,No,1273.12,190.968,1082.1519999999998
ORD303192,2025-06-16,CUST12798,Customer_12798,South,Bengaluru,Sports,Football,4,6337.56,0.1,UPI,New,No,25350.24,2535.0240000000003,22815.216
ORD303193,2025-02-24,CUST13485,Customer_13485,West,Kolkata,Home & Kitchen,Storage Box,1,5739.89,0.1,UPI,New,No,5739.89,573.989,5165.901
ORD303194,2025-06-18,CUST12614,Customer_12614,North,Mumbai,Clothing,Jacket,1,2734.04,0.05,UPI,New,No,2734.04,136.702,2597.3379999999997
ORD303195,2025-04-30,CUST12399,Customer_12399,North,Chennai,Clothing,Jacket,4,4957.76,0.05,Net Banking,Returning,No,19831.04,991.5520000000001,18839.488
ORD303196,2025-07-10,CUST12948,Customer_12948,East,Vijayawada,Furniture,Coffee Table,3,5105.98,0.2,Net Banking,Returning,No,15317.939999999999,3063.5879999999997,12254.351999999999
ORD303197,2024-07-16,CUST12567,Customer_12567,West,Mumbai,Electronics,Bluetooth Speaker,2,10686.36,0.0,Credit Card,Returning,No,21372.72,0.0,21372.72
ORD303198,2025-09-06,CUST12197,Customer_12197,East,Hyderabad,Clothing,Jeans,3,3177.4,0.1,Credit Card,New,No,9532.2,953.2200000000001,8578.980000000001
ORD303199,2025-11-20,CUST12541,Customer_12541,West,Bengaluru,Clothing,Sneakers,4,3445.42,0.1,Net Banking,New,No,13781.68,1378.1680000000001,12403.512
ORD303200,2024-04-04,CUST13052,Customer_13052,West,Delhi,Home & Kitchen,Mixer Grinder,4,5468.03,0.05,Cash,Returning,No,21872.12,1093.606,20778.514
ORD303201,2025-12-22,CUST12326,Customer_12326,South,Vijayawada,Clothing,Jacket,3,4199.94,0.05,UPI,Returning,No,12599.82,629.991,11969.829
ORD303202,2025-01-06,CUST12423,Customer_12423,West,Kolkata,Sports,Yoga Mat,3,5516.51,0.1,Cash,Returning,No,16549.53,1654.953,14894.577
ORD303203,2025-04-13,CUST12853,Customer_12853,West,Pune,Furniture,Bookshelf,7,11248.55,0.1,Credit Card,New,No,78739.84999999999,7873.985,70865.86499999999
ORD303204,2024-11-17,CUST13288,Customer_13288,West,Pune,Furniture,Coffee Table,6,9708.1,0.0,Cash,New,No,58248.600000000006,0.0,58248.600000000006
ORD303205,2025-02-21,CUST12225,Customer_12225,East,Bengaluru,Sports,Yoga Mat,6,1854.78,0.1,Net Banking,Returning,No,11128.68,1112.8680000000002,10015.812
ORD303206,2025-11-02,CUST12862,Customer_12862,North,Hyderabad,Clothing,Jacket,1,1028.63,0.0,Debit Card,Returning,Yes,1028.63,0.0,1028.63
ORD303207,2024-06-07,CUST13121,Customer_13121,West,Chennai,Home & Kitchen,Storage Box,2,5685.65,0.2,Cash,Returning,No,11371.3,2274.2599999999998,9097.039999999999
ORD303208,2025-08-10,CUST12287,Customer_12287,North,Mumbai,Sports,Cricket Bat,2,8988.91,0.1,Debit Card,Returning,No,17977.82,1797.7820000000002,16180.038
ORD303209,2024-03-01,CUST12950,Customer_12950,West,Hyderabad,Sports,Cricket Bat,4,4073.56,0.05,Debit Card,Returning,No,16294.24,814.712,15479.528
ORD303210,2025-07-06,CUST12926,Customer_12926,West,Hyderabad,Clothing,T-Shirt,2,4006.18,0.05,UPI,Returning,No,8012.36,400.618,7611.741999999999
ORD303211,2024-06-08,CUST13063,Customer_13063,North,Delhi,Furniture,Coffee Table,1,11026.05,0.15,Net Banking,Returning,No,11026.05,1653.9074999999998,9372.1425
ORD303212,2024-08-21,CUST13109,Customer_13109,West,Pune,Home & Kitchen,Water Bottle,3,3478.93,0.05,UPI,New,No,10436.789999999999,521.8394999999999,9914.950499999999
ORD303213,2024-10-29,CUST12849,Customer_12849,East,Vijayawada,Clothing,Sneakers,3,1404.2,0.2,Credit Card,Returning,Yes,4212.6,842.5200000000001,3370.0800000000004
ORD303214,2025-10-04,CUST12697,Customer_12697,North,Mumbai,Clothing,Sneakers,7,2658.41,0.0,Debit Card,Returning,No,18608.87,0.0,18608.87
ORD303215,2025-04-05,CUST12294,Customer_12294,West,Chennai,Clothing,Jeans,1,3823.87,0.15,Net Banking,Returning,No,3823.87,573.5804999999999,3250.2895
ORD303216,2025-12-03,CUST13383,Customer_13383,South,Pune,Electronics,USB Keyboard,4,6510.3,0.15,Cash,Returning,No,26041.2,3906.18,22135.02
ORD303217,2024-06-12,CUST13495,Customer_13495,East,Hyderabad,Home & Kitchen,Cookware Set,1,7503.55,0.05,UPI,Returning,No,7503.55,375.1775,7128.3725
ORD303218,2024-04-20,CUST12017,Customer_12017,West,Bengaluru,Home & Kitchen,Storage Box,3,10207.04,0.05,Cash,Returning,No,30621.120000000003,1531.0560000000003,29090.064000000002
ORD303219,2024-12-25,CUST12551,Customer_12551,North,Pune,Electronics,Smart Watch,6,2975.78,0.1,Debit Card,New,No,17854.68,1785.468,16069.212
ORD303220,2025-01-09,CUST12421,Customer_12421,North,Kolkata,Home & Kitchen,Water Bottle,1,3754.46,0.1,Debit Card,Returning,No,3754.46,375.446,3379.014
ORD303221,2024-04-29,CUST13074,Customer_13074,North,Kolkata,Clothing,Jeans,5,4458.41,0.1,Credit Card,New,No,22292.05,2229.205,20062.845
ORD303222,2024-08-30,CUST13159,Customer_13159,West,Vijayawada,Home & Kitchen,Bedsheet,5,8155.92,0.1,Credit Card,Returning,No,40779.6,4077.96,36701.64
ORD303223,2024-06-29,CUST12998,Customer_12998,West,Kolkata,Electronics,Smart Watch,3,4510.18,0.1,Net Banking,Returning,No,13530.54,1353.054,12177.486
ORD303224,2025-01-12,CUST12473,Customer_12473,South,Pune,Home & Kitchen,Cookware Set,4,6486.54,0.25,Debit Card,New,No,25946.16,6486.54,19459.62
ORD303225,2025-08-24,CUST13285,Customer_13285,West,Kolkata,Clothing,T-Shirt,6,4644.48,0.05,UPI,New,Yes,27866.879999999997,1393.344,26473.535999999996
ORD303226,2024-03-29,CUST12469,Customer_12469,West,Delhi,Furniture,Bookshelf,1,4019.29,0.05,Cash,New,No,4019.29,200.96450000000002,3818.3255
ORD303227,2024-08-26,CUST12516,Customer_12516,West,Mumbai,Home & Kitchen,Water Bottle,1,9199.22,0.15,Cash,New,No,9199.22,1379.8829999999998,7819.3369999999995
ORD303228,2025-01-18,CUST12269,Customer_12269,East,Bengaluru,Furniture,Coffee Table,5,22822.73,0.1,Net Banking,Returning,No,114113.65,11411.365,102702.28499999999
ORD303229,2025-03-22,CUST12291,Customer_12291,South,Vijayawada,Sports,Football,1,6915.45,0.1,UPI,Returning,No,6915.45,691.5450000000001,6223.905
ORD303230,2025-05-20,CUST12488,Customer_12488,South,Vijayawada,Home & Kitchen,Cookware Set,1,1206.18,0.15,Net Banking,Returning,No,1206.18,180.927,1025.2530000000002
ORD303231,2024-08-27,CUST12097,Customer_12097,East,Hyderabad,Electronics,Bluetooth Speaker,3,9430.89,0.05,Net Banking,New,No,28292.67,1414.6335,26878.0365
ORD303232,2025-08-19,CUST13440,Customer_13440,East,Delhi,Furniture,Coffee Table,2,21464.15,0.1,Net Banking,Returning,No,42928.3,4292.830000000001,38635.47
ORD303233,2025-11-17,CUST13154,Customer_13154,North,Bengaluru,Furniture,Bookshelf,3,5035.85,0.1,Debit Card,New,No,15107.550000000001,1510.755,13596.795000000002
ORD303234,2024-02-15,CUST12658,Customer_12658,South,Bengaluru,Furniture,Office Chair,4,7650.71,0.05,Net Banking,Returning,No,30602.84,1530.142,29072.698
ORD303235,2025-11-05,CUST12374,Customer_12374,West,Hyderabad,Home & Kitchen,Bedsheet,2,4851.09,0.0,Debit Card,Returning,No,9702.18,0.0,9702.18
ORD303236,2025-10-12,CUST13320,Customer_13320,North,Hyderabad,Electronics,Wireless Headphones,7,3297.41,0.0,Net Banking,Returning,No,23081.87,0.0,23081.87
ORD303237,2025-06-05,CUST12147,Customer_12147,West,Hyderabad,Home & Kitchen,Cookware Set,2,7132.06,0.05,Net Banking,Returning,Yes,14264.12,713.2060000000001,13550.914
ORD303238,2024-01-17,CUST12883,Customer_12883,East,Kolkata,Furniture,Sofa,5,20739.34,0.1,Debit Card,Returning,No,103696.7,10369.67,93327.03
ORD303239,2025-12-23,CUST12026,Customer_12026,West,Vijayawada,Clothing,Jeans,2,5179.7,0.1,Debit Card,Returning,No,10359.4,1035.94,9323.46
ORD303240,2025-05-15,CUST13069,Customer_13069,South,Bengaluru,Electronics,Bluetooth Speaker,2,16751.04,0.15,Credit Card,Returning,Yes,33502.08,5025.312,28476.768000000004
ORD303241,2024-07-22,CUST12838,Customer_12838,West,Delhi,Electronics,Smart Watch,2,22158.67,0.0,Debit Card,New,No,44317.34,0.0,44317.34
ORD303242,2025-08-29,CUST13272,Customer_13272,West,Chennai,Furniture,Sofa,3,12909.27,0.05,Credit Card,New,No,38727.81,1936.3905,36791.419499999996
ORD303243,2025-09-21,CUST13018,Customer_13018,West,Chennai,Furniture,Sofa,2,28435.69,0.2,UPI,New,No,56871.38,11374.276,45497.104
ORD303244,2024-02-02,CUST12753,Customer_12753,South,Delhi,Home & Kitchen,Storage Box,2,3476.06,0.15,Net Banking,Returning,No,6952.12,1042.818,5909.302
ORD303245,2024-12-20,CUST12075,Customer_12075,North,Vijayawada,Clothing,Sneakers,2,2776.76,0.15,Credit Card,Returning,No,5553.52,833.028,4720.492
ORD303246,2024-08-03,CUST12961,Customer_12961,North,Chennai,Furniture,Office Chair,3,23799.43,0.0,Debit Card,Returning,No,71398.29000000001,0.0,71398.29000000001
ORD303247,2024-09-11,CUST12101,Customer_12101,West,Vijayawada,Sports,Running Shoes,5,6757.94,0.25,Credit Card,Returning,No,33789.7,8447.425,25342.274999999998
ORD303248,2025-11-03,CUST12978,Customer_12978,West,Bengaluru,Furniture,Sofa,5,22781.46,0.05,Debit Card,Returning,Yes,113907.29999999999,5695.365,108211.93499999998
ORD303249,2024-11-27,CUST13450,Customer_13450,West,Pune,Home & Kitchen,Mixer Grinder,2,10992.49,0.2,Debit Card,New,No,21984.98,4396.996,17587.984
ORD303250,2024-10-06,CUST12375,Customer_12375,North,Bengaluru,Electronics,Smart Watch,3,3604.36,0.05,Credit Card,Returning,No,10813.08,540.654,10272.426
ORD303251,2024-09-29,CUST12328,Customer_12328,South,Vijayawada,Electronics,Smart Watch,1,18976.93,0.15,Debit Card,New,No,18976.93,2846.5395,16130.390500000001
ORD303252,2024-11-04,CUST13247,Customer_13247,East,Mumbai,Furniture,Coffee Table,3,17159.25,0.0,Net Banking,Returning,No,51477.75,0.0,51477.75
ORD303253,2025-11-27,CUST13190,Customer_13190,West,Mumbai,Furniture,Study Table,3,12108.38,0.05,Debit Card,Returning,No,36325.14,1816.257,34508.883
ORD303254,2025-04-04,CUST12594,Customer_12594,East,Chennai,Clothing,Formal Shirt,3,1615.67,0.05,Net Banking,Returning,No,4847.01,242.3505,4604.6595
ORD303255,2024-03-12,CUST12388,Customer_12388,East,Delhi,Sports,Football,4,6997.23,0.0,Debit Card,New,No,27988.92,0.0,27988.92
ORD303256,2025-03-10,CUST12609,Customer_12609,East,Pune,Home & Kitchen,Bedsheet,3,1790.41,0.05,Net Banking,New,No,5371.2300000000005,268.5615,5102.668500000001
ORD303257,2024-03-14,CUST12756,Customer_12756,South,Mumbai,Sports,Cricket Bat,3,7082.37,0.1,UPI,New,No,21247.11,2124.7110000000002,19122.399
ORD303258,2024-08-20,CUST13102,Customer_13102,East,Bengaluru,Home & Kitchen,Bedsheet,1,4288.29,0.1,Debit Card,Returning,No,4288.29,428.829,3859.461
ORD303259,2024-04-22,CUST13145,Customer_13145,East,Chennai,Furniture,Sofa,4,3595.53,0.05,Cash,Returning,No,14382.12,719.1060000000001,13663.014000000001
ORD303260,2024-10-23,CUST13443,Customer_13443,East,Vijayawada,Sports,Yoga Mat,4,8872.8,0.15,Cash,Returning,Yes,35491.2,5323.679999999999,30167.519999999997
ORD303261,2025-11-14,CUST12919,Customer_12919,North,Kolkata,Furniture,Study Table,5,25546.84,0.15,Debit Card,New,No,127734.2,19160.129999999997,108574.07
ORD303262,2024-07-17,CUST12472,Customer_12472,West,Delhi,Furniture,Office Chair,3,7422.2,0.05,Net Banking,Returning,No,22266.6,1113.33,21153.269999999997
ORD303263,2025-12-12,CUST12109,Customer_12109,North,Pune,Sports,Yoga Mat,5,3598.37,0.0,UPI,New,No,17991.85,0.0,17991.85
ORD303264,2025-01-18,CUST13070,Customer_13070,North,Kolkata,Electronics,Wireless Headphones,5,13344.08,0.1,Credit Card,Returning,No,66720.4,6672.04,60048.35999999999
ORD303265,2024-10-01,CUST12300,Customer_12300,West,Bengaluru,Clothing,Jeans,1,1790.13,0.0,Debit Card,New,No,1790.13,0.0,1790.13
ORD303266,2024-11-09,CUST12903,Customer_12903,South,Bengaluru,Electronics,Smart Watch,2,4909.58,0.1,Credit Card,New,No,9819.16,981.916,8837.244
ORD303267,2025-09-19,CUST13128,Customer_13128,South,Pune,Electronics,USB Keyboard,2,22944.67,0.0,Net Banking,New,Yes,45889.34,0.0,45889.34
ORD303268,2025-01-16,CUST12893,Customer_12893,South,Delhi,Home & Kitchen,Bedsheet,1,1932.93,0.05,Net Banking,Returning,No,1932.93,96.6465,1836.2835
ORD303269,2025-10-16,CUST13069,Customer_13069,South,Delhi,Electronics,Bluetooth Speaker,1,9869.88,0.05,Cash,Returning,No,9869.88,493.49399999999997,9376.385999999999
ORD303270,2024-06-22,CUST12405,Customer_12405,South,Mumbai,Home & Kitchen,Storage Box,6,2861.9,0.05,Net Banking,New,No,17171.4,858.5700000000002,16312.830000000002
ORD303271,2024-05-28,CUST13371,Customer_13371,East,Vijayawada,Sports,Football,3,3104.44,0.1,Cash,Returning,No,9313.32,931.332,8381.988
ORD303272,2024-05-12,CUST12247,Customer_12247,North,Kolkata,Clothing,Formal Shirt,7,1905.91,0.1,Credit Card,Returning,No,13341.37,1334.1370000000002,12007.233
ORD303273,2025-02-09,CUST12183,Customer_12183,East,Hyderabad,Furniture,Office Chair,1,1865.63,0.15,Cash,Returning,No,1865.63,279.8445,1585.7855000000002
ORD303274,2024-08-08,CUST13051,Customer_13051,South,Vijayawada,Clothing,Sneakers,4,2814.92,0.05,Net Banking,Returning,No,11259.68,562.984,10696.696
ORD303275,2025-02-16,CUST12474,Customer_12474,East,Bengaluru,Sports,Running Shoes,1,6278.36,0.25,Credit Card,Returning,No,6278.36,1569.59,4708.7699999999995
ORD303276,2024-02-21,CUST13152,Customer_13152,South,Hyderabad,Furniture,Study Table,2,6658.9,0.1,Debit Card,Returning,No,13317.8,1331.78,11986.019999999999
ORD303277,2025-08-08,CUST13373,Customer_13373,East,Delhi,Clothing,Formal Shirt,3,4529.69,0.15,Debit Card,New,No,13589.07,2038.3604999999998,11550.7095
ORD303278,2024-12-21,CUST13388,Customer_13388,East,Pune,Furniture,Bookshelf,3,2051.62,0.0,Debit Card,New,No,6154.86,0.0,6154.86
ORD303279,2024-06-28,CUST13016,Customer_13016,East,Chennai,Home & Kitchen,Cookware Set,1,4914.85,0.1,Credit Card,Returning,No,4914.85,491.48500000000007,4423.365000000001
ORD303280,2024-04-22,CUST13330,Customer_13330,South,Delhi,Electronics,USB Keyboard,3,13692.74,0.15,Cash,Returning,No,41078.22,6161.733,34916.487
ORD303281,2024-12-16,CUST13231,Customer_13231,North,Hyderabad,Sports,Football,2,4689.54,0.25,Net Banking,Returning,No,9379.08,2344.77,7034.3099999999995
ORD303282,2024-05-27,CUST12253,Customer_12253,South,Delhi,Furniture,Coffee Table,2,25067.25,0.15,Credit Card,New,No,50134.5,7520.174999999999,42614.325
ORD303283,2024-08-19,CUST13243,Customer_13243,East,Vijayawada,Home & Kitchen,Storage Box,3,1742.21,0.0,Credit Card,Returning,No,5226.63,0.0,5226.63
ORD303284,2024-09-28,CUST13022,Customer_13022,East,Hyderabad,Furniture,Study Table,3,25593.22,0.05,Debit Card,Returning,No,76779.66,3838.983,72940.677
ORD303285,2024-06-26,CUST12624,Customer_12624,West,Hyderabad,Home & Kitchen,Bedsheet,6,6272.37,0.15,Net Banking,New,No,37634.22,5645.133,31989.087
ORD303286,2024-04-25,CUST12563,Customer_12563,South,Chennai,Sports,Football,5,3703.99,0.2,Cash,Returning,No,18519.949999999997,3703.99,14815.959999999997
ORD303287,2024-11-16,CUST12419,Customer_12419,East,Hyderabad,Home & Kitchen,Storage Box,3,1767.23,0.1,UPI,Returning,No,5301.6900000000005,530.1690000000001,4771.521000000001
ORD303288,2025-01-14,CUST12404,Customer_12404,East,Vijayawada,Clothing,Sneakers,2,2162.33,0.2,Cash,Returning,No,4324.66,864.932,3459.728
ORD303289,2024-06-11,CUST12046,Customer_12046,South,Vijayawada,Sports,Yoga Mat,1,2741.39,0.15,UPI,New,No,2741.39,411.20849999999996,2330.1814999999997
ORD303290,2025-05-04,CUST12432,Customer_12432,North,Kolkata,Sports,Running Shoes,1,1158.96,0.05,Cash,New,No,1158.96,57.94800000000001,1101.012
ORD303291,2024-08-26,CUST12698,Customer_12698,West,Vijayawada,Sports,Cricket Bat,2,6381.88,0.15,Net Banking,Returning,No,12763.76,1914.5639999999999,10849.196
ORD303292,2025-12-09,CUST12867,Customer_12867,North,Vijayawada,Sports,Yoga Mat,4,7116.32,0.2,Credit Card,Returning,No,28465.28,5693.0560000000005,22772.224
ORD303293,2025-10-22,CUST13170,Customer_13170,South,Delhi,Clothing,T-Shirt,6,4871.13,0.05,Debit Card,Returning,No,29226.78,1461.339,27765.441
ORD303294,2024-09-08,CUST12627,Customer_12627,West,Hyderabad,Sports,Running Shoes,4,7281.83,0.15,Credit Card,Returning,No,29127.32,4369.098,24758.222
ORD303295,2025-12-19,CUST13177,Customer_13177,South,Vijayawada,Sports,Yoga Mat,2,4284.29,0.0,UPI,New,No,8568.58,0.0,8568.58
ORD303296,2025-10-14,CUST12294,Customer_12294,North,Kolkata,Home & Kitchen,Bedsheet,2,10427.27,0.15,Cash,Returning,No,20854.54,3128.181,17726.359
ORD303297,2024-11-20,CUST12868,Customer_12868,South,Bengaluru,Electronics,Power Bank,2,10043.07,0.15,UPI,Returning,No,20086.14,3012.921,17073.219
ORD303298,2024-07-09,CUST12787,Customer_12787,North,Mumbai,Home & Kitchen,Mixer Grinder,2,8377.07,0.0,Cash,Returning,No,16754.14,0.0,16754.14
ORD303299,2025-02-10,CUST12581,Customer_12581,North,Pune,Furniture,Bookshelf,2,24346.56,0.1,UPI,Returning,Yes,48693.12,4869.312000000001,43823.808000000005
ORD303300,2025-04-21,CUST12312,Customer_12312,West,Mumbai,Sports,Cricket Bat,1,5364.71,0.2,Net Banking,Returning,No,5364.71,1072.942,4291.768
ORD303301,2024-01-27,CUST12064,Customer_12064,South,Chennai,Sports,Running Shoes,1,8354.9,0.0,Credit Card,Returning,No,8354.9,0.0,8354.9
ORD303302,2024-11-24,CUST12717,Customer_12717,North,Chennai,Sports,Football,1,8815.2,0.15,Debit Card,Returning,No,8815.2,1322.28,7492.920000000001
ORD303303,2024-06-16,CUST12924,Customer_12924,North,Pune,Electronics,USB Keyboard,2,6951.83,0.05,Debit Card,New,No,13903.66,695.183,13208.476999999999
ORD303304,2025-09-16,CUST12307,Customer_12307,East,Vijayawada,Furniture,Study Table,1,8076.6,0.05,Credit Card,Returning,No,8076.6,403.83000000000004,7672.77
ORD303305,2025-03-16,CUST12773,Customer_12773,East,Chennai,Sports,Yoga Mat,3,2319.55,0.2,UPI,Returning,No,6958.650000000001,1391.7300000000002,5566.92
ORD303306,2025-03-15,CUST12887,Customer_12887,North,Delhi,Home & Kitchen,Mixer Grinder,3,6356.72,0.1,Credit Card,New,No,19070.16,1907.016,17163.144
ORD303307,2024-05-06,CUST12810,Customer_12810,East,Mumbai,Electronics,USB Keyboard,3,8366.06,0.1,UPI,Returning,No,25098.18,2509.818,22588.362
ORD303308,2024-03-13,CUST12927,Customer_12927,South,Hyderabad,Furniture,Coffee Table,4,26453.93,0.1,Credit Card,Returning,No,105815.72,10581.572,95234.148
ORD303309,2025-07-06,CUST12901,Customer_12901,East,Pune,Electronics,Power Bank,2,21524.27,0.05,UPI,New,No,43048.54,2152.427,40896.113
ORD303310,2024-11-09,CUST12496,Customer_12496,South,Mumbai,Sports,Cricket Bat,1,6331.46,0.1,UPI,Returning,No,6331.46,633.1460000000001,5698.314
ORD303311,2024-06-23,CUST12837,Customer_12837,North,Delhi,Home & Kitchen,Bedsheet,1,6738.94,0.1,Net Banking,Returning,No,6738.94,673.894,6065.045999999999
ORD303312,2024-08-25,CUST12886,Customer_12886,East,Bengaluru,Home & Kitchen,Cookware Set,4,641.79,0.05,Net Banking,Returning,No,2567.16,128.358,2438.8019999999997
ORD303313,2024-06-20,CUST12732,Customer_12732,West,,Electronics,USB Keyboard,3,20747.77,0.1,Net Banking,New,No,62243.31,6224.331,56018.979
ORD303314,2024-02-05,CUST12398,Customer_12398,East,Bengaluru,Home & Kitchen,Cookware Set,3,4252.69,0.2,Net Banking,Returning,No,12758.07,2551.614,10206.456
ORD303315,2024-05-09,CUST12458,Customer_12458,North,Bengaluru,Electronics,Bluetooth Speaker,1,21639.45,0.2,Credit Card,Returning,Yes,21639.45,4327.89,17311.56
ORD303316,2024-07-28,CUST12897,Customer_12897,South,Mumbai,Home & Kitchen,Water Bottle,5,2245.22,0.05,Credit Card,Returning,No,11226.099999999999,561.305,10664.794999999998
ORD303317,2024-09-06,CUST13338,Customer_13338,West,Delhi,Clothing,T-Shirt,1,1153.96,0.05,Debit Card,Returning,No,1153.96,57.69800000000001,1096.262
ORD303318,2025-07-15,CUST12164,Customer_12164,South,Pune,Sports,Yoga Mat,4,1695.36,0.05,Debit Card,Returning,No,6781.44,339.072,6442.3679999999995
ORD303319,2024-04-26,CUST12403,Customer_12403,North,Kolkata,Clothing,Jeans,3,792.35,0.15,Debit Card,New,No,2377.05,356.5575,2020.4925000000003
ORD303320,2025-06-24,CUST12789,Customer_12789,South,Bengaluru,Electronics,Power Bank,3,14069.96,0.15,Cash,Returning,No,42209.88,6331.481999999999,35878.398
ORD303321,2024-10-16,CUST12667,Customer_12667,West,Delhi,Sports,Dumbbells,1,1065.11,0.0,Credit Card,New,No,1065.11,0.0,1065.11
ORD303322,2024-07-20,CUST13138,Customer_13138,North,Kolkata,Clothing,Jeans,5,798.97,0.15,Debit Card,New,No,3994.8500000000004,599.2275000000001,3395.6225000000004
ORD303323,2024-11-21,CUST13459,Customer_13459,North,Chennai,Electronics,USB Keyboard,4,7897.66,0.1,Debit Card,New,No,31590.64,3159.0640000000003,28431.576
ORD303324,2025-12-07,CUST12367,Customer_12367,East,Kolkata,Furniture,Bookshelf,2,8138.12,0.05,Cash,New,No,16276.24,813.812,15462.428
ORD303325,2025-09-02,CUST12505,Customer_12505,East,Delhi,Home & Kitchen,Water Bottle,7,2753.61,0.1,Cash,New,No,19275.27,1927.527,17347.743000000002
ORD303326,2025-04-05,CUST12052,Customer_12052,East,Delhi,Furniture,Study Table,3,24563.58,0.15,Net Banking,Returning,No,73690.74,11053.611,62637.129
ORD303327,2025-06-21,CUST13126,Customer_13126,North,Pune,Sports,Cricket Bat,2,4976.88,0.05,Credit Card,New,No,9953.76,497.68800000000005,9456.072
ORD303328,2025-03-31,CUST13083,Customer_13083,West,Mumbai,Electronics,Smart Watch,4,13598.03,0.1,Net Banking,New,No,54392.12,5439.212,48952.908
ORD303329,2025-06-15,CUST13047,Customer_13047,West,Pune,Furniture,Sofa,6,18538.25,0.15,Credit Card,New,No,111229.5,16684.425,94545.075
ORD303330,2025-03-27,CUST12289,Customer_12289,East,Delhi,Sports,Running Shoes,3,5575.83,0.0,UPI,Returning,No,16727.489999999998,0.0,16727.489999999998
ORD303331,2025-04-26,CUST12667,Customer_12667,North,Delhi,Electronics,Bluetooth Speaker,2,4147.87,0.15,UPI,New,Yes,8295.74,1244.3609999999999,7051.379
ORD303332,2024-11-09,CUST12218,Customer_12218,West,Hyderabad,Electronics,Wireless Headphones,6,15978.07,0.1,UPI,New,No,95868.42,9586.842,86281.578
ORD303333,2025-03-30,CUST12728,Customer_12728,East,Bengaluru,Electronics,USB Keyboard,1,5007.31,0.2,UPI,New,No,5007.31,1001.4620000000001,4005.8480000000004
ORD303334,2024-02-15,CUST13308,Customer_13308,North,Pune,Furniture,Office Chair,5,19402.01,0.05,UPI,Returning,No,97010.04999999999,4850.5025,92159.54749999999
ORD303335,2024-06-12,CUST13124,Customer_13124,South,Vijayawada,Home & Kitchen,Cookware Set,5,8937.25,0.0,Credit Card,New,No,44686.25,0.0,44686.25
ORD303336,2024-03-10,CUST12079,Customer_12079,West,Kolkata,Sports,Cricket Bat,5,2156.17,0.05,Debit Card,Returning,No,10780.85,539.0425,10241.8075
ORD303337,2025-05-28,CUST12895,Customer_12895,West,Pune,Sports,Yoga Mat,4,5142.23,0.25,UPI,Returning,No,20568.92,5142.23,15426.689999999999
ORD303338,2025-08-25,CUST12270,Customer_12270,South,Bengaluru,Electronics,Smart Watch,3,11776.94,0.0,Debit Card,Returning,No,35330.82,0.0,35330.82
ORD303339,2025-08-12,CUST12886,Customer_12886,East,Delhi,Sports,Cricket Bat,3,2278.73,0.05,Debit Card,Returning,No,6836.1900000000005,341.80950000000007,6494.3805
ORD303340,2025-05-05,CUST12109,Customer_12109,North,Vijayawada,Clothing,Formal Shirt,2,4493.83,0.1,Credit Card,Returning,Yes,8987.66,898.7660000000001,8088.894
ORD303341,2025-04-05,CUST12914,Customer_12914,South,Hyderabad,Home & Kitchen,Bedsheet,3,6082.72,0.0,Credit Card,Returning,No,18248.16,0.0,18248.16
ORD303342,2024-05-31,CUST12585,Customer_12585,South,Pune,Sports,Yoga Mat,1,1123.21,0.05,Credit Card,New,Yes,1123.21,56.160500000000006,1067.0495
ORD303343,2025-12-05,CUST12457,Customer_12457,West,Kolkata,Furniture,Coffee Table,2,28380.66,0.0,Cash,Returning,No,56761.32,0.0,56761.32
ORD303344,2025-09-08,CUST12686,Customer_12686,North,Vijayawada,Clothing,Formal Shirt,1,4491.69,0.15,UPI,Returning,No,4491.69,673.7534999999999,3817.9365
ORD303345,2024-03-25,CUST12476,Customer_12476,North,Pune,Home & Kitchen,Water Bottle,5,3024.99,0.05,Net Banking,Returning,Yes,15124.949999999999,756.2475,14368.7025
ORD303346,2025-07-29,CUST12537,Customer_12537,South,Kolkata,Clothing,Jacket,2,1208.53,0.2,Cash,Returning,No,2417.06,483.41200000000003,1933.648
ORD303347,2024-03-22,CUST12296,Customer_12296,North,Pune,Electronics,Bluetooth Speaker,4,15717.7,0.05,Debit Card,Returning,No,62870.8,3143.5400000000004,59727.26
ORD303348,2025-06-14,CUST12783,Customer_12783,South,Vijayawada,Home & Kitchen,Water Bottle,3,10803.92,0.05,Cash,New,No,32411.760000000002,1620.5880000000002,30791.172000000002
ORD303349,2024-07-30,CUST13323,Customer_13323,East,Chennai,Clothing,T-Shirt,6,2941.75,0.25,Net Banking,New,No,17650.5,4412.625,13237.875
ORD303350,2025-06-15,CUST13349,Customer_13349,South,Kolkata,Home & Kitchen,Bedsheet,1,1338.57,0.1,Net Banking,New,No,1338.57,133.857,1204.713
ORD303351,2025-09-30,CUST12304,Customer_12304,South,Mumbai,Clothing,T-Shirt,1,5787.65,0.1,Net Banking,New,No,5787.65,578.765,5208.884999999999
ORD303352,2025-01-07,CUST13462,Customer_13462,North,Kolkata,Electronics,Wireless Headphones,1,18982.28,0.2,Cash,Returning,No,18982.28,3796.456,15185.823999999999
ORD303353,2025-01-03,CUST12986,Customer_12986,East,Kolkata,Electronics,Power Bank,1,10481.54,0.05,UPI,Returning,No,10481.54,524.0770000000001,9957.463000000002
ORD303354,2024-05-23,CUST13377,Customer_13377,North,Chennai,Sports,Football,1,6773.2,0.1,Cash,New,No,6773.2,677.32,6095.88
ORD303355,2025-01-25,CUST13302,Customer_13302,West,Hyderabad,Home & Kitchen,Mixer Grinder,1,2678.75,0.1,Cash,New,No,2678.75,267.875,2410.875
ORD303356,2024-09-25,CUST12017,Customer_12017,North,Bengaluru,Electronics,Power Bank,2,951.01,0.0,Net Banking,Returning,No,1902.02,0.0,1902.02
ORD303357,2024-03-14,CUST12308,Customer_12308,North,Mumbai,Furniture,Study Table,3,3671.95,0.0,Debit Card,Returning,No,11015.849999999999,0.0,11015.849999999999
ORD303358,2024-02-10,CUST12723,Customer_12723,North,Delhi,Home & Kitchen,Storage Box,2,7781.26,0.2,Cash,Returning,Yes,15562.52,3112.5040000000004,12450.016
ORD303359,2024-08-18,CUST12695,Customer_12695,South,Pune,Furniture,Bookshelf,3,13823.56,0.15,Debit Card,New,No,41470.68,6220.602,35250.078
ORD303360,2025-09-01,CUST12549,Customer_12549,North,Vijayawada,Furniture,Coffee Table,3,15290.39,0.1,Credit Card,New,No,45871.17,4587.117,41284.053
ORD303361,2024-07-22,CUST12294,Customer_12294,South,Delhi,Furniture,Sofa,4,17422.72,0.05,Net Banking,New,No,69690.88,3484.5440000000003,66206.33600000001
ORD303362,2025-11-15,CUST12691,Customer_12691,South,Chennai,Home & Kitchen,Storage Box,2,2669.35,0.25,Debit Card,Returning,No,5338.7,1334.675,4004.0249999999996
ORD303363,2024-05-18,CUST13158,Customer_13158,West,Hyderabad,Electronics,Bluetooth Speaker,3,3033.26,0.15,Cash,Returning,No,9099.78,1364.967,7734.813
ORD303364,2024-04-10,CUST13119,Customer_13119,East,Hyderabad,Electronics,Wireless Headphones,6,6569.61,0.05,Cash,Returning,Yes,39417.659999999996,1970.8829999999998,37446.776999999995
ORD303365,2025-03-12,CUST13191,Customer_13191,North,Pune,Electronics,Bluetooth Speaker,4,6536.09,0.15,Net Banking,New,No,26144.36,3921.654,22222.706000000002
ORD303366,2025-05-04,CUST12557,Customer_12557,East,Delhi,Sports,Yoga Mat,4,7602.33,0.15,Cash,Returning,No,30409.32,4561.398,25847.922
ORD303367,2025-11-08,CUST12021,Customer_12021,North,Bengaluru,Furniture,Coffee Table,5,8548.73,0.0,Cash,New,Yes,42743.649999999994,0.0,42743.649999999994
ORD303368,2024-08-24,CUST13254,Customer_13254,West,Pune,Clothing,Jeans,1,1823.5,0.05,UPI,Returning,No,1823.5,91.17500000000001,1732.325
ORD303369,2025-10-07,CUST12121,Customer_12121,North,Hyderabad,Electronics,Wireless Headphones,1,8249.47,0.05,Debit Card,Returning,No,8249.47,412.4735,7836.996499999999
ORD303370,2024-02-14,CUST12495,Customer_12495,North,Chennai,Furniture,Coffee Table,3,7685.88,0.0,Credit Card,New,No,23057.64,0.0,23057.64
ORD303371,2025-05-30,CUST13271,Customer_13271,East,Delhi,Sports,Cricket Bat,1,939.43,0.1,Cash,Returning,No,939.43,93.943,845.487
ORD303372,2025-10-07,CUST12569,Customer_12569,West,Pune,Electronics,Smart Watch,2,21085.09,0.0,Debit Card,New,Yes,42170.18,0.0,42170.18
ORD303373,2024-07-14,CUST12185,Customer_12185,North,Delhi,Sports,Yoga Mat,1,7029.4,0.1,UPI,Returning,No,7029.4,702.94,6326.459999999999
ORD303374,2024-04-21,CUST12534,Customer_12534,North,Pune,Furniture,Study Table,3,11793.39,0.05,Debit Card,Returning,No,35380.17,1769.0085,33611.1615
ORD303375,2025-11-24,CUST12173,Customer_12173,East,Delhi,Electronics,Bluetooth Speaker,4,4159.43,0.2,Net Banking,Returning,No,16637.72,3327.5440000000003,13310.176000000001
ORD303376,2024-03-24,CUST12282,Customer_12282,North,Kolkata,Furniture,Office Chair,3,18468.77,0.05,UPI,Returning,No,55406.31,2770.3155,52635.9945
ORD303377,2024-07-10,CUST12326,Customer_12326,North,Mumbai,Furniture,Study Table,4,4336.68,0.1,Debit Card,Returning,No,17346.72,1734.6720000000003,15612.048
ORD303378,2024-04-23,CUST13350,Customer_13350,South,Mumbai,Home & Kitchen,Cookware Set,3,6059.58,0.0,UPI,Returning,No,18178.739999999998,0.0,18178.739999999998
ORD303379,2025-10-30,CUST12797,Customer_12797,East,Pune,Electronics,Bluetooth Speaker,5,5709.62,0.05,Credit Card,New,No,28548.1,1427.405,27120.695
ORD303380,2024-09-19,CUST12870,Customer_12870,South,Hyderabad,Home & Kitchen,Cookware Set,1,1844.7,0.0,UPI,Returning,No,1844.7,0.0,1844.7
ORD303381,2024-04-30,CUST13321,Customer_13321,South,Hyderabad,Home & Kitchen,Water Bottle,6,1093.66,0.0,Debit Card,New,No,6561.960000000001,0.0,6561.960000000001
ORD303382,2025-01-03,CUST12954,Customer_12954,South,Kolkata,Sports,Yoga Mat,3,5476.79,0.2,UPI,Returning,Yes,16430.37,3286.074,13144.295999999998
ORD303383,2025-10-17,CUST12972,Customer_12972,South,Pune,Home & Kitchen,Cookware Set,3,4578.83,0.05,Cash,Returning,No,13736.49,686.8245000000001,13049.6655
ORD303384,2024-12-15,CUST12336,Customer_12336,East,Delhi,Home & Kitchen,Cookware Set,3,1677.56,0.0,Debit Card,Returning,No,5032.68,0.0,5032.68
ORD303385,2024-03-30,CUST12814,Customer_12814,West,Mumbai,Home & Kitchen,Cookware Set,1,11103.86,0.1,UPI,New,No,11103.86,1110.3860000000002,9993.474
ORD303386,2025-04-17,CUST12904,Customer_12904,East,Chennai,Furniture,Study Table,3,14708.93,0.1,UPI,New,No,44126.79,4412.679,39714.111000000004
ORD303387,2025-11-10,CUST13489,Customer_13489,South,Kolkata,Home & Kitchen,Storage Box,1,9724.83,0.15,Cash,Returning,No,9724.83,1458.7245,8266.1055
ORD303388,2024-08-10,CUST12798,Customer_12798,East,Chennai,Electronics,USB Keyboard,1,22668.53,0.1,Credit Card,Returning,Yes,22668.53,2266.853,20401.677
ORD303389,2024-06-16,CUST12599,Customer_12599,South,Mumbai,Sports,Dumbbells,3,3212.24,0.05,Debit Card,New,No,9636.72,481.836,9154.884
ORD303390,2025-03-29,CUST13170,Customer_13170,North,Hyderabad,Clothing,Sneakers,1,2054.77,0.0,Debit Card,Returning,No,2054.77,0.0,2054.77
ORD303391,2024-06-14,CUST12923,Customer_12923,West,Pune,Electronics,Power Bank,1,12831.97,0.2,Debit Card,Returning,No,12831.97,2566.3940000000002,10265.576
ORD303392,2025-03-30,CUST12657,Customer_12657,North,Vijayawada,Home & Kitchen,Water Bottle,7,3848.13,0.05,Cash,Returning,Yes,26936.91,1346.8455000000001,25590.0645
ORD303393,2025-10-26,CUST12875,Customer_12875,South,Vijayawada,Sports,Dumbbells,1,4603.12,0.05,Net Banking,Returning,No,4603.12,230.156,4372.964
ORD303394,2024-07-04,CUST12670,Customer_12670,West,Chennai,Home & Kitchen,Mixer Grinder,1,2021.65,0.1,Credit Card,Returning,No,2021.65,202.16500000000002,1819.4850000000001
ORD303395,2024-09-05,CUST12889,Customer_12889,East,Bengaluru,Home & Kitchen,Water Bottle,5,1842.54,0.05,Debit Card,New,No,9212.7,460.63500000000005,8752.065
ORD303396,2024-05-05,CUST12628,Customer_12628,West,Pune,Clothing,T-Shirt,2,627.65,0.1,Cash,Returning,Yes,1255.3,125.53,1129.77
ORD303397,2025-12-24,CUST13148,Customer_13148,East,Pune,Electronics,Smart Watch,2,12332.18,0.1,Cash,Returning,No,24664.36,2466.436,22197.924
ORD303398,2025-09-27,CUST13027,Customer_13027,West,Bengaluru,Electronics,Bluetooth Speaker,1,18725.15,0.0,Net Banking,Returning,No,18725.15,0.0,18725.15
ORD303399,2024-04-13,CUST13044,Customer_13044,North,Chennai,Home & Kitchen,Cookware Set,2,2179.6,0.1,Net Banking,New,No,4359.2,435.92,3923.2799999999997
ORD303400,2024-02-23,CUST12519,Customer_12519,West,Delhi,Electronics,Bluetooth Speaker,3,11001.01,0.15,Debit Card,New,No,33003.03,4950.4545,28052.5755
ORD303401,2025-03-10,CUST13367,Customer_13367,North,Kolkata,Home & Kitchen,Cookware Set,3,9139.9,0.2,UPI,New,No,27419.699999999997,5483.94,21935.76
ORD303402,2024-05-01,CUST12097,Customer_12097,West,Vijayawada,Furniture,Office Chair,2,19555.85,0.05,UPI,Returning,No,39111.7,1955.585,37156.115
ORD303403,2025-06-16,CUST12176,Customer_12176,South,Vijayawada,Electronics,Power Bank,1,22227.09,0.0,UPI,Returning,No,22227.09,0.0,22227.09
ORD303404,2024-03-09,CUST12574,Customer_12574,East,Bengaluru,Sports,Dumbbells,4,2448.14,0.05,Cash,New,No,9792.56,489.628,9302.931999999999
ORD303405,2025-07-09,CUST13126,Customer_13126,North,Bengaluru,Electronics,Power Bank,3,2479.68,0.05,Debit Card,New,No,7439.039999999999,371.952,7067.087999999999
ORD303406,2025-11-01,CUST12878,Customer_12878,North,Pune,Sports,Running Shoes,5,5471.18,0.1,Debit Card,Returning,Yes,27355.9,2735.59,24620.31
ORD303407,2024-04-17,CUST12918,Customer_12918,West,Mumbai,Furniture,Office Chair,4,3368.77,0.2,Credit Card,New,No,13475.08,2695.016,10780.064
ORD303408,2025-12-20,CUST13111,Customer_13111,East,Mumbai,Clothing,Jacket,1,4460.21,0.05,Cash,New,No,4460.21,223.0105,4237.1995
ORD303409,2025-12-19,CUST12424,Customer_12424,North,Kolkata,Sports,Running Shoes,1,6898.97,0.05,Credit Card,Returning,No,6898.97,344.9485,6554.0215
ORD303410,2025-08-07,CUST13034,Customer_13034,North,Chennai,Clothing,Jacket,2,5795.13,0.1,UPI,Returning,No,11590.26,1159.026,10431.234
ORD303411,2025-10-03,CUST12509,Customer_12509,North,Bengaluru,Electronics,Bluetooth Speaker,4,19637.32,0.05,UPI,Returning,No,78549.28,3927.464,74621.81599999999
ORD303412,2024-07-13,CUST12840,Customer_12840,West,Hyderabad,Clothing,Formal Shirt,1,2548.5,0.1,Credit Card,Returning,No,2548.5,254.85000000000002,2293.65
ORD303413,2024-11-02,CUST13354,Customer_13354,West,Pune,Clothing,Jacket,1,634.13,0.1,Debit Card,Returning,No,634.13,63.413000000000004,570.717
ORD303414,2024-02-03,CUST12301,Customer_12301,West,Delhi,Electronics,Smart Watch,5,16269.2,0.2,Credit Card,New,No,81346.0,16269.2,65076.8
ORD303415,2025-11-22,CUST13068,Customer_13068,East,Bengaluru,Furniture,Bookshelf,4,28722.99,0.05,UPI,New,No,114891.96,5744.598000000001,109147.36200000001
ORD303416,2024-06-13,CUST12353,Customer_12353,West,Kolkata,Furniture,Office Chair,3,17093.94,0.05,Debit Card,Returning,No,51281.81999999999,2564.091,48717.72899999999
ORD303417,2024-12-01,CUST12724,Customer_12724,North,Bengaluru,Electronics,Power Bank,1,16042.69,0.1,UPI,Returning,No,16042.69,1604.2690000000002,14438.421
ORD303418,2025-10-04,CUST13197,Customer_13197,North,Hyderabad,Sports,Running Shoes,1,1699.63,0.05,UPI,Returning,No,1699.63,84.98150000000001,1614.6485
ORD303419,2024-04-19,CUST13363,Customer_13363,South,Vijayawada,Electronics,Bluetooth Speaker,1,23177.6,0.2,Debit Card,New,No,23177.6,4635.5199999999995,18542.079999999998
ORD303420,2024-12-17,CUST12395,Customer_12395,North,Bengaluru,Electronics,Bluetooth Speaker,3,9838.65,0.05,Credit Card,Returning,Yes,29515.949999999997,1475.7975,28040.152499999997
ORD303421,2025-05-05,CUST12142,Customer_12142,South,Kolkata,Electronics,USB Keyboard,4,18545.24,0.0,UPI,New,Yes,74180.96,0.0,74180.96
ORD303422,2024-03-10,CUST12570,Customer_12570,East,,Electronics,Power Bank,4,18558.86,0.0,Cash,Returning,No,74235.44,0.0,74235.44
ORD303423,2025-12-09,CUST12644,Customer_12644,South,Chennai,Home & Kitchen,Cookware Set,3,10021.7,0.05,Debit Card,Returning,Yes,30065.100000000002,1503.255,28561.845
ORD303424,2025-10-01,CUST13201,Customer_13201,West,Chennai,Clothing,Sneakers,3,1735.97,0.05,Cash,Returning,No,5207.91,260.3955,4947.5145
ORD303425,2024-05-31,CUST13229,Customer_13229,East,Vijayawada,Electronics,USB Keyboard,3,2792.05,0.1,Credit Card,New,No,8376.150000000001,837.6150000000002,7538.535000000002
ORD303426,2024-07-02,CUST13106,Customer_13106,North,Pune,Electronics,Smart Watch,6,13540.71,0.1,Cash,New,No,81244.26,8124.4259999999995,73119.834
ORD303427,2024-01-03,CUST13294,Customer_13294,West,Vijayawada,Furniture,Bookshelf,5,12404.33,0.15,Credit Card,Returning,No,62021.65,9303.2475,52718.402500000004
ORD303428,2024-01-18,CUST12414,Customer_12414,East,Bengaluru,Home & Kitchen,Mixer Grinder,3,3801.68,0.05,Net Banking,Returning,No,11405.039999999999,570.252,10834.787999999999
ORD303429,2024-12-09,CUST12914,Customer_12914,West,Mumbai,Furniture,Study Table,2,21757.92,0.05,Credit Card,New,No,43515.84,2175.792,41340.047999999995
ORD303430,2025-07-07,CUST13123,Customer_13123,West,Kolkata,Clothing,Jacket,2,5743.31,0.1,UPI,Returning,No,11486.62,1148.662,10337.958
ORD303431,2024-03-02,CUST12504,Customer_12504,South,Mumbai,Furniture,Bookshelf,3,5438.32,0.0,UPI,Returning,No,16314.96,0.0,16314.96
ORD303432,2025-04-05,CUST12039,Customer_12039,South,Pune,Home & Kitchen,Bedsheet,3,7067.2,0.05,Credit Card,New,No,21201.6,1060.08,20141.519999999997
ORD303433,2025-05-15,CUST12406,Customer_12406,North,Pune,Clothing,Sneakers,3,714.6,0.1,Cash,Returning,No,2143.8,214.38000000000002,1929.42
ORD303434,2025-09-20,CUST12322,Customer_12322,East,Mumbai,Home & Kitchen,Mixer Grinder,2,1885.4,0.05,UPI,Returning,No,3770.8,188.54000000000002,3582.26
ORD303435,2024-06-19,CUST12418,Customer_12418,North,Bengaluru,Electronics,Smart Watch,3,16069.95,0.1,Debit Card,Returning,No,48209.850000000006,4820.985000000001,43388.865000000005
ORD303436,2024-03-20,CUST12691,Customer_12691,West,,Clothing,Jacket,1,5248.85,0.0,UPI,Returning,No,5248.85,0.0,5248.85
ORD303437,2024-10-25,CUST12519,Customer_12519,North,Vijayawada,Furniture,Office Chair,2,8744.34,0.2,Net Banking,Returning,No,17488.68,3497.7360000000003,13990.944
ORD303438,2024-03-03,CUST13393,Customer_13393,North,Delhi,Home & Kitchen,Water Bottle,5,10859.28,0.2,Net Banking,Returning,No,54296.4,10859.28,43437.12
ORD303439,2025-01-28,CUST13191,Customer_13191,West,Pune,Sports,Dumbbells,1,4574.75,0.1,UPI,Returning,No,4574.75,457.475,4117.275
ORD303440,2025-11-02,CUST12960,Customer_12960,South,Pune,Sports,Running Shoes,3,9447.02,0.15,Credit Card,New,No,28341.06,4251.159,24089.901
ORD303441,2024-03-30,CUST12545,Customer_12545,East,Chennai,Clothing,T-Shirt,5,1856.38,0.0,Credit Card,Returning,No,9281.900000000001,0.0,9281.900000000001
ORD303442,2024-02-26,CUST13295,Customer_13295,North,Delhi,Clothing,Formal Shirt,3,5403.93,0.1,Cash,Returning,No,16211.79,1621.179,14590.611
ORD303443,2025-03-13,CUST12957,Customer_12957,South,Hyderabad,Clothing,Jacket,1,2228.71,0.05,Cash,New,No,2228.71,111.4355,2117.2745
ORD303444,2024-01-29,CUST12152,Customer_12152,North,Kolkata,Sports,Yoga Mat,1,5928.96,0.05,Credit Card,New,Yes,5928.96,296.44800000000004,5632.512
ORD303445,2024-12-29,CUST12421,Customer_12421,South,Delhi,Furniture,Sofa,2,3783.99,0.15,Cash,Returning,No,7567.98,1135.197,6432.782999999999
ORD303446,2024-08-25,CUST13060,Customer_13060,South,Delhi,Sports,Cricket Bat,2,8286.39,0.0,Debit Card,Returning,No,16572.78,0.0,16572.78
ORD303447,2025-08-26,CUST13384,Customer_13384,East,Mumbai,Home & Kitchen,Bedsheet,1,5785.39,0.15,Cash,Returning,No,5785.39,867.8085,4917.5815
ORD303448,2024-09-13,CUST12088,Customer_12088,East,Bengaluru,Home & Kitchen,Storage Box,1,7746.3,0.1,UPI,Returning,No,7746.3,774.6300000000001,6971.67
ORD303449,2024-04-03,CUST13474,Customer_13474,West,Kolkata,Clothing,Sneakers,5,4552.29,0.0,UPI,New,No,22761.45,0.0,22761.45
ORD303450,2024-06-10,CUST12846,Customer_12846,East,Hyderabad,Electronics,Wireless Headphones,2,22552.02,0.1,Net Banking,Returning,No,45104.04,4510.404,40593.636
ORD303451,2025-08-19,CUST12966,Customer_12966,East,Mumbai,Sports,Football,1,6123.0,0.05,Debit Card,Returning,No,6123.0,306.15000000000003,5816.85
ORD303452,2025-11-18,CUST12785,Customer_12785,North,Hyderabad,Electronics,Bluetooth Speaker,1,17919.92,0.0,Debit Card,New,No,17919.92,0.0,17919.92
ORD303453,2024-01-16,CUST12421,Customer_12421,West,Pune,Sports,Football,4,507.38,0.25,Credit Card,Returning,No,2029.52,507.38,1522.1399999999999
ORD303454,2024-05-09,CUST12650,Customer_12650,South,Kolkata,Clothing,Jeans,1,1893.12,0.05,UPI,Returning,No,1893.12,94.656,1798.464
ORD303455,2024-06-19,CUST13098,Customer_13098,North,Mumbai,Sports,Dumbbells,1,2720.56,0.05,Cash,Returning,No,2720.56,136.028,2584.532
ORD303456,2024-02-28,CUST12077,Customer_12077,East,Vijayawada,Home & Kitchen,Cookware Set,2,9569.99,0.0,Cash,Returning,No,19139.98,0.0,19139.98
ORD303457,2024-11-07,CUST13090,Customer_13090,West,Hyderabad,Furniture,Coffee Table,2,5784.68,0.05,Credit Card,Returning,No,11569.36,578.4680000000001,10990.892
ORD303458,2024-01-10,CUST12655,Customer_12655,East,Hyderabad,Clothing,Jacket,2,3529.24,0.2,Net Banking,Returning,No,7058.48,1411.696,5646.784
ORD303459,2025-12-22,CUST13244,Customer_13244,East,Pune,Clothing,Sneakers,3,1849.86,0.1,Debit Card,Returning,No,5549.58,554.958,4994.622
ORD303460,2024-02-10,CUST12057,Customer_12057,East,Delhi,Home & Kitchen,Bedsheet,1,5518.08,0.05,UPI,New,No,5518.08,275.904,5242.1759999999995
ORD303461,2024-05-13,CUST13224,Customer_13224,West,Vijayawada,Home & Kitchen,Cookware Set,2,8636.32,0.15,UPI,Returning,Yes,17272.64,2590.8959999999997,14681.743999999999
ORD303462,2025-03-18,CUST12061,Customer_12061,North,Vijayawada,Clothing,Sneakers,6,948.26,0.2,Net Banking,Returning,No,5689.5599999999995,1137.912,4551.647999999999
ORD303463,2024-03-15,CUST12697,Customer_12697,West,Mumbai,Sports,Dumbbells,5,7782.09,0.0,Credit Card,New,No,38910.45,0.0,38910.45
ORD303464,2025-07-18,CUST13048,Customer_13048,South,Chennai,Clothing,Formal Shirt,4,3880.15,0.0,Net Banking,Returning,No,15520.6,0.0,15520.6
ORD303465,2024-03-20,CUST13135,Customer_13135,North,Chennai,Home & Kitchen,Bedsheet,3,4654.17,0.2,Cash,New,No,13962.51,2792.5020000000004,11170.008
ORD303466,2024-09-25,CUST12613,Customer_12613,East,Vijayawada,Furniture,Bookshelf,3,17874.36,0.15,Credit Card,Returning,Yes,53623.08,8043.4619999999995,45579.618
ORD303467,2025-01-28,CUST13450,Customer_13450,West,Kolkata,Electronics,Wireless Headphones,4,16957.62,0.2,Credit Card,Returning,No,67830.48,13566.096,54264.384
ORD303468,2025-02-08,CUST13251,Customer_13251,North,Hyderabad,Electronics,Bluetooth Speaker,1,22607.06,0.1,Debit Card,New,No,22607.06,2260.706,20346.354
ORD303469,2024-01-26,CUST13030,Customer_13030,South,Pune,Home & Kitchen,Bedsheet,4,2688.36,0.1,Debit Card,New,Yes,10753.44,1075.344,9678.096000000001
ORD303470,2024-09-17,CUST12907,Customer_12907,West,Pune,Home & Kitchen,Mixer Grinder,1,1018.57,0.15,Cash,New,Yes,1018.57,152.7855,865.7845
ORD303471,2024-03-17,CUST12467,Customer_12467,East,Hyderabad,Sports,Cricket Bat,2,7750.23,0.2,Cash,New,No,15500.46,3100.092,12400.367999999999
ORD303472,2025-01-02,CUST12310,Customer_12310,South,Kolkata,Electronics,Power Bank,1,5223.29,0.15,UPI,Returning,No,5223.29,783.4934999999999,4439.7965
ORD303473,2025-01-04,CUST12327,Customer_12327,West,Mumbai,Electronics,USB Keyboard,5,21653.42,0.1,Net Banking,Returning,Yes,108267.09999999999,10826.71,97440.38999999998
ORD303474,2024-05-11,CUST12401,Customer_12401,South,Bengaluru,Home & Kitchen,Storage Box,1,8054.48,0.05,Net Banking,Returning,No,8054.48,402.724,7651.755999999999
ORD303475,2024-12-03,CUST12445,Customer_12445,West,Vijayawada,Home & Kitchen,Storage Box,3,3186.91,0.15,Net Banking,Returning,No,9560.73,1434.1094999999998,8126.6205
ORD303476,2025-01-07,CUST12946,Customer_12946,West,Pune,Electronics,Wireless Headphones,2,19566.09,0.1,Cash,Returning,No,39132.18,3913.2180000000003,35218.962
ORD303477,2025-09-01,CUST13381,Customer_13381,North,Hyderabad,Clothing,Jacket,3,1191.67,0.0,Cash,Returning,No,3575.01,0.0,3575.01
ORD303478,2024-02-22,CUST12036,Customer_12036,West,Kolkata,Electronics,Power Bank,3,5099.14,0.1,Cash,New,No,15297.420000000002,1529.7420000000002,13767.678000000002
ORD303479,2024-08-26,CUST12766,Customer_12766,East,Mumbai,Furniture,Office Chair,3,10267.04,0.15,Cash,Returning,No,30801.120000000003,4620.168000000001,26180.952
ORD303480,2025-08-12,CUST12600,Customer_12600,North,Delhi,Home & Kitchen,Mixer Grinder,5,4572.79,0.05,Credit Card,Returning,No,22863.95,1143.1975,21720.752500000002
ORD303481,2025-12-13,CUST12515,Customer_12515,North,Delhi,Sports,Cricket Bat,1,4676.55,0.05,Cash,New,No,4676.55,233.82750000000001,4442.7225
ORD303482,2024-06-14,CUST12884,Customer_12884,South,Chennai,Home & Kitchen,Bedsheet,3,7560.48,0.1,Debit Card,New,No,22681.44,2268.144,20413.296
ORD303483,2024-03-31,CUST13052,Customer_13052,West,Vijayawada,Sports,Yoga Mat,2,1474.45,0.15,Net Banking,Returning,No,2948.9,442.335,2506.565
ORD303484,2025-04-21,CUST13444,Customer_13444,West,Bengaluru,Sports,Football,2,1790.32,0.0,Net Banking,New,No,3580.64,0.0,3580.64
ORD303485,2024-07-22,CUST12675,Customer_12675,North,Bengaluru,Home & Kitchen,Storage Box,1,10160.66,0.2,Credit Card,Returning,No,10160.66,2032.132,8128.528
ORD303486,2024-05-17,CUST12044,Customer_12044,West,Mumbai,Furniture,Sofa,4,11794.21,0.25,Net Banking,Returning,Yes,47176.84,11794.21,35382.63
ORD303487,2024-10-31,CUST12395,Customer_12395,East,Bengaluru,Electronics,Wireless Headphones,6,2690.79,0.1,Debit Card,Returning,No,16144.74,1614.4740000000002,14530.266
ORD303488,2025-05-25,CUST12991,Customer_12991,West,Vijayawada,Electronics,USB Keyboard,3,7697.78,0.15,UPI,Returning,No,23093.34,3464.0009999999997,19629.339
ORD303489,2024-02-02,CUST13195,Customer_13195,West,Bengaluru,Electronics,Power Bank,3,11622.27,0.0,UPI,New,No,34866.81,0.0,34866.81
ORD303490,2024-12-31,CUST12736,Customer_12736,South,Bengaluru,Sports,Football,4,6526.0,0.1,Net Banking,New,No,26104.0,2610.4,23493.6
ORD303491,2024-10-19,CUST13469,Customer_13469,East,,Clothing,T-Shirt,6,4450.54,0.05,Debit Card,Returning,No,26703.239999999998,1335.162,25368.077999999998
ORD303492,2024-03-23,CUST12684,Customer_12684,West,Hyderabad,Furniture,Office Chair,1,19308.77,0.15,Debit Card,Returning,No,19308.77,2896.3155,16412.4545
ORD303493,2025-06-20,CUST12252,Customer_12252,North,Bengaluru,Clothing,Jeans,2,2401.02,0.05,UPI,Returning,No,4802.04,240.102,4561.938
ORD303494,2025-08-09,CUST13023,Customer_13023,North,Vijayawada,Sports,Football,1,9222.38,0.15,Debit Card,Returning,Yes,9222.38,1383.3569999999997,7839.022999999999
ORD303495,2024-07-09,CUST12105,Customer_12105,West,Chennai,Electronics,Bluetooth Speaker,4,3447.01,0.05,Credit Card,Returning,No,13788.04,689.402,13098.638
ORD303496,2025-01-08,CUST12643,Customer_12643,North,Pune,Sports,Cricket Bat,3,6224.82,0.15,Net Banking,Returning,No,18674.46,2801.169,15873.291
ORD303497,2024-12-08,CUST13446,Customer_13446,South,Bengaluru,Home & Kitchen,Bedsheet,3,11294.59,0.05,UPI,Returning,No,33883.770000000004,1694.1885000000002,32189.581500000004
ORD303498,2025-04-19,CUST13159,Customer_13159,South,Kolkata,Electronics,Wireless Headphones,5,4017.34,0.1,Credit Card,New,No,20086.7,2008.67,18078.03
ORD303499,2025-06-07,CUST12141,Customer_12141,East,Chennai,Electronics,USB Keyboard,1,13872.39,0.05,Credit Card,New,No,13872.39,693.6195,13178.770499999999
ORD303500,2025-04-21,CUST13376,Customer_13376,East,Hyderabad,Clothing,Sneakers,1,4270.53,0.05,UPI,Returning,No,4270.53,213.5265,4057.0035
ORD303501,2024-09-25,CUST13059,Customer_13059,South,Bengaluru,Electronics,Power Bank,3,12912.2,0.1,Debit Card,Returning,Yes,38736.600000000006,3873.6600000000008,34862.94
ORD303502,2025-08-14,CUST13175,Customer_13175,South,Chennai,Electronics,Wireless Headphones,2,4336.92,0.1,Cash,Returning,No,8673.84,867.384,7806.456
ORD303503,2024-03-16,CUST13109,Customer_13109,South,Mumbai,Electronics,USB Keyboard,2,2892.43,0.15,UPI,New,Yes,5784.86,867.7289999999999,4917.130999999999
ORD303504,2024-08-22,CUST12501,Customer_12501,East,Pune,Furniture,Coffee Table,3,16372.59,0.1,Net Banking,Returning,No,49117.770000000004,4911.777000000001,44205.993
ORD303505,2025-07-09,CUST12954,Customer_12954,West,Mumbai,Sports,Running Shoes,4,3466.96,0.05,Debit Card,New,No,13867.84,693.392,13174.448
ORD303506,2024-03-30,CUST13299,Customer_13299,South,Hyderabad,Sports,Running Shoes,4,1841.14,0.15,Credit Card,Returning,No,7364.56,1104.684,6259.876
ORD303507,2025-07-27,CUST12728,Customer_12728,West,Chennai,Furniture,Coffee Table,5,7541.97,0.05,Cash,New,No,37709.85,1885.4925,35824.3575
ORD303508,2025-09-10,CUST13356,Customer_13356,East,Pune,Electronics,Power Bank,4,14803.46,0.05,UPI,New,No,59213.84,2960.692,56253.147999999994
ORD303509,2024-06-23,CUST12618,Customer_12618,East,Kolkata,Home & Kitchen,Cookware Set,1,2903.65,0.1,Credit Card,Returning,No,2903.65,290.365,2613.285
ORD303510,2024-08-15,CUST12263,Customer_12263,North,Pune,Sports,Running Shoes,3,2421.91,0.05,Net Banking,Returning,No,7265.73,363.2865,6902.443499999999
ORD303511,2025-02-19,CUST13223,Customer_13223,East,Delhi,Furniture,Bookshelf,4,19181.68,0.05,Credit Card,Returning,No,76726.72,3836.3360000000002,72890.384
ORD303512,2025-03-26,CUST12890,Customer_12890,North,Kolkata,Furniture,Office Chair,1,11076.8,0.15,Credit Card,Returning,No,11076.8,1661.5199999999998,9415.279999999999
ORD303513,2025-07-18,CUST12301,Customer_12301,East,Pune,Home & Kitchen,Mixer Grinder,1,1129.54,0.15,Credit Card,Returning,Yes,1129.54,169.43099999999998,960.1089999999999
ORD303514,2024-10-30,CUST12505,Customer_12505,West,Hyderabad,Home & Kitchen,Storage Box,7,6432.53,0.2,Cash,Returning,No,45027.71,9005.542,36022.168
ORD303515,2024-08-06,CUST12800,Customer_12800,South,Pune,Clothing,Jeans,2,3276.08,0.05,UPI,New,No,6552.16,327.608,6224.552
ORD303516,2025-09-03,CUST12536,Customer_12536,West,Hyderabad,Furniture,Office Chair,2,19042.1,0.15,Net Banking,Returning,No,38084.2,5712.629999999999,32371.57
ORD303517,2024-05-18,CUST12662,Customer_12662,South,Bengaluru,Clothing,Sneakers,2,4776.17,0.15,Net Banking,Returning,No,9552.34,1432.8509999999999,8119.4890000000005
ORD303518,2024-12-09,CUST12053,Customer_12053,West,Chennai,Clothing,Jeans,2,4936.24,0.05,Debit Card,New,No,9872.48,493.624,9378.856
ORD303519,2024-07-04,CUST12388,Customer_12388,West,Bengaluru,Sports,Yoga Mat,2,2992.42,0.0,Credit Card,New,No,5984.84,0.0,5984.84
ORD303520,2024-07-06,CUST13089,Customer_13089,South,Pune,Home & Kitchen,Bedsheet,2,7167.45,0.0,Cash,Returning,No,14334.9,0.0,14334.9
ORD303521,2024-12-31,CUST12511,Customer_12511,North,Bengaluru,Home & Kitchen,Storage Box,3,7955.62,0.05,Debit Card,Returning,No,23866.86,1193.343,22673.517
ORD303522,2025-05-24,CUST12602,Customer_12602,South,Hyderabad,Electronics,USB Keyboard,1,19219.37,0.05,Debit Card,New,No,19219.37,960.9685,18258.4015
ORD303523,2025-12-18,CUST13007,Customer_13007,South,Mumbai,Furniture,Coffee Table,4,5505.3,0.15,Cash,Returning,No,22021.2,3303.18,18718.02
ORD303524,2024-05-02,CUST13448,Customer_13448,East,Mumbai,Electronics,Bluetooth Speaker,5,11445.29,0.1,Net Banking,Returning,No,57226.450000000004,5722.645,51503.80500000001
ORD303525,2024-09-03,CUST13149,Customer_13149,South,Chennai,Clothing,T-Shirt,3,1319.51,0.05,Debit Card,Returning,No,3958.5299999999997,197.9265,3760.6034999999997
ORD303526,2024-02-05,CUST13029,Customer_13029,South,Bengaluru,Home & Kitchen,Storage Box,2,3455.17,0.1,Debit Card,Returning,No,6910.34,691.0340000000001,6219.3060000000005
ORD303527,2024-05-02,CUST12669,Customer_12669,North,Hyderabad,Sports,Yoga Mat,2,5308.86,0.25,Net Banking,Returning,No,10617.72,2654.43,7963.289999999999
ORD303528,2025-03-28,CUST13305,Customer_13305,East,Bengaluru,Sports,Football,4,9164.18,0.05,Debit Card,New,No,36656.72,1832.8360000000002,34823.884
ORD303529,2025-10-25,CUST13145,Customer_13145,West,Delhi,Furniture,Coffee Table,1,10180.21,0.05,Net Banking,Returning,No,10180.21,509.0105,9671.199499999999
ORD303530,2024-11-10,CUST13194,Customer_13194,North,Hyderabad,Home & Kitchen,Mixer Grinder,3,6741.66,0.1,Net Banking,Returning,No,20224.98,2022.498,18202.482
ORD303531,2024-01-14,CUST12701,Customer_12701,South,Mumbai,Furniture,Study Table,1,17204.92,0.1,Credit Card,New,No,17204.92,1720.492,15484.427999999998
ORD303532,2025-07-11,CUST13166,Customer_13166,West,Hyderabad,Electronics,USB Keyboard,2,6218.49,0.2,UPI,Returning,Yes,12436.98,2487.396,9949.583999999999
ORD303533,2025-02-06,CUST12571,Customer_12571,North,Delhi,Sports,Football,2,9032.13,0.1,UPI,Returning,No,18064.26,1806.426,16257.833999999999
ORD303534,2024-09-13,CUST12650,Customer_12650,South,Chennai,Furniture,Bookshelf,4,13200.78,0.05,Credit Card,Returning,No,52803.12,2640.1560000000004,50162.964
ORD303535,2025-01-07,CUST13485,Customer_13485,East,Delhi,Sports,Dumbbells,7,7551.55,0.0,Net Banking,Returning,No,52860.85,0.0,52860.85
ORD303536,2024-12-22,CUST13378,Customer_13378,South,Vijayawada,Home & Kitchen,Storage Box,3,9736.46,0.05,Cash,New,No,29209.379999999997,1460.469,27748.910999999996
ORD303537,2024-02-06,CUST13302,Customer_13302,South,Hyderabad,Sports,Dumbbells,3,8439.79,0.1,Net Banking,Returning,No,25319.370000000003,2531.9370000000004,22787.433
ORD303538,2024-03-09,CUST12290,Customer_12290,West,Hyderabad,Electronics,Smart Watch,3,5203.15,0.05,Net Banking,Returning,No,15609.449999999999,780.4725,14828.977499999999
ORD303539,2025-05-21,CUST13288,Customer_13288,West,Bengaluru,Electronics,Smart Watch,1,13866.31,0.05,Debit Card,Returning,No,13866.31,693.3155,13172.994499999999
ORD303540,2024-05-19,CUST12637,Customer_12637,East,Hyderabad,Home & Kitchen,Mixer Grinder,4,2653.1,0.25,Cash,New,No,10612.4,2653.1,7959.299999999999
ORD303541,2024-02-15,CUST12406,Customer_12406,West,Bengaluru,Furniture,Coffee Table,2,17226.73,0.1,Cash,Returning,No,34453.46,3445.346,31008.113999999998
ORD303542,2024-08-28,CUST13330,Customer_13330,South,Hyderabad,Furniture,Bookshelf,3,20429.25,0.15,Cash,Returning,No,61287.75,9193.1625,52094.5875
ORD303543,2024-02-08,CUST12325,Customer_12325,West,Vijayawada,Electronics,Power Bank,4,10291.02,0.05,UPI,Returning,No,41164.08,2058.204,39105.876000000004
ORD303544,2025-03-05,CUST12875,Customer_12875,West,Hyderabad,Electronics,USB Keyboard,4,12813.25,0.15,UPI,Returning,No,51253.0,7687.95,43565.05
ORD303545,2025-12-25,CUST13170,Customer_13170,South,Pune,Furniture,Office Chair,1,16759.85,0.2,Cash,Returning,No,16759.85,3351.97,13407.88
ORD303546,2025-06-04,CUST12531,Customer_12531,East,Chennai,Furniture,Study Table,2,25528.9,0.15,Net Banking,Returning,No,51057.8,7658.67,43399.130000000005
ORD303547,2025-07-24,CUST12730,Customer_12730,South,Bengaluru,Clothing,Formal Shirt,1,556.78,0.0,Cash,New,No,556.78,0.0,556.78
ORD303548,2024-02-09,CUST13471,Customer_13471,West,Bengaluru,Electronics,Bluetooth Speaker,4,17058.12,0.1,UPI,Returning,No,68232.48,6823.248,61409.231999999996
ORD303549,2025-04-25,CUST12309,Customer_12309,West,Chennai,Clothing,T-Shirt,1,2879.56,0.0,UPI,Returning,No,2879.56,0.0,2879.56
ORD303550,2025-02-04,CUST12494,Customer_12494,North,Vijayawada,Electronics,Bluetooth Speaker,2,23903.7,0.05,Credit Card,New,No,47807.4,2390.3700000000003,45417.03
ORD303551,2024-11-06,CUST13072,Customer_13072,East,Kolkata,Furniture,Sofa,6,11367.79,0.05,Credit Card,Returning,No,68206.74,3410.3370000000004,64796.403000000006
ORD303552,2024-08-29,CUST12827,Customer_12827,North,Bengaluru,Clothing,Formal Shirt,5,1127.05,0.2,Cash,New,Yes,5635.25,1127.05,4508.2
ORD303553,2025-02-10,CUST12759,Customer_12759,South,Hyderabad,Electronics,Power Bank,3,20457.08,0.05,Debit Card,New,No,61371.240000000005,3068.5620000000004,58302.67800000001
ORD303554,2025-10-09,CUST13464,Customer_13464,North,Mumbai,Sports,Dumbbells,4,8592.78,0.0,UPI,Returning,No,34371.12,0.0,34371.12
ORD303555,2024-01-22,CUST12167,Customer_12167,North,Kolkata,Electronics,Wireless Headphones,3,4960.49,0.2,Cash,Returning,No,14881.47,2976.294,11905.176
ORD303556,2024-04-19,CUST12837,Customer_12837,North,Kolkata,Sports,Football,5,3916.34,0.15,Credit Card,Returning,No,19581.7,2937.255,16644.445
ORD303557,2024-06-01,CUST13101,Customer_13101,East,Chennai,Sports,Running Shoes,1,760.54,0.05,Debit Card,Returning,No,760.54,38.027,722.5129999999999
ORD303558,2025-08-06,CUST13063,Customer_13063,South,Pune,Home & Kitchen,Storage Box,6,10075.22,0.2,Net Banking,Returning,No,60451.31999999999,12090.264,48361.056
ORD303559,2024-01-18,CUST12251,Customer_12251,South,Hyderabad,Electronics,Smart Watch,5,19088.5,0.15,Credit Card,Returning,No,95442.5,14316.375,81126.125
ORD303560,2025-11-21,CUST13289,Customer_13289,North,Hyderabad,Clothing,T-Shirt,1,1907.8,0.05,Cash,New,No,1907.8,95.39,1812.4099999999999
ORD303561,2024-01-29,CUST12443,Customer_12443,East,Mumbai,Sports,Dumbbells,2,7581.24,0.0,Credit Card,New,No,15162.48,0.0,15162.48
ORD303562,2024-08-29,CUST12149,Customer_12149,North,Delhi,Clothing,Formal Shirt,3,1143.75,0.05,UPI,Returning,Yes,3431.25,171.5625,3259.6875
ORD303563,2025-05-24,CUST13140,Customer_13140,North,Mumbai,Clothing,Sneakers,2,4387.61,0.1,Net Banking,New,No,8775.22,877.5219999999999,7897.697999999999
ORD303564,2024-01-05,CUST13322,Customer_13322,North,Pune,Sports,Football,4,8171.22,0.05,Net Banking,Returning,No,32684.88,1634.2440000000001,31050.636000000002
ORD303565,2024-01-03,CUST13351,Customer_13351,North,Vijayawada,Clothing,Jeans,1,4560.24,0.15,UPI,New,No,4560.24,684.036,3876.2039999999997
ORD303566,2024-04-03,CUST13301,Customer_13301,South,Mumbai,Furniture,Coffee Table,1,17621.95,0.1,Cash,Returning,No,17621.95,1762.1950000000002,15859.755000000001
ORD303567,2024-02-24,CUST13190,Customer_13190,West,Mumbai,Sports,Dumbbells,2,7708.66,0.1,Debit Card,Returning,No,15417.32,1541.732,13875.588
ORD303568,2024-01-28,CUST12160,Customer_12160,South,Hyderabad,Sports,Running Shoes,1,8156.73,0.25,Debit Card,New,No,8156.73,2039.1825,6117.5475
ORD303569,2025-02-18,CUST13289,Customer_13289,South,Delhi,Sports,Dumbbells,3,1745.4,0.05,Debit Card,Returning,No,5236.200000000001,261.81000000000006,4974.39
ORD303570,2025-03-12,CUST12259,Customer_12259,South,Delhi,Home & Kitchen,Cookware Set,5,6854.65,0.05,Cash,Returning,No,34273.25,1713.6625000000001,32559.5875
ORD303571,2024-10-18,CUST12560,Customer_12560,North,Kolkata,Sports,Football,3,8282.06,0.05,Cash,New,No,24846.18,1242.3090000000002,23603.871
ORD303572,2024-04-01,CUST13367,Customer_13367,South,Mumbai,Clothing,Jeans,3,3912.28,0.1,Debit Card,Returning,No,11736.84,1173.684,10563.156
ORD303573,2025-01-13,CUST12317,Customer_12317,East,Bengaluru,Home & Kitchen,Storage Box,1,2610.16,0.2,UPI,New,No,2610.16,522.032,2088.1279999999997
ORD303574,2024-09-21,CUST13007,Customer_13007,East,Kolkata,Clothing,Jeans,3,549.4,0.05,UPI,New,No,1648.1999999999998,82.41,1565.7899999999997
ORD303575,2025-03-10,CUST13065,Customer_13065,West,Pune,Sports,Yoga Mat,3,6219.26,0.1,Net Banking,New,Yes,18657.78,1865.778,16792.002
ORD303576,2024-08-04,CUST13110,Customer_13110,South,Chennai,Furniture,Coffee Table,3,28298.89,0.1,Net Banking,New,No,84896.67,8489.667,76407.003
ORD303577,2024-04-03,CUST12667,Customer_12667,North,Vijayawada,Home & Kitchen,Water Bottle,1,1285.59,0.15,Cash,New,No,1285.59,192.83849999999998,1092.7514999999999
ORD303578,2025-03-26,CUST13031,Customer_13031,North,Delhi,Clothing,T-Shirt,3,5377.32,0.1,Credit Card,Returning,No,16131.96,1613.196,14518.764
ORD303579,2024-06-21,CUST12713,Customer_12713,West,Bengaluru,Furniture,Coffee Table,2,4982.02,0.05,Credit Card,New,No,9964.04,498.20200000000006,9465.838000000002
ORD303580,2025-12-26,CUST13282,Customer_13282,South,Delhi,Electronics,Wireless Headphones,2,23053.46,0.15,UPI,Returning,No,46106.92,6916.038,39190.882
ORD303581,2024-02-27,CUST12798,Customer_12798,East,Chennai,Electronics,Wireless Headphones,1,2182.48,0.05,Net Banking,New,No,2182.48,109.12400000000001,2073.356
ORD303582,2024-03-04,CUST12880,Customer_12880,West,Pune,Furniture,Study Table,3,27957.18,,Net Banking,Returning,No,83871.54000000001,0.0,83871.54000000001
ORD303583,2024-12-10,CUST12499,Customer_12499,West,Kolkata,Home & Kitchen,Cookware Set,2,1436.34,0.0,Credit Card,Returning,No,2872.68,0.0,2872.68
ORD303584,2025-04-21,CUST12918,Customer_12918,South,Bengaluru,Electronics,USB Keyboard,1,5140.8,0.05,Cash,Returning,Yes,5140.8,257.04,4883.76
ORD303585,2024-03-16,CUST13273,Customer_13273,North,Vijayawada,Sports,Football,6,3546.69,0.05,Net Banking,Returning,No,21280.14,1064.007,20216.132999999998
ORD303586,2024-02-02,CUST12504,Customer_12504,West,Vijayawada,Furniture,Sofa,2,19506.18,0.05,UPI,New,No,39012.36,1950.6180000000002,37061.742
ORD303587,2025-10-17,CUST12994,Customer_12994,East,Mumbai,Furniture,Bookshelf,2,28402.84,0.1,Debit Card,Returning,No,56805.68,5680.568,51125.112
ORD303588,2025-05-05,CUST12427,Customer_12427,East,Hyderabad,Electronics,Power Bank,4,17502.95,0.05,Cash,New,No,70011.8,3500.59,66511.21
ORD303589,2024-01-17,CUST12187,Customer_12187,South,Mumbai,Furniture,Bookshelf,3,21014.58,0.05,Debit Card,New,Yes,63043.740000000005,3152.1870000000004,59891.55300000001
ORD303590,2024-09-06,CUST13057,Customer_13057,North,Pune,Clothing,Jacket,4,750.93,0.0,Cash,Returning,No,3003.72,0.0,3003.72
ORD303591,2025-11-15,CUST12843,Customer_12843,North,Mumbai,Home & Kitchen,Mixer Grinder,4,10601.52,0.0,Credit Card,Returning,No,42406.08,0.0,42406.08
ORD303592,2024-04-16,CUST12864,Customer_12864,South,Kolkata,Electronics,Bluetooth Speaker,3,23562.1,0.1,Net Banking,New,Yes,70686.29999999999,7068.629999999999,63617.66999999999
ORD303593,2024-03-15,CUST12610,Customer_12610,East,Hyderabad,Clothing,Formal Shirt,2,1225.95,0.1,Net Banking,New,No,2451.9,245.19000000000003,2206.71
ORD303594,2024-11-24,CUST12166,Customer_12166,South,Chennai,Clothing,Jeans,2,2908.66,0.1,Cash,Returning,No,5817.32,581.732,5235.588
ORD303595,2025-01-21,CUST12125,Customer_12125,East,Delhi,Furniture,Coffee Table,5,11126.96,0.1,Credit Card,Returning,No,55634.799999999996,5563.48,50071.31999999999
ORD303596,2025-07-16,CUST12496,Customer_12496,West,Mumbai,Furniture,Sofa,2,10046.83,0.25,Cash,Returning,Yes,20093.66,5023.415,15070.244999999999
ORD303597,2025-10-02,CUST13064,Customer_13064,North,Pune,Electronics,Smart Watch,3,13181.28,0.05,Credit Card,Returning,No,39543.840000000004,1977.1920000000002,37566.648
ORD303598,2025-06-07,CUST12164,Customer_12164,South,Mumbai,Sports,Cricket Bat,3,819.57,0.0,Net Banking,Returning,No,2458.71,0.0,2458.71
ORD303599,2025-12-15,CUST13361,Customer_13361,West,Kolkata,Clothing,T-Shirt,5,3098.33,0.1,Cash,New,No,15491.65,1549.165,13942.485
ORD303600,2024-05-10,CUST12953,Customer_12953,South,Delhi,Furniture,Sofa,2,13213.43,0.25,Cash,Returning,No,26426.86,6606.715,19820.145
ORD303601,2025-05-09,CUST13085,Customer_13085,West,Kolkata,Electronics,Wireless Headphones,1,12239.43,0.05,Net Banking,Returning,No,12239.43,611.9715,11627.4585
ORD303602,2025-08-25,CUST12217,Customer_12217,South,Pune,Home & Kitchen,Cookware Set,3,9115.82,0.05,Credit Card,New,No,27347.46,1367.373,25980.087
ORD303603,2025-06-10,CUST12889,Customer_12889,East,Vijayawada,Electronics,Bluetooth Speaker,7,7839.06,0.05,UPI,Returning,No,54873.420000000006,2743.6710000000003,52129.749
ORD303604,2025-02-15,CUST12160,Customer_12160,South,Vijayawada,Electronics,Power Bank,6,10503.07,0.05,UPI,Returning,No,63018.42,3150.9210000000003,59867.498999999996
ORD303605,2025-07-31,CUST12183,Customer_12183,West,Chennai,Clothing,Sneakers,3,454.27,0.0,Debit Card,New,No,1362.81,0.0,1362.81
ORD303606,2025-09-13,CUST12329,Customer_12329,South,Vijayawada,Electronics,USB Keyboard,1,6192.61,0.15,Net Banking,New,No,6192.61,928.8915,5263.7185
ORD303607,2024-07-16,CUST12931,Customer_12931,West,Bengaluru,Furniture,Bookshelf,3,8598.7,0.2,UPI,New,No,25796.100000000002,5159.220000000001,20636.88
ORD303608,2025-01-31,CUST12943,Customer_12943,West,Kolkata,Electronics,USB Keyboard,2,9653.9,0.2,Credit Card,Returning,No,19307.8,3861.56,15446.24
ORD303609,2025-09-01,CUST13081,Customer_13081,West,Bengaluru,Home & Kitchen,Cookware Set,6,10839.85,0.2,Credit Card,Returning,No,65039.100000000006,13007.820000000002,52031.280000000006
ORD303610,2024-02-12,CUST12611,Customer_12611,East,Mumbai,Electronics,Wireless Headphones,5,6987.54,0.0,UPI,New,No,34937.7,0.0,34937.7
ORD303611,2024-11-26,CUST13005,Customer_13005,East,Vijayawada,Home & Kitchen,Mixer Grinder,1,3121.17,0.15,Cash,New,No,3121.17,468.1755,2652.9945000000002
ORD303612,2025-07-07,CUST13468,Customer_13468,North,Vijayawada,Home & Kitchen,Mixer Grinder,3,3066.99,0.15,Cash,New,No,9200.97,1380.1454999999999,7820.8245
ORD303613,2025-11-09,CUST12665,Customer_12665,South,Pune,Clothing,Formal Shirt,4,4480.19,0.0,Net Banking,Returning,No,17920.76,0.0,17920.76
ORD303614,2024-10-30,CUST12441,Customer_12441,South,Mumbai,Home & Kitchen,Water Bottle,1,7211.95,0.15,UPI,Returning,No,7211.95,1081.7925,6130.157499999999
ORD303615,2025-12-07,CUST13210,Customer_13210,East,Delhi,Sports,Running Shoes,1,4247.64,0.05,Debit Card,New,No,4247.64,212.38200000000003,4035.2580000000003
ORD303616,2025-10-21,CUST12284,Customer_12284,South,Delhi,Clothing,Sneakers,3,2871.56,0.0,Debit Card,Returning,No,8614.68,0.0,8614.68
ORD303617,2024-06-11,CUST12621,Customer_12621,South,Mumbai,Sports,Dumbbells,7,3668.78,0.15,Cash,Returning,No,25681.460000000003,3852.219,21829.241
ORD303618,2024-04-11,CUST12198,Customer_12198,North,Kolkata,Home & Kitchen,Mixer Grinder,3,820.77,0.05,UPI,Returning,No,2462.31,123.1155,2339.1945
ORD303619,2025-07-21,CUST12943,Customer_12943,North,Kolkata,Home & Kitchen,Mixer Grinder,5,5520.82,0.1,Credit Card,New,No,27604.1,2760.41,24843.69
ORD303620,2024-08-08,CUST13207,Customer_13207,East,Delhi,Clothing,Sneakers,1,5631.13,0.15,Credit Card,New,No,5631.13,844.6695,4786.4605
ORD303621,2024-06-02,CUST13086,Customer_13086,South,Vijayawada,Electronics,Power Bank,2,16639.29,0.1,Debit Card,Returning,No,33278.58,3327.858,29950.722
ORD303622,2025-02-10,CUST12158,Customer_12158,East,Vijayawada,Electronics,USB Keyboard,6,14554.17,0.05,Cash,Returning,No,87325.02,4366.251,82958.769
ORD303623,2024-11-29,CUST12115,Customer_12115,South,Chennai,Furniture,Bookshelf,4,21503.46,0.05,Net Banking,New,No,86013.84,4300.692,81713.148
ORD303624,2025-04-01,CUST12738,Customer_12738,South,Pune,Sports,Running Shoes,4,7566.88,0.05,Credit Card,Returning,No,30267.52,1513.3760000000002,28754.144
ORD303625,2024-10-26,CUST13328,Customer_13328,West,Mumbai,Electronics,Power Bank,3,12301.5,0.2,Debit Card,New,Yes,36904.5,7380.900000000001,29523.6
ORD303626,2024-04-28,CUST12968,Customer_12968,East,Chennai,Electronics,Bluetooth Speaker,3,13629.73,0.05,Cash,Returning,No,40889.19,2044.4595000000002,38844.730500000005
ORD303627,2024-03-04,CUST13463,Customer_13463,East,Mumbai,Furniture,Study Table,4,21381.53,0.2,Credit Card,Returning,No,85526.12,17105.224,68420.896
ORD303628,2025-04-20,CUST12501,Customer_12501,North,Delhi,Furniture,Bookshelf,1,12100.56,0.05,Cash,Returning,No,12100.56,605.028,11495.532
ORD303629,2025-06-22,CUST13347,Customer_13347,South,Bengaluru,Sports,Football,4,3711.41,0.1,Credit Card,Returning,No,14845.64,1484.564,13361.076
ORD303630,2025-12-04,CUST12836,Customer_12836,South,Kolkata,Home & Kitchen,Bedsheet,6,5493.25,0.05,Debit Card,Returning,No,32959.5,1647.9750000000001,31311.525
ORD303631,2025-10-12,CUST12874,Customer_12874,West,Chennai,Clothing,Jeans,2,4498.49,0.2,Net Banking,Returning,No,8996.98,1799.396,7197.584
ORD303632,2025-03-11,CUST13176,Customer_13176,West,Vijayawada,Home & Kitchen,Water Bottle,2,4021.37,0.05,Net Banking,Returning,No,8042.74,402.137,7640.603
ORD303633,2024-04-30,CUST12270,Customer_12270,South,Pune,Clothing,Sneakers,3,2946.42,0.1,Net Banking,New,No,8839.26,883.926,7955.334
ORD303634,2024-06-04,CUST13323,Customer_13323,East,Delhi,Sports,Yoga Mat,1,2862.3,0.1,UPI,New,No,2862.3,286.23,2576.07
ORD303635,2024-11-05,CUST12822,Customer_12822,North,Bengaluru,Furniture,Sofa,5,16431.69,0.15,Credit Card,Returning,No,82158.45,12323.7675,69834.6825
ORD303636,2025-11-26,CUST12855,Customer_12855,North,Pune,Sports,Football,4,3095.28,0.0,Debit Card,New,No,12381.12,0.0,12381.12
ORD303637,2024-10-17,CUST13025,Customer_13025,East,Pune,Sports,Football,1,2960.66,0.1,Credit Card,New,No,2960.66,296.066,2664.594
ORD303638,2025-10-01,CUST13360,Customer_13360,North,Chennai,Sports,Yoga Mat,6,3001.83,0.1,Cash,Returning,No,18010.98,1801.098,16209.882
ORD303639,2024-06-04,CUST12271,Customer_12271,South,Hyderabad,Sports,Running Shoes,5,2212.95,0.1,UPI,New,No,11064.75,1106.4750000000001,9958.275
ORD303640,2024-11-15,CUST12284,Customer_12284,West,Kolkata,Clothing,T-Shirt,1,3606.24,0.1,Credit Card,New,No,3606.24,360.624,3245.616
ORD303641,2025-12-14,CUST12372,Customer_12372,North,Chennai,Sports,Yoga Mat,2,2711.79,0.1,Credit Card,Returning,No,5423.58,542.3580000000001,4881.222
ORD303642,2024-04-23,CUST12449,Customer_12449,East,Chennai,Clothing,Jacket,3,3135.69,0.05,UPI,Returning,Yes,9407.07,470.3535,8936.7165
ORD303643,2024-02-23,CUST12013,Customer_12013,East,Delhi,Furniture,Coffee Table,2,12505.2,0.05,Cash,Returning,Yes,25010.4,1250.5200000000002,23759.88
ORD303644,2024-01-06,CUST13089,Customer_13089,West,Mumbai,Electronics,Wireless Headphones,3,12354.15,0.05,UPI,Returning,No,37062.45,1853.1225,35209.3275
ORD303645,2024-12-02,CUST12779,Customer_12779,North,Delhi,Home & Kitchen,Water Bottle,5,1267.83,0.1,Cash,Returning,Yes,6339.15,633.915,5705.235
ORD303646,2025-02-09,CUST12358,Customer_12358,East,Chennai,Electronics,Wireless Headphones,6,10067.35,0.15,Debit Card,Returning,No,60404.100000000006,9060.615,51343.48500000001
ORD303647,2024-07-01,CUST13199,Customer_13199,South,Hyderabad,Sports,Dumbbells,5,2148.26,0.05,Credit Card,Returning,No,10741.300000000001,537.065,10204.235
ORD303648,2025-05-12,CUST12156,Customer_12156,East,Chennai,Home & Kitchen,Mixer Grinder,1,6729.06,0.05,Net Banking,Returning,No,6729.06,336.45300000000003,6392.607
ORD303649,2025-06-19,CUST13027,Customer_13027,East,Bengaluru,Home & Kitchen,Cookware Set,1,4098.32,0.25,UPI,New,No,4098.32,1024.58,3073.74
ORD303650,2024-09-05,CUST12310,Customer_12310,East,Mumbai,Clothing,Sneakers,2,4335.3,0.05,Net Banking,Returning,No,8670.6,433.53000000000003,8237.07
ORD303651,2025-03-27,CUST13466,Customer_13466,East,Vijayawada,Sports,Running Shoes,4,2262.61,0.1,Net Banking,Returning,No,9050.44,905.0440000000001,8145.396000000001
ORD303652,2024-12-15,CUST12623,Customer_12623,South,Chennai,Home & Kitchen,Bedsheet,4,6201.41,0.05,Cash,New,No,24805.64,1240.2820000000002,23565.358
ORD303653,2024-03-31,CUST13077,Customer_13077,West,Kolkata,Furniture,Bookshelf,2,21674.8,0.0,Net Banking,New,No,43349.6,0.0,43349.6
ORD303654,2025-04-09,CUST13158,Customer_13158,South,Mumbai,Home & Kitchen,Bedsheet,3,10825.68,0.2,Net Banking,Returning,Yes,32477.04,6495.408,25981.632
ORD303655,2025-04-26,CUST12378,Customer_12378,East,Mumbai,Sports,Running Shoes,3,3200.59,0.15,Cash,New,No,9601.77,1440.2655,8161.504500000001
ORD303656,2025-04-06,CUST13255,Customer_13255,North,Mumbai,Furniture,Bookshelf,5,2710.78,0.1,UPI,New,No,13553.900000000001,1355.3900000000003,12198.510000000002
ORD303657,2025-02-15,CUST13063,Customer_13063,South,Pune,Home & Kitchen,Water Bottle,1,11263.77,0.0,Net Banking,Returning,No,11263.77,0.0,11263.77
ORD303658,2025-02-27,CUST12683,Customer_12683,West,Mumbai,Sports,Cricket Bat,5,8887.32,0.15,Credit Card,New,No,44436.6,6665.49,37771.11
ORD303659,2024-11-23,CUST12189,Customer_12189,East,Vijayawada,Sports,Dumbbells,3,7714.43,0.0,UPI,Returning,No,23143.29,0.0,23143.29
ORD303660,2024-11-25,CUST12646,Customer_12646,West,Pune,Electronics,Smart Watch,2,3041.59,0.05,Net Banking,New,No,6083.18,304.15900000000005,5779.021000000001
ORD303661,2024-02-12,CUST13354,Customer_13354,South,Bengaluru,Clothing,Sneakers,3,2423.72,0.15,Net Banking,Returning,No,7271.16,1090.674,6180.486
ORD303662,2025-11-30,CUST12941,Customer_12941,North,Bengaluru,Furniture,Sofa,2,8232.01,0.1,Net Banking,New,No,16464.02,1646.402,14817.618
ORD303663,2025-07-18,CUST12185,Customer_12185,South,Hyderabad,Sports,Cricket Bat,2,8244.5,0.05,UPI,New,No,16489.0,824.45,15664.55
ORD303664,2025-10-04,CUST13451,Customer_13451,East,Chennai,Furniture,Coffee Table,1,22808.01,0.2,Cash,New,No,22808.01,4561.602,18246.408
ORD303665,2025-01-29,CUST12889,Customer_12889,East,Mumbai,Sports,Dumbbells,1,452.8,0.15,UPI,New,Yes,452.8,67.92,384.88
ORD303666,2024-07-20,CUST12684,Customer_12684,East,Pune,Furniture,Bookshelf,7,5243.79,0.1,Credit Card,Returning,No,36706.53,3670.6530000000002,33035.877
ORD303667,2024-10-06,CUST13418,Customer_13418,East,Hyderabad,Clothing,Jeans,3,3438.44,0.25,Net Banking,New,No,10315.32,2578.83,7736.49
ORD303668,2024-11-14,CUST12497,Customer_12497,East,Delhi,Sports,Dumbbells,3,6927.07,0.0,Credit Card,Returning,No,20781.21,0.0,20781.21
ORD303669,2025-10-13,CUST12439,Customer_12439,East,Kolkata,Furniture,Sofa,2,13948.54,0.0,Debit Card,Returning,Yes,27897.08,0.0,27897.08
ORD303670,2025-04-03,CUST12929,Customer_12929,West,Delhi,Sports,Yoga Mat,1,2553.86,0.05,Debit Card,Returning,No,2553.86,127.69300000000001,2426.167
ORD303671,2025-07-29,CUST12929,Customer_12929,South,Pune,Electronics,Bluetooth Speaker,3,11133.11,0.1,Debit Card,Returning,No,33399.33,3339.9330000000004,30059.397
ORD303672,2025-11-12,CUST13430,Customer_13430,North,Bengaluru,Electronics,Smart Watch,2,10810.33,0.1,Credit Card,Returning,No,21620.66,2162.0660000000003,19458.594
ORD303673,2024-05-05,CUST12400,Customer_12400,West,Chennai,Home & Kitchen,Bedsheet,4,7188.03,0.15,Credit Card,New,No,28752.12,4312.817999999999,24439.302
ORD303674,2025-04-23,CUST13195,Customer_13195,South,Bengaluru,Furniture,Bookshelf,5,19603.57,0.0,Cash,Returning,No,98017.85,0.0,98017.85
ORD303675,2025-11-08,CUST13436,Customer_13436,North,Hyderabad,Home & Kitchen,Bedsheet,3,1991.34,0.1,UPI,New,No,5974.0199999999995,597.4019999999999,5376.6179999999995
ORD303676,2025-12-06,CUST13175,Customer_13175,South,Kolkata,Electronics,Bluetooth Speaker,2,7891.69,0.05,Debit Card,Returning,No,15783.38,789.169,14994.211
ORD303677,2025-06-07,CUST13150,Customer_13150,East,Bengaluru,Furniture,Coffee Table,1,18238.26,0.0,Net Banking,Returning,No,18238.26,0.0,18238.26
ORD303678,2024-12-15,CUST13484,Customer_13484,East,Kolkata,Electronics,Bluetooth Speaker,1,11963.73,0.05,Credit Card,New,No,11963.73,598.1865,11365.5435
ORD303679,2025-03-20,CUST13007,Customer_13007,West,Delhi,Home & Kitchen,Bedsheet,4,5195.55,0.1,UPI,Returning,No,20782.2,2078.2200000000003,18703.98
ORD303680,2024-02-20,CUST12341,Customer_12341,West,Kolkata,Clothing,Jacket,2,2213.26,0.25,Credit Card,New,No,4426.52,1106.63,3319.8900000000003
ORD303681,2024-03-23,CUST13223,Customer_13223,West,Kolkata,Sports,Football,2,7462.98,0.15,UPI,Returning,No,14925.96,2238.894,12687.065999999999
ORD303682,2025-06-02,CUST12538,Customer_12538,South,Vijayawada,Sports,Running Shoes,5,6775.42,0.0,UPI,New,No,33877.1,0.0,33877.1
ORD303683,2025-08-29,CUST12171,Customer_12171,South,Delhi,Clothing,Formal Shirt,4,5032.4,0.0,Net Banking,New,No,20129.6,0.0,20129.6
ORD303684,2024-05-15,CUST13443,Customer_13443,West,Kolkata,Home & Kitchen,Storage Box,7,3083.8,0.1,Cash,Returning,No,21586.600000000002,2158.6600000000003,19427.940000000002
ORD303685,2025-05-07,CUST13287,Customer_13287,West,Delhi,Clothing,Sneakers,5,1412.49,0.15,Net Banking,Returning,No,7062.45,1059.3674999999998,6003.0825
ORD303686,2025-11-24,CUST12615,Customer_12615,East,Bengaluru,Home & Kitchen,Mixer Grinder,3,5530.13,0.0,Debit Card,New,No,16590.39,0.0,16590.39
ORD303687,2025-08-20,CUST12099,Customer_12099,East,Hyderabad,Home & Kitchen,Storage Box,2,6132.22,0.0,Net Banking,New,No,12264.44,0.0,12264.44
ORD303688,2024-07-13,CUST12833,Customer_12833,South,Pune,Clothing,T-Shirt,2,524.5,0.05,UPI,New,No,1049.0,52.45,996.55
ORD303689,2025-04-22,CUST13144,Customer_13144,West,Delhi,Furniture,Coffee Table,2,8732.55,0.1,Cash,Returning,No,17465.1,1746.51,15718.589999999998
ORD303690,2024-06-21,CUST12395,Customer_12395,South,Kolkata,Home & Kitchen,Bedsheet,1,8107.47,0.1,UPI,Returning,Yes,8107.47,810.7470000000001,7296.723
ORD303691,2024-10-02,CUST12427,Customer_12427,South,Kolkata,Furniture,Study Table,2,17017.28,0.0,Cash,New,No,34034.56,0.0,34034.56
ORD303692,2024-06-24,CUST13390,Customer_13390,North,Vijayawada,Furniture,Study Table,3,16876.25,0.0,Debit Card,Returning,No,50628.75,0.0,50628.75
ORD303693,2024-06-15,CUST13313,Customer_13313,North,Kolkata,Furniture,Sofa,4,17060.81,0.0,Debit Card,Returning,No,68243.24,0.0,68243.24
ORD303694,2025-04-04,CUST13497,Customer_13497,North,Hyderabad,Sports,Cricket Bat,1,934.2,0.1,UPI,New,No,934.2,93.42000000000002,840.78
ORD303695,2024-07-12,CUST12946,Customer_12946,South,Delhi,Electronics,Wireless Headphones,1,1717.84,0.15,Credit Card,New,No,1717.84,257.676,1460.164
ORD303696,2025-12-18,CUST12590,Customer_12590,South,Vijayawada,Clothing,Jeans,1,1633.58,0.15,Net Banking,Returning,No,1633.58,245.03699999999998,1388.543
ORD303697,2025-02-25,CUST12111,Customer_12111,North,Hyderabad,Sports,Dumbbells,4,7457.92,0.05,Debit Card,Returning,No,29831.68,1491.584,28340.096
ORD303698,2024-08-02,CUST13080,Customer_13080,East,Vijayawada,Clothing,T-Shirt,3,1031.25,0.2,Credit Card,New,No,3093.75,618.75,2475.0
ORD303699,2025-10-12,CUST12520,Customer_12520,South,Kolkata,Sports,Football,2,2051.38,0.0,Debit Card,Returning,No,4102.76,0.0,4102.76
ORD303700,2024-09-11,CUST12238,Customer_12238,South,Pune,Electronics,Power Bank,3,9536.89,0.1,Cash,Returning,No,28610.67,2861.067,25749.603
ORD303701,2024-06-16,CUST12771,Customer_12771,South,Kolkata,Sports,Running Shoes,1,4740.4,0.05,Net Banking,New,No,4740.4,237.01999999999998,4503.379999999999
ORD303702,2025-01-13,CUST13456,Customer_13456,West,Chennai,Electronics,USB Keyboard,1,22538.8,0.1,Debit Card,Returning,No,22538.8,2253.88,20284.92
ORD303703,2025-02-17,CUST12882,Customer_12882,West,Pune,Electronics,Smart Watch,3,12579.57,0.15,Debit Card,New,No,37738.71,5660.8065,32077.9035
ORD303704,2024-10-18,CUST12932,Customer_12932,North,Chennai,Sports,Dumbbells,3,3672.37,0.2,Net Banking,New,No,11017.11,2203.422,8813.688
ORD303705,2025-11-14,CUST12698,Customer_12698,South,Kolkata,Sports,Cricket Bat,2,3958.04,0.1,Debit Card,New,Yes,7916.08,791.6080000000001,7124.472
ORD303706,2024-01-23,CUST12148,Customer_12148,South,Delhi,Clothing,T-Shirt,2,4581.47,0.15,UPI,New,No,9162.94,1374.441,7788.499000000001
ORD303707,2024-11-18,CUST12989,Customer_12989,West,Hyderabad,Electronics,Smart Watch,3,12082.91,0.15,Net Banking,Returning,No,36248.729999999996,5437.309499999999,30811.420499999997
ORD303708,2025-02-17,CUST13284,Customer_13284,East,Mumbai,Electronics,Power Bank,1,10775.89,0.15,Cash,Returning,No,10775.89,1616.3835,9159.5065
ORD303709,2024-04-03,CUST12836,Customer_12836,East,Vijayawada,Home & Kitchen,Storage Box,6,6865.97,0.0,Credit Card,Returning,No,41195.82,0.0,41195.82
ORD303710,2025-09-13,CUST13445,Customer_13445,North,Vijayawada,Home & Kitchen,Cookware Set,5,6350.95,0.15,Net Banking,New,No,31754.75,4763.2125,26991.5375
ORD303711,2025-08-01,CUST12517,Customer_12517,South,Kolkata,Sports,Cricket Bat,4,2516.43,0.0,Credit Card,New,No,10065.72,0.0,10065.72
ORD303712,2024-11-14,CUST12095,Customer_12095,West,Hyderabad,Clothing,Jacket,4,2867.21,0.1,Cash,Returning,No,11468.84,1146.884,10321.956
ORD303713,2025-06-13,CUST13443,Customer_13443,North,Vijayawada,Home & Kitchen,Bedsheet,4,3776.72,0.0,Net Banking,Returning,No,15106.88,0.0,15106.88
ORD303714,2024-04-24,CUST12209,Customer_12209,East,Pune,Electronics,Bluetooth Speaker,1,15607.05,0.25,Net Banking,Returning,No,15607.05,3901.7625,11705.287499999999
ORD303715,2025-11-30,CUST12847,Customer_12847,North,Delhi,Sports,Cricket Bat,4,3249.44,0.15,Debit Card,New,No,12997.76,1949.664,11048.096
ORD303716,2025-05-10,CUST12640,Customer_12640,West,Kolkata,Furniture,Office Chair,2,14281.92,0.0,Credit Card,New,No,28563.84,0.0,28563.84
ORD303717,2025-09-29,CUST12163,Customer_12163,East,Mumbai,Home & Kitchen,Bedsheet,3,3020.36,0.05,Cash,New,No,9061.08,453.05400000000003,8608.026
ORD303718,2024-04-24,CUST12157,Customer_12157,West,Bengaluru,Furniture,Sofa,1,3611.76,0.05,Debit Card,New,No,3611.76,180.58800000000002,3431.172
ORD303719,2024-10-08,CUST13255,Customer_13255,West,Chennai,Home & Kitchen,Mixer Grinder,1,8130.76,0.25,Net Banking,New,No,8130.76,2032.69,6098.07
ORD303720,2025-07-12,CUST12140,Customer_12140,East,Kolkata,Home & Kitchen,Cookware Set,5,9098.26,0.1,Cash,New,No,45491.3,4549.13,40942.170000000006
ORD303721,2024-01-04,CUST13499,Customer_13499,West,Hyderabad,Home & Kitchen,Water Bottle,2,10417.53,0.05,Credit Card,Returning,No,20835.06,1041.7530000000002,19793.307
ORD303722,2024-06-20,CUST13275,Customer_13275,South,Delhi,Clothing,Jeans,3,5584.87,0.0,Net Banking,New,No,16754.61,0.0,16754.61
ORD303723,2024-04-18,CUST12799,Customer_12799,North,Kolkata,Clothing,Sneakers,6,5285.89,0.1,Cash,Returning,Yes,31715.340000000004,3171.5340000000006,28543.806000000004
ORD303724,2024-09-03,CUST12023,Customer_12023,North,Kolkata,Clothing,Jacket,6,5653.38,0.0,Cash,Returning,No,33920.28,0.0,33920.28
ORD303725,2024-01-07,CUST12412,Customer_12412,West,Vijayawada,Electronics,Smart Watch,2,6088.61,0.2,Net Banking,Returning,No,12177.22,2435.444,9741.776
ORD303726,2025-05-19,CUST13054,Customer_13054,South,Bengaluru,Clothing,Jacket,5,1960.02,0.05,Cash,New,No,9800.1,490.00500000000005,9310.095000000001
ORD303727,2024-03-01,CUST12215,Customer_12215,North,Vijayawada,Furniture,Bookshelf,3,22612.12,0.15,Cash,Returning,Yes,67836.36,10175.454,57660.906
ORD303728,2025-03-22,CUST13205,Customer_13205,East,Mumbai,Clothing,Jeans,3,2288.09,0.1,Cash,Returning,No,6864.27,686.4270000000001,6177.843000000001
ORD303729,2024-12-21,CUST12581,Customer_12581,East,Vijayawada,Furniture,Coffee Table,5,3639.37,0.15,Credit Card,New,No,18196.85,2729.5274999999997,15467.322499999998
ORD303730,2024-06-29,CUST12492,Customer_12492,East,Chennai,Sports,Yoga Mat,3,8990.1,0.05,Cash,New,No,26970.300000000003,1348.5150000000003,25621.785000000003
ORD303731,2025-08-21,CUST13119,Customer_13119,West,Kolkata,Furniture,Office Chair,2,17068.05,0.1,UPI,Returning,No,34136.1,3413.61,30722.489999999998
ORD303732,2025-09-23,CUST13017,Customer_13017,West,Vijayawada,Clothing,Sneakers,4,4586.68,0.15,Debit Card,New,No,18346.72,2752.0080000000003,15594.712000000001
ORD303733,2024-11-27,CUST12976,Customer_12976,East,Delhi,Furniture,Coffee Table,2,22816.02,0.1,UPI,New,No,45632.04,4563.204000000001,41068.836
ORD303734,2025-03-31,CUST12796,Customer_12796,North,Vijayawada,Furniture,Sofa,4,13495.42,0.25,Debit Card,Returning,No,53981.68,13495.42,40486.26
ORD303735,2024-11-09,CUST12341,Customer_12341,South,Bengaluru,Electronics,Power Bank,3,14106.45,0.1,Net Banking,Returning,No,42319.350000000006,4231.935,38087.41500000001
ORD303736,2024-06-26,CUST13303,Customer_13303,North,Bengaluru,Electronics,USB Keyboard,2,10311.87,0.15,UPI,New,No,20623.74,3093.561,17530.179
ORD303737,2024-11-16,CUST12167,Customer_12167,South,Kolkata,Electronics,Bluetooth Speaker,3,11460.64,0.1,Debit Card,New,No,34381.92,3438.192,30943.728
ORD303738,2024-08-26,CUST12896,Customer_12896,North,Hyderabad,Clothing,Jeans,2,5465.19,0.15,Credit Card,Returning,No,10930.38,1639.5569999999998,9290.823
ORD303739,2025-01-17,CUST12864,Customer_12864,North,Delhi,Electronics,Smart Watch,2,19124.03,0.2,Credit Card,Returning,No,38248.06,7649.612,30598.447999999997
ORD303740,2024-01-01,CUST13325,Customer_13325,South,Mumbai,Electronics,Wireless Headphones,1,15376.96,0.1,Credit Card,New,No,15376.96,1537.696,13839.264
ORD303741,2024-02-17,CUST13083,Customer_13083,West,Vijayawada,Electronics,Power Bank,7,4397.74,0.0,Credit Card,Returning,No,30784.18,0.0,30784.18
ORD303742,2024-06-23,CUST12504,Customer_12504,South,Chennai,Sports,Yoga Mat,5,495.78,0.05,Debit Card,Returning,Yes,2478.8999999999996,123.945,2354.9549999999995
ORD303743,2024-08-18,CUST12078,Customer_12078,East,Delhi,Furniture,Bookshelf,3,22341.26,0.25,Cash,Returning,No,67023.78,16755.945,50267.835
ORD303744,2025-01-13,CUST13470,Customer_13470,West,Bengaluru,Furniture,Bookshelf,1,19198.49,0.15,Credit Card,Returning,No,19198.49,2879.7735000000002,16318.716500000002
ORD303745,2024-10-14,CUST12040,Customer_12040,North,Delhi,Electronics,USB Keyboard,1,17774.71,0.15,Credit Card,New,No,17774.71,2666.2065,15108.503499999999
ORD303746,2025-02-10,CUST13035,Customer_13035,East,Bengaluru,Furniture,Study Table,3,25410.1,0.1,Debit Card,Returning,No,76230.29999999999,7623.029999999999,68607.26999999999
ORD303747,2025-07-10,CUST12099,Customer_12099,West,Hyderabad,Clothing,T-Shirt,2,4468.26,0.1,Credit Card,Returning,No,8936.52,893.652,8042.868
ORD303748,2025-02-15,CUST13361,Customer_13361,West,Bengaluru,Clothing,Formal Shirt,4,2021.85,0.2,Net Banking,Returning,No,8087.4,1617.48,6469.92
ORD303749,2024-10-24,CUST12946,Customer_12946,West,Kolkata,Clothing,Jeans,2,5080.63,0.0,Credit Card,Returning,No,10161.26,0.0,10161.26
ORD303750,2024-01-30,CUST12885,Customer_12885,South,Vijayawada,Electronics,Wireless Headphones,2,5350.15,0.0,Debit Card,Returning,No,10700.3,0.0,10700.3
ORD303751,2024-01-14,CUST13188,Customer_13188,West,Kolkata,Electronics,Smart Watch,1,17157.18,0.0,Debit Card,New,No,17157.18,0.0,17157.18
ORD303752,2025-10-31,CUST13141,Customer_13141,South,Kolkata,Home & Kitchen,Bedsheet,2,11445.21,0.2,UPI,New,No,22890.42,4578.084,18312.336
ORD303753,2024-01-11,CUST12531,Customer_12531,West,Hyderabad,Furniture,Study Table,2,13980.42,0.1,Cash,Returning,No,27960.84,2796.0840000000003,25164.756
ORD303754,2024-07-26,CUST12542,Customer_12542,North,Delhi,Clothing,T-Shirt,7,5408.33,0.05,Debit Card,New,No,37858.31,1892.9155,35965.394499999995
ORD303755,2024-07-09,CUST12280,Customer_12280,East,Vijayawada,Clothing,Jeans,3,1263.53,0.1,UPI,Returning,No,3790.59,379.059,3411.531
ORD303756,2024-12-05,CUST13258,Customer_13258,East,Mumbai,Electronics,Bluetooth Speaker,2,21359.08,0.05,UPI,Returning,No,42718.16,2135.9080000000004,40582.252
ORD303757,2024-08-13,CUST13380,Customer_13380,South,Bengaluru,Electronics,Wireless Headphones,2,22306.75,0.1,Net Banking,Returning,No,44613.5,4461.35,40152.15
ORD303758,2025-02-24,CUST12850,Customer_12850,South,Bengaluru,Clothing,Jacket,1,553.63,0.05,Net Banking,New,No,553.63,27.6815,525.9485
ORD303759,2024-09-14,CUST13024,Customer_13024,North,Hyderabad,Furniture,Office Chair,1,4093.57,0.1,Debit Card,New,No,4093.57,409.357,3684.213
ORD303760,2025-11-10,CUST12449,Customer_12449,South,Hyderabad,Furniture,Study Table,5,22609.64,0.1,Net Banking,New,No,113048.2,11304.82,101743.38
ORD303761,2024-06-08,CUST12414,Customer_12414,West,Kolkata,Home & Kitchen,Storage Box,1,5408.89,0.1,Debit Card,Returning,No,5408.89,540.889,4868.001
ORD303762,2025-03-19,CUST12248,Customer_12248,West,Pune,Home & Kitchen,Mixer Grinder,3,7876.53,0.25,Debit Card,Returning,No,23629.59,5907.3975,17722.1925
ORD303763,2025-07-17,CUST12092,Customer_12092,North,Kolkata,Clothing,Formal Shirt,2,3007.79,0.05,Cash,Returning,Yes,6015.58,300.779,5714.8009999999995
ORD303764,2024-04-08,CUST12059,Customer_12059,North,Vijayawada,Home & Kitchen,Mixer Grinder,4,8980.71,0.1,UPI,Returning,No,35922.84,3592.2839999999997,32330.555999999997
ORD303765,2024-05-13,CUST12832,Customer_12832,South,Delhi,Furniture,Coffee Table,1,19388.1,0.05,Credit Card,Returning,Yes,19388.1,969.405,18418.695
ORD303766,2024-05-03,CUST12031,Customer_12031,West,Chennai,Sports,Cricket Bat,2,9335.09,0.1,Credit Card,Returning,No,18670.18,1867.018,16803.162
ORD303767,2025-07-12,CUST12494,Customer_12494,North,Delhi,Electronics,Smart Watch,3,7202.65,0.2,UPI,New,No,21607.949999999997,4321.589999999999,17286.359999999997
ORD303768,2024-04-25,CUST12685,Customer_12685,North,Bengaluru,Home & Kitchen,Storage Box,5,3117.02,0.1,Cash,Returning,No,15585.1,1558.5100000000002,14026.59
ORD303769,2025-09-18,CUST13485,Customer_13485,West,Mumbai,Sports,Football,3,3997.57,0.25,Cash,Returning,No,11992.710000000001,2998.1775000000002,8994.532500000001
ORD303770,2024-03-01,CUST12802,Customer_12802,North,Chennai,Home & Kitchen,Cookware Set,3,7089.29,0.0,UPI,Returning,No,21267.87,0.0,21267.87
ORD303771,2025-03-19,CUST12867,Customer_12867,West,Bengaluru,Clothing,T-Shirt,2,5499.86,0.2,Credit Card,Returning,No,10999.72,2199.944,8799.776
ORD303772,2025-09-09,CUST12598,Customer_12598,North,Chennai,Clothing,Sneakers,2,937.52,0.1,Net Banking,New,No,1875.04,187.50400000000002,1687.536
ORD303773,2024-03-08,CUST13228,Customer_13228,North,Delhi,Electronics,Wireless Headphones,2,3500.38,0.0,Cash,New,No,7000.76,0.0,7000.76
ORD303774,2024-01-15,CUST12830,Customer_12830,South,Bengaluru,Home & Kitchen,Storage Box,2,458.96,0.05,Credit Card,New,No,917.92,45.896,872.024
ORD303775,2025-05-27,CUST12385,Customer_12385,West,Chennai,Home & Kitchen,Bedsheet,3,4661.89,0.15,Credit Card,Returning,No,13985.670000000002,2097.8505,11887.819500000001
ORD303776,2024-03-22,CUST12244,Customer_12244,West,Vijayawada,Sports,Dumbbells,2,2375.22,0.0,Debit Card,Returning,No,4750.44,0.0,4750.44
ORD303777,2024-03-29,CUST12233,Customer_12233,South,Bengaluru,Electronics,Power Bank,4,16283.28,0.25,Debit Card,New,No,65133.12,16283.28,48849.840000000004
ORD303778,2024-05-03,CUST13102,Customer_13102,South,Chennai,Clothing,Jacket,6,5732.13,0.0,UPI,New,No,34392.78,0.0,34392.78
ORD303779,2025-12-10,CUST12254,Customer_12254,West,Mumbai,Furniture,Coffee Table,1,24319.82,0.05,Net Banking,New,No,24319.82,1215.991,23103.828999999998
ORD303780,2024-07-30,CUST12860,Customer_12860,South,Pune,Furniture,Study Table,1,27249.51,0.05,Credit Card,New,No,27249.51,1362.4755,25887.034499999998
ORD303781,2024-04-05,CUST12202,Customer_12202,South,Pune,Electronics,Power Bank,3,21034.84,0.05,Credit Card,Returning,No,63104.520000000004,3155.2260000000006,59949.294
ORD303782,2024-03-30,CUST12276,Customer_12276,East,Hyderabad,Sports,Dumbbells,1,5065.09,0.0,Net Banking,Returning,No,5065.09,0.0,5065.09
ORD303783,2025-08-25,CUST13474,Customer_13474,East,Chennai,Sports,Football,2,5233.79,0.15,Cash,Returning,No,10467.58,1570.137,8897.443
ORD303784,2024-12-18,CUST13414,Customer_13414,South,Vijayawada,Furniture,Bookshelf,2,20103.19,0.25,Cash,Returning,No,40206.38,10051.595,30154.784999999996
ORD303785,2025-08-19,CUST13147,Customer_13147,East,Delhi,Furniture,Coffee Table,2,19155.96,0.1,Credit Card,Returning,No,38311.92,3831.192,34480.727999999996
ORD303786,2024-02-04,CUST13382,Customer_13382,East,Vijayawada,Sports,Running Shoes,3,4176.38,0.1,Cash,Returning,No,12529.14,1252.914,11276.225999999999
ORD303787,2025-04-18,CUST12480,Customer_12480,North,Bengaluru,Clothing,Jeans,1,4373.13,0.15,Net Banking,New,No,4373.13,655.9695,3717.1605
ORD303788,2024-10-23,CUST12618,Customer_12618,East,Hyderabad,Sports,Dumbbells,4,4781.8,0.1,UPI,Returning,No,19127.2,1912.7200000000003,17214.48
ORD303789,2025-03-08,CUST12141,Customer_12141,West,Delhi,Furniture,Coffee Table,6,7852.45,0.0,Net Banking,Returning,No,47114.7,0.0,47114.7
ORD303790,2024-11-16,CUST12023,Customer_12023,South,Pune,Electronics,Wireless Headphones,3,10449.54,0.05,Net Banking,Returning,No,31348.620000000003,1567.4310000000003,29781.189000000002
ORD303791,2025-09-27,CUST12672,Customer_12672,South,Kolkata,Electronics,Smart Watch,2,2274.34,0.0,UPI,New,Yes,4548.68,0.0,4548.68
ORD303792,2024-11-14,CUST12151,Customer_12151,East,Pune,Clothing,Jeans,2,1608.58,0.15,Credit Card,Returning,No,3217.16,482.57399999999996,2734.586
ORD303793,2024-12-12,CUST12348,Customer_12348,South,Kolkata,Sports,Yoga Mat,3,827.68,0.1,Credit Card,New,No,2483.04,248.304,2234.736
ORD303794,2025-12-31,CUST12857,Customer_12857,East,Vijayawada,Sports,Football,1,9337.33,0.15,UPI,New,No,9337.33,1400.5995,7936.7305
ORD303795,2025-05-15,CUST13139,Customer_13139,South,Chennai,Electronics,Wireless Headphones,4,16857.62,0.1,UPI,Returning,No,67430.48,6743.048,60687.43199999999
ORD303796,2024-04-26,CUST13213,Customer_13213,North,Hyderabad,Sports,Dumbbells,2,1463.0,0.05,UPI,New,No,2926.0,146.3,2779.7
ORD303797,2025-03-26,CUST13396,Customer_13396,West,Bengaluru,Clothing,Sneakers,5,2475.39,0.15,Net Banking,Returning,No,12376.949999999999,1856.5424999999998,10520.4075
ORD303798,2025-04-04,CUST13495,Customer_13495,North,Chennai,Home & Kitchen,Cookware Set,3,8695.25,0.05,UPI,Returning,No,26085.75,1304.2875000000001,24781.4625
ORD303799,2025-08-22,CUST12617,Customer_12617,North,Chennai,Sports,Cricket Bat,5,8578.77,0.15,Debit Card,New,No,42893.850000000006,6434.0775,36459.77250000001
ORD303800,2024-03-27,CUST12477,Customer_12477,West,Vijayawada,Electronics,Smart Watch,5,3142.79,0.05,Credit Card,Returning,No,15713.95,785.6975000000001,14928.2525
ORD303801,2025-05-11,CUST13437,Customer_13437,North,Mumbai,Electronics,Bluetooth Speaker,6,12335.98,0.1,UPI,Returning,No,74015.88,7401.588000000001,66614.292
ORD303802,2025-09-18,CUST12158,Customer_12158,North,Chennai,Furniture,Office Chair,6,20749.12,0.0,Cash,New,No,124494.72,0.0,124494.72
ORD303803,2025-12-14,CUST13297,Customer_13297,West,Vijayawada,Home & Kitchen,Storage Box,3,2483.31,0.0,Credit Card,Returning,No,7449.93,0.0,7449.93
ORD303804,2024-07-15,CUST13191,Customer_13191,South,Chennai,Clothing,T-Shirt,2,3863.82,0.05,Debit Card,Returning,No,7727.64,386.38200000000006,7341.258
ORD303805,2025-01-14,CUST13175,Customer_13175,West,Pune,Furniture,Coffee Table,6,24208.83,0.15,Debit Card,Returning,Yes,145252.98,21787.947,123465.03300000001
ORD303806,2025-03-13,CUST12238,Customer_12238,North,Chennai,Sports,Football,5,8753.73,0.1,Credit Card,New,No,43768.649999999994,4376.865,39391.784999999996
ORD303807,2025-11-06,CUST12858,Customer_12858,West,Bengaluru,Electronics,Wireless Headphones,4,6802.53,0.25,Cash,New,No,27210.12,6802.53,20407.59
ORD303808,2025-05-10,CUST12841,Customer_12841,West,Kolkata,Furniture,Sofa,2,5117.2,0.05,Cash,Returning,No,10234.4,511.72,9722.68
ORD303809,2025-03-21,CUST12494,Customer_12494,North,Chennai,Sports,Running Shoes,4,1987.95,0.1,Net Banking,New,No,7951.8,795.1800000000001,7156.62
ORD303810,2024-05-26,CUST13202,Customer_13202,East,Hyderabad,Electronics,Wireless Headphones,2,20096.35,0.15,Debit Card,New,No,40192.7,6028.905,34163.795
ORD303811,2024-10-15,CUST13456,Customer_13456,South,Hyderabad,Sports,Yoga Mat,5,8606.92,0.1,Debit Card,Returning,No,43034.6,4303.46,38731.14
ORD303812,2025-02-09,CUST13414,Customer_13414,North,Pune,Furniture,Sofa,2,13316.5,0.05,UPI,Returning,No,26633.0,1331.65,25301.35
ORD303813,2025-03-25,CUST13008,Customer_13008,East,Delhi,Home & Kitchen,Storage Box,2,10866.17,0.05,Net Banking,Returning,No,21732.34,1086.617,20645.723
ORD303814,2024-07-28,CUST12338,Customer_12338,East,Pune,Sports,Running Shoes,1,7412.48,0.05,Cash,New,No,7412.48,370.624,7041.856
ORD303815,2025-03-21,CUST12260,Customer_12260,North,Pune,Furniture,Bookshelf,1,19558.3,0.1,UPI,New,No,19558.3,1955.83,17602.47
ORD303816,2024-08-27,CUST12120,Customer_12120,South,Vijayawada,Sports,Yoga Mat,2,9103.83,0.25,UPI,Returning,No,18207.66,4551.915,13655.744999999999
ORD303817,2024-08-12,CUST12575,Customer_12575,West,Hyderabad,Sports,Running Shoes,2,6568.34,0.15,Net Banking,Returning,No,13136.68,1970.502,11166.178
ORD303818,2024-04-18,CUST12856,Customer_12856,West,Kolkata,Furniture,Study Table,1,11996.3,0.05,Cash,New,No,11996.3,599.8149999999999,11396.484999999999
ORD303819,2024-09-28,CUST12663,Customer_12663,South,Pune,Clothing,T-Shirt,1,4151.53,0.15,Cash,New,No,4151.53,622.7294999999999,3528.8005
ORD303820,2025-02-06,CUST12748,Customer_12748,South,Delhi,Furniture,Coffee Table,7,13382.59,0.15,Debit Card,New,No,93678.13,14051.719500000001,79626.4105
ORD303821,2025-08-19,CUST12954,Customer_12954,East,Pune,Clothing,Jacket,4,2177.64,0.2,Credit Card,Returning,No,8710.56,1742.112,6968.447999999999
ORD303822,2024-06-22,CUST12163,Customer_12163,East,Pune,Clothing,T-Shirt,3,5451.39,0.0,Net Banking,New,No,16354.170000000002,0.0,16354.170000000002
ORD303823,2025-02-23,CUST12132,Customer_12132,East,Kolkata,Sports,Yoga Mat,4,2238.44,0.05,UPI,New,No,8953.76,447.68800000000005,8506.072
ORD303824,2025-04-05,CUST13434,Customer_13434,North,Bengaluru,Home & Kitchen,Water Bottle,3,2723.59,0.15,UPI,New,No,8170.77,1225.6155,6945.154500000001
ORD303825,2025-11-29,CUST12032,Customer_12032,South,Hyderabad,Sports,Cricket Bat,1,5274.16,0.0,Credit Card,New,No,5274.16,0.0,5274.16
ORD303826,2025-03-27,CUST12211,Customer_12211,North,Kolkata,Clothing,Jacket,2,2309.52,0.05,Net Banking,New,Yes,4619.04,230.952,4388.088
ORD303827,2025-03-23,CUST13289,Customer_13289,North,Mumbai,Sports,Football,1,4456.67,0.05,UPI,New,No,4456.67,222.83350000000002,4233.8365
ORD303828,2024-12-23,CUST12153,Customer_12153,South,Delhi,Sports,Dumbbells,6,3567.7,0.15,Net Banking,New,No,21406.199999999997,3210.9299999999994,18195.269999999997
ORD303829,2025-11-18,CUST12394,Customer_12394,South,Chennai,Home & Kitchen,Cookware Set,6,6631.36,0.2,Cash,Returning,No,39788.159999999996,7957.632,31830.528
ORD303830,2024-01-31,CUST13040,Customer_13040,West,Chennai,Furniture,Office Chair,1,22416.04,0.1,Debit Card,Returning,No,22416.04,2241.6040000000003,20174.436
ORD303831,2024-01-23,CUST13216,Customer_13216,West,Vijayawada,Clothing,Jacket,5,2050.11,0.1,UPI,New,Yes,10250.550000000001,1025.055,9225.495
ORD303832,2024-10-21,CUST12066,Customer_12066,East,Bengaluru,Clothing,Formal Shirt,2,2432.26,0.0,UPI,New,No,4864.52,0.0,4864.52
ORD303833,2024-04-03,CUST12635,Customer_12635,West,Bengaluru,Furniture,Bookshelf,2,9540.04,0.0,Net Banking,Returning,No,19080.08,0.0,19080.08
ORD303834,2024-07-29,CUST13347,Customer_13347,West,Mumbai,Electronics,USB Keyboard,1,19133.33,0.0,Net Banking,New,No,19133.33,0.0,19133.33
ORD303835,2024-04-19,CUST12557,Customer_12557,South,Delhi,Home & Kitchen,Storage Box,1,10118.64,0.05,Debit Card,Returning,No,10118.64,505.932,9612.707999999999
ORD303836,2024-12-11,CUST12804,Customer_12804,East,Kolkata,Sports,Football,1,6670.94,0.05,Cash,New,No,6670.94,333.547,6337.393
ORD303837,2025-07-11,CUST13172,Customer_13172,East,Hyderabad,Furniture,Office Chair,2,12417.41,0.0,Cash,New,No,24834.82,0.0,24834.82
ORD303838,2024-05-08,CUST12414,Customer_12414,East,Delhi,Home & Kitchen,Storage Box,7,11276.75,0.1,UPI,New,No,78937.25,7893.725,71043.525
ORD303839,2024-01-18,CUST13113,Customer_13113,South,Vijayawada,Electronics,Smart Watch,3,10878.17,0.0,Credit Card,Returning,No,32634.510000000002,0.0,32634.510000000002
ORD303840,2025-11-13,CUST12165,Customer_12165,North,Mumbai,Home & Kitchen,Mixer Grinder,4,8498.68,0.2,Credit Card,Returning,No,33994.72,6798.944,27195.776
ORD303841,2025-02-12,CUST12050,Customer_12050,South,Vijayawada,Clothing,T-Shirt,2,4346.79,0.25,UPI,Returning,No,8693.58,2173.395,6520.1849999999995
ORD303842,2024-05-08,CUST12745,Customer_12745,East,Chennai,Electronics,USB Keyboard,1,14171.73,0.05,UPI,New,No,14171.73,708.5865,13463.1435
ORD303843,2025-06-14,CUST12943,Customer_12943,East,Delhi,Furniture,Bookshelf,1,24151.03,0.1,Debit Card,Returning,No,24151.03,2415.103,21735.927
ORD303844,2025-02-19,CUST12059,Customer_12059,South,Bengaluru,Home & Kitchen,Mixer Grinder,4,8926.7,0.15,Credit Card,New,No,35706.8,5356.02,30350.780000000002
ORD303845,2025-07-02,CUST13025,Customer_13025,East,Mumbai,Sports,Yoga Mat,1,5580.82,0.15,Credit Card,New,No,5580.82,837.1229999999999,4743.697
ORD303846,2025-01-20,CUST12314,Customer_12314,East,Kolkata,Home & Kitchen,Mixer Grinder,2,2762.37,0.1,Credit Card,Returning,No,5524.74,552.474,4972.266
ORD303847,2024-08-05,CUST13321,Customer_13321,West,Hyderabad,Clothing,Jeans,1,5384.36,0.0,Credit Card,Returning,No,5384.36,0.0,5384.36
ORD303848,2025-01-04,CUST13278,Customer_13278,East,Kolkata,Furniture,Office Chair,2,16221.74,0.2,Cash,Returning,No,32443.48,6488.696,25954.784
ORD303849,2024-07-03,CUST13104,Customer_13104,South,Mumbai,Electronics,USB Keyboard,3,2632.17,0.05,Cash,Returning,No,7896.51,394.82550000000003,7501.6845
ORD303850,2025-01-01,CUST13318,Customer_13318,West,Bengaluru,Clothing,Formal Shirt,3,2611.29,0.0,UPI,Returning,No,7833.87,0.0,7833.87
ORD303851,2024-05-14,CUST12840,Customer_12840,South,Hyderabad,Furniture,Office Chair,2,27358.9,0.15,Debit Card,Returning,No,54717.8,8207.67,46510.130000000005
ORD303852,2025-05-09,CUST12563,Customer_12563,South,Chennai,Furniture,Sofa,7,13135.15,0.1,Debit Card,Returning,No,91946.05,9194.605000000001,82751.445
ORD303853,2024-09-10,CUST12525,Customer_12525,North,Mumbai,Sports,Football,5,9023.3,0.15,Credit Card,Returning,No,45116.5,6767.474999999999,38349.025
ORD303854,2024-02-17,CUST12204,Customer_12204,East,Hyderabad,Sports,Running Shoes,1,6167.95,0.0,UPI,Returning,No,6167.95,0.0,6167.95
ORD303855,2024-12-15,CUST13445,Customer_13445,West,Vijayawada,Sports,Yoga Mat,5,7915.21,0.05,UPI,Returning,No,39576.05,1978.8025000000002,37597.247500000005
ORD303856,2025-11-20,CUST13179,Customer_13179,South,Chennai,Clothing,Formal Shirt,4,3842.74,0.25,Cash,New,No,15370.96,3842.74,11528.22
ORD303857,2025-07-23,CUST12338,Customer_12338,South,Vijayawada,Sports,Yoga Mat,4,2022.65,0.05,Debit Card,New,No,8090.6,404.53000000000003,7686.070000000001
ORD303858,2025-10-08,CUST12985,Customer_12985,South,Pune,Electronics,Bluetooth Speaker,1,1842.79,0.15,Cash,Returning,No,1842.79,276.4185,1566.3715
ORD303859,2024-01-26,CUST13138,Customer_13138,East,Vijayawada,Sports,Yoga Mat,2,6101.49,0.2,Net Banking,Returning,Yes,12202.98,2440.596,9762.384
ORD303860,2025-03-31,CUST12291,Customer_12291,North,Chennai,Clothing,T-Shirt,7,2491.99,0.05,Credit Card,Returning,No,17443.93,872.1965,16571.733500000002
ORD303861,2025-05-10,CUST13179,Customer_13179,North,Vijayawada,Sports,Football,2,1078.89,0.1,Debit Card,Returning,No,2157.78,215.77800000000002,1942.0020000000002
ORD303862,2024-02-05,CUST12415,Customer_12415,West,Kolkata,Furniture,Sofa,2,2156.23,0.2,Net Banking,New,No,4312.46,862.4920000000001,3449.968
ORD303863,2024-09-30,CUST13029,Customer_13029,East,Chennai,Sports,Dumbbells,2,2537.85,0.05,Net Banking,Returning,No,5075.7,253.785,4821.915
ORD303864,2024-01-21,CUST12187,Customer_12187,East,Kolkata,Home & Kitchen,Mixer Grinder,2,1419.34,0.15,Debit Card,Returning,No,2838.68,425.80199999999996,2412.8779999999997
ORD303865,2025-01-23,CUST12175,Customer_12175,East,Pune,Clothing,Sneakers,2,3412.17,0.05,Credit Card,New,No,6824.34,341.21700000000004,6483.1230000000005
ORD303866,2025-05-27,CUST12640,Customer_12640,West,Kolkata,Clothing,Jacket,1,537.33,0.05,Cash,Returning,No,537.33,26.866500000000002,510.46350000000007
ORD303867,2025-07-23,CUST12555,Customer_12555,North,Delhi,Home & Kitchen,Storage Box,2,9989.52,0.1,Cash,New,No,19979.04,1997.9040000000002,17981.136000000002
ORD303868,2024-08-19,CUST13307,Customer_13307,East,Bengaluru,Clothing,Sneakers,2,3055.37,0.1,Debit Card,Returning,No,6110.74,611.074,5499.666
ORD303869,2024-08-29,CUST12286,Customer_12286,North,Mumbai,Furniture,Sofa,3,8711.11,0.0,Net Banking,Returning,No,26133.33,0.0,26133.33
ORD303870,2024-07-17,CUST13323,Customer_13323,East,Kolkata,Electronics,Power Bank,2,14480.13,0.05,Net Banking,New,No,28960.26,1448.013,27512.247
ORD303871,2024-09-06,CUST12025,Customer_12025,East,Kolkata,Electronics,Power Bank,4,11757.37,0.25,Credit Card,New,No,47029.48,11757.37,35272.11
ORD303872,2024-05-04,CUST13480,Customer_13480,North,Kolkata,Sports,Football,2,8165.28,0.05,Credit Card,Returning,No,16330.56,816.528,15514.032
ORD303873,2025-02-07,CUST12007,Customer_12007,South,Hyderabad,Sports,Dumbbells,3,9140.33,0.15,UPI,Returning,No,27420.989999999998,4113.148499999999,23307.8415
ORD303874,2025-07-24,CUST12819,Customer_12819,West,Kolkata,Furniture,Coffee Table,3,12614.6,0.0,Cash,Returning,No,37843.8,0.0,37843.8
ORD303875,2025-01-26,CUST12175,Customer_12175,North,Kolkata,Furniture,Coffee Table,1,11885.31,,Cash,Returning,No,11885.31,0.0,11885.31
ORD303876,2025-01-18,CUST12289,Customer_12289,South,Hyderabad,Furniture,Study Table,2,14806.2,0.05,Cash,Returning,No,29612.4,1480.6200000000001,28131.780000000002
ORD303877,2025-06-23,CUST12082,Customer_12082,West,Vijayawada,Electronics,Bluetooth Speaker,2,5974.17,0.2,Net Banking,Returning,No,11948.34,2389.668,9558.672
ORD303878,2025-02-23,CUST12055,Customer_12055,East,Chennai,Electronics,Smart Watch,2,1726.15,0.1,Cash,Returning,No,3452.3,345.23,3107.07
ORD303879,2024-10-23,CUST12336,Customer_12336,North,Hyderabad,Furniture,Study Table,5,24038.69,0.05,Credit Card,Returning,No,120193.45,6009.672500000001,114183.7775
ORD303880,2025-03-05,CUST12668,Customer_12668,West,Vijayawada,Home & Kitchen,Cookware Set,2,7082.97,0.0,Net Banking,Returning,No,14165.94,0.0,14165.94
ORD303881,2024-03-02,CUST13071,Customer_13071,West,Delhi,Home & Kitchen,Bedsheet,3,10244.22,0.05,Cash,New,No,30732.659999999996,1536.6329999999998,29196.026999999995
ORD303882,2024-07-22,CUST13120,Customer_13120,East,Hyderabad,Clothing,Formal Shirt,3,2043.98,0.1,UPI,Returning,No,6131.9400000000005,613.1940000000001,5518.746
ORD303883,2024-07-07,CUST12161,Customer_12161,South,Delhi,Clothing,Jeans,2,5263.22,0.2,UPI,New,No,10526.44,2105.288,8421.152
ORD303884,2025-08-25,CUST13081,Customer_13081,South,Bengaluru,Sports,Cricket Bat,1,5526.38,0.15,Credit Card,Returning,No,5526.38,828.957,4697.423
ORD303885,2024-12-25,CUST12785,Customer_12785,North,Delhi,Clothing,Formal Shirt,2,1477.28,0.0,UPI,New,No,2954.56,0.0,2954.56
ORD303886,2024-10-02,CUST12599,Customer_12599,North,Mumbai,Home & Kitchen,Bedsheet,3,2516.94,0.15,Credit Card,New,No,7550.82,1132.6229999999998,6418.197
ORD303887,2025-06-22,CUST12716,Customer_12716,South,Pune,Clothing,T-Shirt,5,2068.15,0.0,Debit Card,New,No,10340.75,0.0,10340.75
ORD303888,2024-07-31,CUST12655,Customer_12655,South,Hyderabad,Clothing,Sneakers,5,663.56,0.15,Debit Card,Returning,No,3317.7999999999997,497.66999999999996,2820.1299999999997
ORD303889,2024-10-26,CUST13251,Customer_13251,West,Vijayawada,Clothing,Jacket,2,650.8,0.05,Cash,New,No,1301.6,65.08,1236.52
ORD303890,2024-01-10,CUST12606,Customer_12606,North,Chennai,Home & Kitchen,Bedsheet,2,2656.22,0.0,Debit Card,Returning,No,5312.44,0.0,5312.44
ORD303891,2025-12-29,CUST13077,Customer_13077,South,Delhi,Furniture,Bookshelf,1,9161.95,0.25,Credit Card,Returning,No,9161.95,2290.4875,6871.462500000001
ORD303892,2025-05-23,CUST12310,Customer_12310,North,Bengaluru,Electronics,Power Bank,1,7799.78,0.1,Credit Card,Returning,No,7799.78,779.9780000000001,7019.802
ORD303893,2024-11-10,CUST13482,Customer_13482,South,Kolkata,Furniture,Coffee Table,2,23636.92,0.0,Net Banking,New,No,47273.84,0.0,47273.84
ORD303894,2025-10-19,CUST13374,Customer_13374,North,Delhi,Home & Kitchen,Cookware Set,1,3940.45,0.15,UPI,New,No,3940.45,591.0675,3349.3824999999997
ORD303895,2024-07-01,CUST12612,Customer_12612,North,Vijayawada,Furniture,Bookshelf,2,10184.78,0.0,Cash,Returning,No,20369.56,0.0,20369.56
ORD303896,2024-09-21,CUST13400,Customer_13400,South,Vijayawada,Furniture,Sofa,6,15784.32,0.1,Credit Card,Returning,No,94705.92,9470.592,85235.328
ORD303897,2025-05-19,CUST13466,Customer_13466,North,Delhi,Sports,Cricket Bat,1,5415.78,0.05,Credit Card,Returning,No,5415.78,270.789,5144.991
ORD303898,2025-03-12,CUST12455,Customer_12455,South,Pune,Sports,Yoga Mat,2,3256.16,0.15,UPI,Returning,No,6512.32,976.848,5535.472
ORD303899,2024-02-07,CUST13302,Customer_13302,West,Vijayawada,Clothing,Jeans,3,5032.82,0.0,Net Banking,New,No,15098.46,0.0,15098.46
ORD303900,2024-08-30,CUST12820,Customer_12820,West,Kolkata,Sports,Football,5,9170.09,0.15,Debit Card,Returning,No,45850.45,6877.567499999999,38972.8825
ORD303901,2024-04-13,CUST13248,Customer_13248,East,Delhi,Electronics,Power Bank,1,22743.61,0.05,Credit Card,Returning,No,22743.61,1137.1805000000002,21606.429500000002
ORD303902,2024-08-25,CUST12702,Customer_12702,East,Bengaluru,Clothing,Formal Shirt,3,3117.2,0.05,UPI,New,No,9351.599999999999,467.5799999999999,8884.019999999999
ORD303903,2024-05-09,CUST13467,Customer_13467,North,Kolkata,Electronics,USB Keyboard,3,21140.63,0.05,Net Banking,Returning,Yes,63421.89,3171.0945,60250.7955
ORD303904,2025-11-09,CUST12834,Customer_12834,North,Mumbai,Furniture,Sofa,2,19379.88,0.05,Cash,New,No,38759.76,1937.9880000000003,36821.772000000004
ORD303905,2025-07-14,CUST12677,Customer_12677,North,Vijayawada,Sports,Dumbbells,2,486.41,0.05,Debit Card,New,No,972.82,48.641000000000005,924.1790000000001
ORD303906,2024-05-03,CUST12167,Customer_12167,West,Pune,Home & Kitchen,Bedsheet,3,5470.48,0.1,Cash,Returning,Yes,16411.44,1641.144,14770.295999999998
ORD303907,2025-11-16,CUST12833,Customer_12833,West,Mumbai,Home & Kitchen,Mixer Grinder,2,2564.11,0.05,Credit Card,Returning,No,5128.22,256.411,4871.809
ORD303908,2024-01-28,CUST12997,Customer_12997,East,Hyderabad,Electronics,Power Bank,5,13373.98,0.25,Net Banking,New,No,66869.9,16717.475,50152.424999999996
ORD303909,2024-08-04,CUST13333,Customer_13333,North,Mumbai,Electronics,Smart Watch,6,23298.72,0.0,UPI,Returning,No,139792.32,0.0,139792.32
ORD303910,2025-07-01,CUST12130,Customer_12130,West,Delhi,Sports,Yoga Mat,1,8510.19,0.0,UPI,Returning,Yes,8510.19,0.0,8510.19
ORD303911,2025-06-07,CUST12258,Customer_12258,East,Delhi,Sports,Cricket Bat,1,3756.97,0.25,Net Banking,Returning,No,3756.97,939.2425,2817.7275
ORD303912,2024-05-27,CUST13348,Customer_13348,West,Vijayawada,Furniture,Sofa,2,2311.74,0.0,Credit Card,Returning,No,4623.48,0.0,4623.48
ORD303913,2024-03-25,CUST12390,Customer_12390,East,Chennai,Clothing,Jeans,3,4839.07,0.0,Debit Card,New,No,14517.21,0.0,14517.21
ORD303914,2024-10-26,CUST12398,Customer_12398,East,Chennai,Sports,Running Shoes,1,611.42,0.1,Credit Card,Returning,No,611.42,61.141999999999996,550.278
ORD303915,2024-09-14,CUST12634,Customer_12634,East,Chennai,Sports,Football,5,5006.45,0.0,Cash,Returning,No,25032.25,0.0,25032.25
ORD303916,2024-11-09,CUST12255,Customer_12255,West,Pune,Electronics,Power Bank,3,6668.89,0.05,Cash,Returning,No,20006.670000000002,1000.3335000000002,19006.3365
ORD303917,2024-06-28,CUST13279,Customer_13279,East,Kolkata,Home & Kitchen,Cookware Set,1,10229.74,0.1,UPI,Returning,No,10229.74,1022.974,9206.766
ORD303918,2024-04-10,CUST12310,Customer_12310,West,Bengaluru,Home & Kitchen,Cookware Set,5,8133.14,0.15,UPI,Returning,No,40665.700000000004,6099.8550000000005,34565.845
ORD303919,2024-06-09,CUST13157,Customer_13157,West,Delhi,Sports,Cricket Bat,1,2984.25,0.15,UPI,New,No,2984.25,447.6375,2536.6125
ORD303920,2024-04-08,CUST12052,Customer_12052,East,Delhi,Home & Kitchen,Water Bottle,1,10238.53,0.0,Debit Card,Returning,No,10238.53,0.0,10238.53
ORD303921,2024-08-21,CUST12770,Customer_12770,North,Pune,Sports,Yoga Mat,3,1470.96,0.2,UPI,Returning,No,4412.88,882.576,3530.304
ORD303922,2025-02-19,CUST12874,Customer_12874,North,Hyderabad,Sports,Dumbbells,3,3583.01,0.15,Cash,New,No,10749.03,1612.3545000000001,9136.675500000001
ORD303923,2024-03-24,CUST13181,Customer_13181,East,Bengaluru,Furniture,Coffee Table,6,13949.65,0.05,Credit Card,Returning,No,83697.9,4184.8949999999995,79513.00499999999
ORD303924,2024-06-21,CUST12568,Customer_12568,East,Pune,Sports,Football,3,3623.2,0.1,Debit Card,New,No,10869.599999999999,1086.9599999999998,9782.64
ORD303925,2025-09-03,CUST12023,Customer_12023,West,Kolkata,Sports,Running Shoes,1,5391.19,0.15,Net Banking,Returning,No,5391.19,808.6784999999999,4582.5115
ORD303926,2024-09-21,CUST12761,Customer_12761,West,Mumbai,Furniture,Sofa,3,25687.52,0.25,Credit Card,New,No,77062.56,19265.64,57796.92
ORD303927,2025-07-19,CUST12567,Customer_12567,West,Hyderabad,Sports,Cricket Bat,3,6451.0,0.1,Net Banking,New,No,19353.0,1935.3000000000002,17417.7
ORD303928,2024-08-25,CUST12212,Customer_12212,South,Mumbai,Furniture,Office Chair,2,10454.95,0.05,Credit Card,Returning,No,20909.9,1045.4950000000001,19864.405000000002
ORD303929,2025-12-14,CUST12321,Customer_12321,South,Hyderabad,Clothing,Jacket,3,3340.19,0.05,Cash,New,No,10020.57,501.0285,9519.5415
ORD303930,2025-02-21,CUST12869,Customer_12869,West,Bengaluru,Sports,Football,1,3201.38,0.1,Cash,New,No,3201.38,320.13800000000003,2881.242
ORD303931,2025-05-05,CUST12616,Customer_12616,East,Mumbai,Sports,Dumbbells,2,8932.29,0.1,Credit Card,Returning,No,17864.58,1786.4580000000003,16078.122000000001
ORD303932,2025-01-01,CUST13230,Customer_13230,East,Vijayawada,Electronics,Bluetooth Speaker,5,6505.14,0.2,Net Banking,New,No,32525.7,6505.14,26020.56
ORD303933,2025-11-24,CUST13335,Customer_13335,East,Delhi,Sports,Football,5,7406.12,0.1,Credit Card,New,No,37030.6,3703.06,33327.54
ORD303934,2025-12-25,CUST12634,Customer_12634,West,Kolkata,Clothing,T-Shirt,1,2718.38,0.05,Credit Card,Returning,No,2718.38,135.919,2582.4610000000002
ORD303935,2025-03-06,CUST12321,Customer_12321,West,Chennai,Home & Kitchen,Storage Box,5,11126.78,0.15,UPI,Returning,No,55633.9,8345.085,47288.815
ORD303936,2024-02-28,CUST13259,Customer_13259,North,Vijayawada,Clothing,Jeans,1,1593.34,0.05,Debit Card,New,Yes,1593.34,79.667,1513.673
ORD303937,2025-12-31,CUST12231,Customer_12231,South,Chennai,Clothing,Jacket,1,954.32,0.1,UPI,Returning,No,954.32,95.43200000000002,858.888
ORD303938,2025-10-20,CUST13367,Customer_13367,South,Hyderabad,Clothing,Jacket,1,5137.94,0.0,Net Banking,Returning,No,5137.94,0.0,5137.94
ORD303939,2025-01-08,CUST12177,Customer_12177,East,Pune,Electronics,Smart Watch,6,17722.31,0.1,Net Banking,New,No,106333.86000000002,10633.386000000002,95700.47400000002
ORD303940,2024-06-23,CUST13130,Customer_13130,East,Chennai,Furniture,Study Table,1,16458.27,0.05,Net Banking,New,No,16458.27,822.9135000000001,15635.3565
ORD303941,2025-05-06,CUST12901,Customer_12901,North,Mumbai,Sports,Dumbbells,1,6013.34,0.0,Net Banking,Returning,No,6013.34,0.0,6013.34
ORD303942,2024-04-05,CUST13264,Customer_13264,East,Mumbai,Electronics,Bluetooth Speaker,2,11597.5,0.1,UPI,New,No,23195.0,2319.5,20875.5
ORD303943,2025-03-16,CUST12273,Customer_12273,East,Kolkata,Sports,Dumbbells,3,2462.34,0.05,Net Banking,New,No,7387.02,369.35100000000006,7017.669000000001
ORD303944,2025-11-22,CUST12172,Customer_12172,West,Mumbai,Clothing,Jeans,5,493.86,0.05,UPI,Returning,No,2469.3,123.46500000000002,2345.835
ORD303945,2024-07-04,CUST12044,Customer_12044,South,Mumbai,Clothing,T-Shirt,3,1787.66,0.15,Cash,New,No,5362.9800000000005,804.447,4558.533
ORD303946,2025-12-24,CUST12923,Customer_12923,North,Chennai,Clothing,Formal Shirt,2,800.19,0.1,UPI,New,No,1600.38,160.038,1440.342
ORD303947,2025-05-03,CUST13075,Customer_13075,South,Hyderabad,Clothing,Formal Shirt,3,5019.45,0.05,Debit Card,Returning,Yes,15058.349999999999,752.9175,14305.432499999999
ORD303948,2025-07-02,CUST13263,Customer_13263,North,Vijayawada,Furniture,Sofa,2,15819.89,0.15,Net Banking,New,Yes,31639.78,4745.967,26893.813
ORD303949,2025-12-27,CUST12957,Customer_12957,West,Mumbai,Furniture,Coffee Table,1,27198.23,0.1,Net Banking,Returning,No,27198.23,2719.8230000000003,24478.407
ORD303950,2024-02-22,CUST12002,Customer_12002,West,Bengaluru,Electronics,Smart Watch,1,11804.54,0.15,Net Banking,Returning,No,11804.54,1770.681,10033.859
ORD303951,2025-11-01,CUST13249,Customer_13249,East,Mumbai,Electronics,Smart Watch,3,11022.48,0.05,Cash,Returning,No,33067.44,1653.3720000000003,31414.068000000003
ORD303952,2024-06-30,CUST13499,Customer_13499,West,Pune,Clothing,Formal Shirt,2,1561.97,0.2,Credit Card,Returning,No,3123.94,624.788,2499.152
ORD303953,2025-08-05,CUST12776,Customer_12776,North,Mumbai,Furniture,Office Chair,1,13571.11,0.05,Cash,New,No,13571.11,678.5555,12892.5545
ORD303954,2024-02-12,CUST13266,Customer_13266,West,Mumbai,Clothing,T-Shirt,4,2818.06,0.0,UPI,Returning,No,11272.24,0.0,11272.24
ORD303955,2024-07-08,CUST12543,Customer_12543,East,Delhi,Sports,Running Shoes,3,3865.85,0.1,Debit Card,Returning,No,11597.55,1159.7549999999999,10437.795
ORD303956,2025-01-13,CUST13279,Customer_13279,North,Delhi,Electronics,Wireless Headphones,3,23264.39,0.0,Cash,New,No,69793.17,0.0,69793.17
ORD303957,2024-07-14,CUST13164,Customer_13164,East,Chennai,Furniture,Study Table,2,7023.78,0.0,Credit Card,Returning,No,14047.56,0.0,14047.56
ORD303958,2024-04-17,CUST13018,Customer_13018,East,Pune,Furniture,Sofa,6,11396.23,0.05,Net Banking,Returning,No,68377.38,3418.8690000000006,64958.511000000006
ORD303959,2025-05-04,CUST13475,Customer_13475,North,Hyderabad,Clothing,Jeans,1,3367.88,0.15,Cash,Returning,No,3367.88,505.182,2862.6980000000003
ORD303960,2025-07-19,CUST12269,Customer_12269,West,Pune,Home & Kitchen,Storage Box,6,2177.55,0.1,UPI,Returning,No,13065.300000000001,1306.5300000000002,11758.77
ORD303961,2025-02-10,CUST12949,Customer_12949,North,Kolkata,Furniture,Bookshelf,2,26302.55,0.15,Net Banking,Returning,No,52605.1,7890.764999999999,44714.335
ORD303962,2024-10-16,CUST12680,Customer_12680,South,Mumbai,Clothing,T-Shirt,7,1708.35,0.1,UPI,Returning,No,11958.449999999999,1195.845,10762.605
ORD303963,2024-05-02,CUST12213,Customer_12213,North,Pune,Sports,Yoga Mat,1,8960.83,0.2,Debit Card,Returning,No,8960.83,1792.1660000000002,7168.664
ORD303964,2025-09-12,CUST13178,Customer_13178,West,Bengaluru,Sports,Running Shoes,4,1394.78,0.05,Debit Card,Returning,Yes,5579.12,278.956,5300.164
ORD303965,2025-11-07,CUST12428,Customer_12428,South,Mumbai,Clothing,Jacket,1,1203.41,0.25,Net Banking,Returning,No,1203.41,300.8525,902.5575000000001
ORD303966,2025-07-22,CUST12210,Customer_12210,South,Kolkata,Home & Kitchen,Cookware Set,1,9610.26,0.05,UPI,Returning,No,9610.26,480.51300000000003,9129.747
ORD303967,2025-06-05,CUST12049,Customer_12049,South,Pune,Sports,Running Shoes,5,1794.66,0.0,Net Banking,Returning,No,8973.300000000001,0.0,8973.300000000001
ORD303968,2025-05-21,CUST12003,Customer_12003,East,Kolkata,Furniture,Study Table,3,22545.24,0.1,UPI,New,No,67635.72,6763.572,60872.148
ORD303969,2024-08-21,CUST12408,Customer_12408,West,Pune,Furniture,Bookshelf,1,12410.99,0.05,Net Banking,New,No,12410.99,620.5495000000001,11790.4405
ORD303970,2024-10-22,CUST12612,Customer_12612,West,Bengaluru,Electronics,Bluetooth Speaker,7,16977.56,0.1,Credit Card,Returning,Yes,118842.92000000001,11884.292000000001,106958.62800000001
ORD303971,2025-02-11,CUST12888,Customer_12888,North,Kolkata,Sports,Running Shoes,7,5255.9,0.0,Cash,Returning,No,36791.299999999996,0.0,36791.299999999996
ORD303972,2025-10-17,CUST12978,Customer_12978,North,Kolkata,Furniture,Sofa,5,7647.76,0.0,Credit Card,New,No,38238.8,0.0,38238.8
ORD303973,2024-02-25,CUST12217,Customer_12217,West,Vijayawada,Home & Kitchen,Mixer Grinder,1,9821.56,0.2,Net Banking,Returning,Yes,9821.56,1964.312,7857.248
ORD303974,2024-02-03,CUST12555,Customer_12555,East,Kolkata,Sports,Dumbbells,2,8086.28,0.15,Debit Card,Returning,No,16172.56,2425.884,13746.676
ORD303975,2025-02-27,CUST12961,Customer_12961,East,Hyderabad,Clothing,Formal Shirt,6,5017.95,0.2,Net Banking,Returning,No,30107.699999999997,6021.54,24086.159999999996
ORD303976,2024-09-25,CUST13272,Customer_13272,North,Vijayawada,Furniture,Sofa,2,15569.85,0.0,Net Banking,New,No,31139.7,0.0,31139.7
ORD303977,2024-06-26,CUST13407,Customer_13407,West,Vijayawada,Home & Kitchen,Cookware Set,1,5432.2,0.1,Cash,Returning,No,5432.2,543.22,4888.98
ORD303978,2025-03-16,CUST12735,Customer_12735,West,Bengaluru,Furniture,Bookshelf,3,11709.18,0.2,Debit Card,New,No,35127.54,7025.508000000001,28102.032
ORD303979,2024-12-27,CUST12863,Customer_12863,East,Bengaluru,Sports,Running Shoes,1,4956.32,0.1,Debit Card,New,Yes,4956.32,495.632,4460.688
ORD303980,2025-11-07,CUST13170,Customer_13170,South,Kolkata,Home & Kitchen,Cookware Set,3,5608.75,0.1,Credit Card,New,No,16826.25,1682.625,15143.625
ORD303981,2025-01-19,CUST12174,Customer_12174,West,Bengaluru,Home & Kitchen,Storage Box,1,11275.55,0.0,Net Banking,Returning,No,11275.55,0.0,11275.55
ORD303982,2024-08-29,CUST13159,Customer_13159,West,Vijayawada,Sports,Football,4,7097.66,0.1,UPI,Returning,No,28390.64,2839.0640000000003,25551.576
ORD303983,2024-11-22,CUST13085,Customer_13085,East,Chennai,Furniture,Office Chair,1,12734.32,0.0,UPI,New,No,12734.32,0.0,12734.32
ORD303984,2024-03-25,CUST12405,Customer_12405,North,Chennai,Clothing,Sneakers,3,4154.42,0.2,Cash,Returning,No,12463.26,2492.652,9970.608
ORD303985,2024-08-23,CUST12866,Customer_12866,East,Pune,Clothing,T-Shirt,1,5182.03,0.15,Credit Card,New,No,5182.03,777.3045,4404.7255
ORD303986,2025-08-05,CUST12243,Customer_12243,East,Bengaluru,Home & Kitchen,Bedsheet,2,7366.19,0.05,Credit Card,Returning,No,14732.38,736.619,13995.760999999999
ORD303987,2024-09-01,CUST12895,Customer_12895,West,Chennai,Clothing,T-Shirt,1,1579.5,0.05,Credit Card,Returning,No,1579.5,78.97500000000001,1500.525
ORD303988,2025-07-18,CUST12257,Customer_12257,West,Kolkata,Sports,Running Shoes,5,920.32,0.05,Net Banking,Returning,No,4601.6,230.08000000000004,4371.52
ORD303989,2025-05-02,CUST12205,Customer_12205,West,Delhi,Sports,Running Shoes,7,5085.38,0.0,Debit Card,New,No,35597.66,0.0,35597.66
ORD303990,2024-10-14,CUST13114,Customer_13114,East,Vijayawada,Sports,Dumbbells,6,2680.18,0.0,Cash,Returning,No,16081.079999999998,0.0,16081.079999999998
ORD303991,2025-12-12,CUST12641,Customer_12641,West,Delhi,Clothing,Jeans,2,712.68,0.0,Debit Card,Returning,No,1425.36,0.0,1425.36
ORD303992,2025-06-03,CUST12606,Customer_12606,North,Mumbai,Sports,Running Shoes,5,8159.45,0.15,Debit Card,New,No,40797.25,6119.5875,34677.6625
ORD303993,2025-06-08,CUST12986,Customer_12986,West,Kolkata,Home & Kitchen,Mixer Grinder,6,3288.29,0.05,Net Banking,Returning,No,19729.739999999998,986.487,18743.252999999997
ORD303994,2025-07-07,CUST12721,Customer_12721,West,Delhi,Furniture,Office Chair,6,19716.73,0.1,Cash,New,No,118300.38,11830.038,106470.342
ORD303995,2025-09-03,CUST12593,Customer_12593,East,Hyderabad,Home & Kitchen,Water Bottle,4,6640.93,0.0,Cash,Returning,No,26563.72,0.0,26563.72
ORD303996,2024-09-06,CUST13405,Customer_13405,East,Chennai,Home & Kitchen,Storage Box,4,7769.98,0.05,UPI,Returning,No,31079.92,1553.996,29525.924
ORD303997,2024-10-08,CUST12047,Customer_12047,South,Vijayawada,Furniture,Study Table,2,6563.28,0.0,Cash,Returning,No,13126.56,0.0,13126.56
ORD303998,2025-11-13,CUST13285,Customer_13285,North,Kolkata,Clothing,Jacket,4,3791.52,0.1,Credit Card,Returning,No,15166.08,1516.6080000000002,13649.472
ORD303999,2024-11-28,CUST12353,Customer_12353,North,Bengaluru,Furniture,Study Table,3,17453.37,0.2,Net Banking,Returning,No,52360.11,10472.022,41888.088
ORD304000,2024-02-24,CUST12415,Customer_12415,East,Chennai,Home & Kitchen,Mixer Grinder,2,3016.96,0.2,Debit Card,Returning,No,6033.92,1206.784,4827.136
ORD304001,2025-04-13,CUST12203,Customer_12203,South,Bengaluru,Sports,Football,2,481.66,0.15,UPI,Returning,No,963.32,144.498,818.8220000000001
ORD304002,2025-12-09,CUST12098,Customer_12098,South,Bengaluru,Sports,Dumbbells,2,2553.01,0.05,Cash,New,No,5106.02,255.30100000000004,4850.719
ORD304003,2025-02-13,CUST12199,Customer_12199,South,Mumbai,Electronics,Power Bank,4,19202.49,0.2,Debit Card,Returning,No,76809.96,15361.992000000002,61447.96800000001
ORD304004,2024-07-24,CUST13121,Customer_13121,North,Delhi,Clothing,T-Shirt,3,3038.01,0.05,Debit Card,Returning,No,9114.03,455.70150000000007,8658.328500000001
ORD304005,2024-11-10,CUST12030,Customer_12030,West,Vijayawada,Clothing,T-Shirt,5,2088.03,0.05,Credit Card,Returning,No,10440.150000000001,522.0075,9918.142500000002
ORD304006,2024-06-18,CUST12647,Customer_12647,West,Delhi,Sports,Running Shoes,2,1977.76,0.0,UPI,Returning,No,3955.52,0.0,3955.52
ORD304007,2024-07-05,CUST13431,Customer_13431,North,Delhi,Furniture,Bookshelf,7,24834.83,0.15,UPI,New,No,173843.81,26076.5715,147767.2385
ORD304008,2024-03-15,CUST13079,Customer_13079,East,Pune,Sports,Running Shoes,1,4640.91,0.05,UPI,New,No,4640.91,232.0455,4408.8645
ORD304009,2025-04-25,CUST12221,Customer_12221,South,Chennai,Home & Kitchen,Bedsheet,1,10936.96,0.05,Credit Card,Returning,No,10936.96,546.848,10390.112
ORD304010,2024-03-11,CUST13385,Customer_13385,North,Delhi,Home & Kitchen,Cookware Set,2,7042.47,0.1,Credit Card,Returning,No,14084.94,1408.4940000000001,12676.446
ORD304011,2024-03-22,CUST12075,Customer_12075,East,Bengaluru,Electronics,USB Keyboard,2,2517.84,0.1,Cash,Returning,Yes,5035.68,503.56800000000004,4532.112
ORD304012,2024-06-25,CUST12745,Customer_12745,North,Hyderabad,Electronics,Wireless Headphones,6,7814.29,0.0,Cash,Returning,No,46885.74,0.0,46885.74
ORD304013,2024-06-12,CUST12932,Customer_12932,South,Hyderabad,Electronics,Wireless Headphones,2,19007.85,0.2,Credit Card,Returning,No,38015.7,7603.139999999999,30412.559999999998
ORD304014,2024-12-21,CUST12843,Customer_12843,West,Kolkata,Clothing,Jeans,1,1724.23,0.2,Net Banking,Returning,No,1724.23,344.846,1379.384
ORD304015,2024-06-10,CUST12750,Customer_12750,South,Mumbai,Sports,Cricket Bat,2,7436.06,0.05,Net Banking,New,No,14872.12,743.6060000000001,14128.514000000001
ORD304016,2025-12-18,CUST12679,Customer_12679,West,Kolkata,Sports,Cricket Bat,6,3894.83,0.15,UPI,New,No,23368.98,3505.3469999999998,19863.633
ORD304017,2024-02-03,CUST12193,Customer_12193,East,Bengaluru,Electronics,Smart Watch,1,9329.03,0.25,Cash,New,No,9329.03,2332.2575,6996.772500000001
ORD304018,2024-03-09,CUST13066,Customer_13066,South,Chennai,Clothing,Jacket,3,4319.36,0.1,Net Banking,New,No,12958.079999999998,1295.808,11662.271999999997
ORD304019,2025-08-26,CUST12005,Customer_12005,East,Delhi,Home & Kitchen,Cookware Set,3,7397.93,0.1,Credit Card,Returning,Yes,22193.79,2219.3790000000004,19974.411
ORD304020,2025-04-26,CUST13399,Customer_13399,South,Pune,Electronics,Wireless Headphones,1,3696.18,0.0,Net Banking,New,No,3696.18,0.0,3696.18
ORD304021,2025-10-07,CUST13209,Customer_13209,North,Mumbai,Furniture,Coffee Table,1,16295.76,0.1,Credit Card,Returning,No,16295.76,1629.576,14666.184000000001
ORD304022,2024-03-25,CUST13377,Customer_13377,South,Pune,Home & Kitchen,Water Bottle,4,11177.0,0.15,Net Banking,New,No,44708.0,6706.2,38001.8
ORD304023,2025-03-20,CUST12608,Customer_12608,East,Vijayawada,Electronics,Bluetooth Speaker,2,16730.87,0.05,Cash,New,Yes,33461.74,1673.087,31788.653
ORD304024,2025-08-01,CUST12695,Customer_12695,North,Mumbai,Home & Kitchen,Bedsheet,3,5359.77,0.1,Net Banking,New,No,16079.310000000001,1607.9310000000003,14471.379
ORD304025,2024-09-16,CUST12316,Customer_12316,West,Pune,Home & Kitchen,Water Bottle,1,10328.29,0.2,Cash,New,No,10328.29,2065.6580000000004,8262.632000000001
ORD304026,2024-08-24,CUST13066,Customer_13066,East,Chennai,Home & Kitchen,Mixer Grinder,2,10407.3,0.15,Credit Card,Returning,No,20814.6,3122.1899999999996,17692.41
ORD304027,2024-10-07,CUST12812,Customer_12812,North,Chennai,Home & Kitchen,Mixer Grinder,4,11246.35,0.05,Debit Card,Returning,No,44985.4,2249.27,42736.130000000005
ORD304028,2025-08-28,CUST12944,Customer_12944,South,,Furniture,Coffee Table,2,6656.23,0.05,Cash,Returning,No,13312.46,665.623,12646.837
ORD304029,2024-02-08,CUST12666,Customer_12666,East,Chennai,Electronics,Power Bank,2,22026.56,0.0,Credit Card,Returning,No,44053.12,0.0,44053.12
ORD304030,2024-04-11,CUST13163,Customer_13163,East,Delhi,Furniture,Sofa,1,24068.91,0.15,Net Banking,Returning,No,24068.91,3610.3365,20458.5735
ORD304031,2025-11-23,CUST12348,Customer_12348,West,Pune,Clothing,T-Shirt,2,3165.48,0.2,UPI,Returning,No,6330.96,1266.192,5064.768
ORD304032,2024-06-02,CUST12718,Customer_12718,West,Mumbai,Sports,Yoga Mat,1,9070.05,0.15,Debit Card,New,No,9070.05,1360.5075,7709.5425
ORD304033,2025-11-23,CUST12333,Customer_12333,East,Hyderabad,Electronics,Wireless Headphones,1,2083.61,0.2,Debit Card,Returning,No,2083.61,416.72200000000004,1666.8880000000001
ORD304034,2025-11-02,CUST12064,Customer_12064,South,Delhi,Clothing,Jacket,1,5249.65,0.05,Cash,New,No,5249.65,262.4825,4987.1675
ORD304035,2025-10-02,CUST12034,Customer_12034,West,Pune,Furniture,Study Table,2,28270.19,0.1,Cash,Returning,No,56540.38,5654.0380000000005,50886.342
ORD304036,2024-01-18,CUST13106,Customer_13106,West,Bengaluru,Sports,Yoga Mat,5,5294.05,0.0,Debit Card,Returning,No,26470.25,0.0,26470.25
ORD304037,2024-10-10,CUST12796,Customer_12796,North,Chennai,Electronics,USB Keyboard,5,3992.4,0.15,Net Banking,Returning,No,19962.0,2994.2999999999997,16967.7
ORD304038,2025-12-09,CUST13304,Customer_13304,East,Pune,Sports,Football,1,9277.99,0.0,Cash,New,No,9277.99,0.0,9277.99
ORD304039,2024-02-25,CUST12833,Customer_12833,West,Vijayawada,Clothing,Sneakers,1,496.85,0.1,Credit Card,Returning,No,496.85,49.685,447.165
ORD304040,2025-04-24,CUST12165,Customer_12165,East,Mumbai,Sports,Yoga Mat,2,8238.66,0.05,Net Banking,New,No,16477.32,823.866,15653.454
ORD304041,2024-06-01,CUST12338,Customer_12338,East,Kolkata,Clothing,Formal Shirt,3,2206.37,0.05,Net Banking,Returning,No,6619.11,330.95550000000003,6288.1545
ORD304042,2024-01-16,CUST12145,Customer_12145,West,Hyderabad,Home & Kitchen,Water Bottle,1,6448.5,0.1,Cash,New,No,6448.5,644.85,5803.65
ORD304043,2024-03-23,CUST13164,Customer_13164,South,Kolkata,Electronics,USB Keyboard,3,14351.75,0.05,UPI,Returning,No,43055.25,2152.7625000000003,40902.4875
ORD304044,2024-02-09,CUST12237,Customer_12237,South,Chennai,Home & Kitchen,Storage Box,4,10709.42,0.25,Cash,Returning,No,42837.68,10709.42,32128.260000000002
ORD304045,2024-02-24,CUST12421,Customer_12421,North,Chennai,Electronics,USB Keyboard,5,7766.39,0.05,Cash,New,No,38831.950000000004,1941.5975000000003,36890.3525
ORD304046,2024-09-30,CUST12910,Customer_12910,East,Vijayawada,Electronics,Bluetooth Speaker,2,4066.87,0.05,UPI,Returning,No,8133.74,406.687,7727.053
ORD304047,2025-04-16,CUST13406,Customer_13406,South,Chennai,Electronics,Wireless Headphones,2,10519.41,0.05,UPI,Returning,No,21038.82,1051.941,19986.879
ORD304048,2025-07-15,CUST12607,Customer_12607,North,Delhi,Electronics,USB Keyboard,3,5469.42,0.05,Net Banking,Returning,No,16408.260000000002,820.4130000000001,15587.847000000002
ORD304049,2025-01-01,CUST12124,Customer_12124,East,Kolkata,Furniture,Study Table,1,13640.52,0.1,Net Banking,Returning,No,13640.52,1364.0520000000001,12276.468
ORD304050,2024-10-16,CUST13433,Customer_13433,West,Vijayawada,Furniture,Office Chair,2,18334.71,0.05,Debit Card,Returning,No,36669.42,1833.471,34835.949
ORD304051,2025-07-15,CUST12367,Customer_12367,North,Hyderabad,Clothing,Jacket,4,1614.06,0.1,Cash,New,No,6456.24,645.624,5810.616
ORD304052,2025-07-08,CUST13458,Customer_13458,North,Hyderabad,Clothing,Jacket,7,1485.81,0.05,Credit Card,Returning,No,10400.67,520.0335,9880.6365
ORD304053,2025-04-03,CUST13465,Customer_13465,North,Delhi,Electronics,Wireless Headphones,3,20966.68,0.15,Debit Card,New,No,62900.04,9435.006,53465.034
ORD304054,2024-09-10,CUST12149,Customer_12149,West,Delhi,Electronics,Wireless Headphones,2,20975.73,0.05,Debit Card,Returning,Yes,41951.46,2097.573,39853.887
ORD304055,2025-06-22,CUST12638,Customer_12638,West,Kolkata,Clothing,T-Shirt,5,5526.43,0.0,UPI,Returning,No,27632.15,0.0,27632.15
ORD304056,2024-08-14,CUST12310,Customer_12310,North,Chennai,Sports,Dumbbells,6,3931.74,0.05,Net Banking,New,No,23590.44,1179.522,22410.917999999998
ORD304057,2024-09-29,CUST13419,Customer_13419,North,Mumbai,Furniture,Sofa,2,24845.55,0.1,Credit Card,Returning,No,49691.1,4969.110000000001,44721.99
ORD304058,2025-06-15,CUST13485,Customer_13485,South,Mumbai,Clothing,Jeans,1,5222.62,0.1,Credit Card,Returning,No,5222.62,522.2620000000001,4700.358
ORD304059,2024-09-17,CUST12125,Customer_12125,South,Hyderabad,Home & Kitchen,Cookware Set,3,4851.77,0.1,Net Banking,Returning,No,14555.310000000001,1455.5310000000002,13099.779
ORD304060,2025-02-28,CUST12417,Customer_12417,East,Mumbai,Clothing,T-Shirt,3,4575.96,0.15,Net Banking,Returning,No,13727.880000000001,2059.1820000000002,11668.698
ORD304061,2025-08-18,CUST13377,Customer_13377,South,Bengaluru,Sports,Yoga Mat,1,7618.59,0.2,Debit Card,Returning,No,7618.59,1523.718,6094.872
ORD304062,2025-02-24,CUST12364,Customer_12364,West,Hyderabad,Clothing,Jeans,4,5037.26,0.2,UPI,Returning,No,20149.04,4029.8080000000004,16119.232
ORD304063,2024-03-31,CUST12187,Customer_12187,North,Kolkata,Clothing,Formal Shirt,3,3280.66,0.1,Net Banking,New,No,9841.98,984.198,8857.782
ORD304064,2024-06-28,CUST12820,Customer_12820,West,Vijayawada,Furniture,Coffee Table,2,15493.77,0.05,Cash,New,No,30987.54,1549.3770000000002,29438.163
ORD304065,2024-08-04,CUST12711,Customer_12711,West,Kolkata,Clothing,Jacket,1,3578.87,0.2,Net Banking,New,No,3578.87,715.774,2863.096
ORD304066,2025-05-16,CUST13395,Customer_13395,North,Kolkata,Electronics,USB Keyboard,2,11323.43,0.15,UPI,New,No,22646.86,3397.029,19249.831000000002
ORD304067,2025-05-09,CUST12639,Customer_12639,East,Kolkata,Clothing,Jeans,4,742.36,0.05,Credit Card,Returning,No,2969.44,148.472,2820.968
ORD304068,2025-10-25,CUST12731,Customer_12731,South,Mumbai,Electronics,USB Keyboard,3,11134.71,0.15,Net Banking,New,Yes,33404.13,5010.6195,28393.510499999997
ORD304069,2024-08-22,CUST12160,Customer_12160,East,Vijayawada,Electronics,USB Keyboard,2,22702.55,0.05,UPI,Returning,No,45405.1,2270.255,43134.845
ORD304070,2025-01-13,CUST13285,Customer_13285,South,Pune,Clothing,Formal Shirt,3,4438.43,0.0,Cash,Returning,No,13315.29,0.0,13315.29
ORD304071,2024-11-07,CUST12706,Customer_12706,North,Bengaluru,Clothing,Jeans,1,5724.26,0.05,Debit Card,New,No,5724.26,286.213,5438.0470000000005
ORD304072,2024-01-14,CUST13079,Customer_13079,West,Bengaluru,Clothing,Jacket,1,1221.66,0.0,Net Banking,New,No,1221.66,0.0,1221.66
ORD304073,2024-06-29,CUST12206,Customer_12206,South,Pune,Electronics,Wireless Headphones,3,12046.58,0.05,Cash,Returning,No,36139.74,1806.987,34332.753
ORD304074,2025-08-20,CUST12365,Customer_12365,East,Delhi,Home & Kitchen,Cookware Set,4,797.5,0.05,Cash,Returning,No,3190.0,159.5,3030.5
ORD304075,2025-05-14,CUST12816,Customer_12816,South,Chennai,Electronics,USB Keyboard,1,21533.15,0.0,UPI,Returning,No,21533.15,0.0,21533.15
ORD304076,2024-08-26,CUST13147,Customer_13147,West,Pune,Sports,Dumbbells,2,5728.74,0.0,Cash,Returning,No,11457.48,0.0,11457.48
ORD304077,2024-12-20,CUST12371,Customer_12371,East,Chennai,Sports,Dumbbells,3,997.48,0.15,Net Banking,New,Yes,2992.44,448.866,2543.574
ORD304078,2024-06-04,CUST12769,Customer_12769,South,Bengaluru,Furniture,Coffee Table,1,2817.27,0.05,Net Banking,Returning,No,2817.27,140.86350000000002,2676.4065
ORD304079,2024-07-23,CUST13132,Customer_13132,South,Vijayawada,Electronics,USB Keyboard,1,13958.6,0.15,Credit Card,Returning,No,13958.6,2093.79,11864.810000000001
ORD304080,2024-02-28,CUST12876,Customer_12876,South,Chennai,Furniture,Bookshelf,3,16290.69,0.1,UPI,Returning,No,48872.07,4887.207,43984.863
ORD304081,2024-03-16,CUST13488,Customer_13488,East,Pune,Sports,Dumbbells,3,8597.43,0.1,Debit Card,New,No,25792.29,2579.2290000000003,23213.061
ORD304082,2025-09-14,CUST13310,Customer_13310,South,Pune,Clothing,Jacket,1,4194.03,0.0,Debit Card,Returning,No,4194.03,0.0,4194.03
ORD304083,2025-01-03,CUST12690,Customer_12690,West,Vijayawada,Sports,Yoga Mat,3,8585.64,0.0,Cash,Returning,Yes,25756.92,0.0,25756.92
ORD304084,2024-03-19,CUST12483,Customer_12483,South,Chennai,Home & Kitchen,Cookware Set,4,7754.44,0.05,Credit Card,New,No,31017.76,1550.888,29466.872
ORD304085,2024-01-08,CUST13102,Customer_13102,West,Pune,Clothing,T-Shirt,4,1050.01,0.1,Credit Card,New,No,4200.04,420.004,3780.036
ORD304086,2024-08-12,CUST12219,Customer_12219,East,Pune,Clothing,Jacket,2,607.5,0.0,Credit Card,Returning,Yes,1215.0,0.0,1215.0
ORD304087,2024-07-28,CUST12997,Customer_12997,East,Vijayawada,Sports,Yoga Mat,1,3915.33,0.05,UPI,Returning,No,3915.33,195.7665,3719.5634999999997
ORD304088,2024-03-25,CUST12262,Customer_12262,South,Pune,Sports,Running Shoes,3,8149.68,0.05,Debit Card,New,No,24449.04,1222.452,23226.588
ORD304089,2024-01-01,CUST12338,Customer_12338,West,Bengaluru,Furniture,Sofa,3,27710.3,0.05,UPI,Returning,Yes,83130.9,4156.545,78974.355
ORD304090,2024-03-18,CUST12200,Customer_12200,South,Kolkata,Electronics,USB Keyboard,4,9564.95,0.0,Credit Card,New,No,38259.8,0.0,38259.8
ORD304091,2025-10-21,CUST12142,Customer_12142,East,Kolkata,Furniture,Office Chair,3,11826.85,0.1,UPI,New,No,35480.55,3548.0550000000003,31932.495000000003
ORD304092,2024-09-20,CUST12986,Customer_12986,North,Delhi,Furniture,Coffee Table,4,4040.62,0.2,Cash,Returning,No,16162.48,3232.496,12929.984
ORD304093,2025-12-09,CUST13139,Customer_13139,North,Bengaluru,Sports,Running Shoes,1,9058.65,0.2,UPI,New,No,9058.65,1811.73,7246.92
ORD304094,2025-12-09,CUST12375,Customer_12375,South,Hyderabad,Furniture,Bookshelf,1,3467.7,0.1,UPI,New,No,3467.7,346.77,3120.93
ORD304095,2025-02-15,CUST12376,Customer_12376,East,Vijayawada,Electronics,Bluetooth Speaker,2,2439.4,0.2,Credit Card,New,No,4878.8,975.7600000000001,3903.04
ORD304096,2024-10-23,CUST12675,Customer_12675,North,Bengaluru,Electronics,Smart Watch,5,7433.9,0.1,Cash,New,No,37169.5,3716.9500000000003,33452.55
ORD304097,2024-07-17,CUST13482,Customer_13482,North,Bengaluru,Furniture,Office Chair,4,28863.58,0.05,Cash,Returning,No,115454.32,5772.716,109681.604
ORD304098,2024-01-03,CUST12270,Customer_12270,West,Kolkata,Clothing,Jacket,6,1765.84,0.0,Cash,Returning,No,10595.039999999999,0.0,10595.039999999999
ORD304099,2024-06-14,CUST12148,Customer_12148,South,Kolkata,Furniture,Bookshelf,6,18597.35,0.15,UPI,Returning,Yes,111584.09999999999,16737.614999999998,94846.48499999999
ORD304100,2025-07-16,CUST13064,Customer_13064,North,Pune,Clothing,Jeans,1,5704.81,0.05,Debit Card,New,No,5704.81,285.24050000000005,5419.5695000000005
ORD304101,2025-05-02,CUST12680,Customer_12680,East,Delhi,Clothing,Sneakers,1,4500.88,0.05,UPI,New,No,4500.88,225.044,4275.836
ORD304102,2024-06-10,CUST12394,Customer_12394,South,Chennai,Home & Kitchen,Bedsheet,4,7270.81,0.0,UPI,Returning,No,29083.24,0.0,29083.24
ORD304103,2024-01-10,CUST12918,Customer_12918,North,Delhi,Electronics,Power Bank,4,22156.97,0.05,Debit Card,Returning,No,88627.88,4431.394,84196.486
ORD304104,2025-09-09,CUST12582,Customer_12582,South,Vijayawada,Clothing,Jeans,5,2512.63,0.1,UPI,Returning,No,12563.150000000001,1256.3150000000003,11306.835000000001
ORD304105,2024-07-06,CUST12364,Customer_12364,North,Kolkata,Sports,Football,3,6309.76,0.15,UPI,Returning,No,18929.28,2839.392,16089.887999999999
ORD304106,2025-07-13,CUST12771,Customer_12771,South,Kolkata,Furniture,Study Table,6,24839.38,0.05,UPI,New,No,149036.28,7451.814,141584.466
ORD304107,2025-08-08,CUST12449,Customer_12449,South,Delhi,Electronics,USB Keyboard,5,15286.4,0.1,Debit Card,Returning,No,76432.0,7643.200000000001,68788.8
ORD304108,2025-03-02,CUST12047,Customer_12047,North,Kolkata,Electronics,Bluetooth Speaker,5,6069.67,0.2,Cash,Returning,Yes,30348.35,6069.67,24278.68
ORD304109,2024-10-22,CUST13220,Customer_13220,South,Chennai,Home & Kitchen,Cookware Set,2,8670.64,0.15,Net Banking,New,No,17341.28,2601.1919999999996,14740.088
ORD304110,2025-01-09,CUST12765,Customer_12765,East,Vijayawada,Furniture,Office Chair,4,21003.73,0.0,Credit Card,Returning,Yes,84014.92,0.0,84014.92
ORD304111,2024-03-18,CUST12988,Customer_12988,North,Pune,Furniture,Office Chair,1,20260.83,0.1,Credit Card,Returning,No,20260.83,2026.0830000000003,18234.747000000003
ORD304112,2024-12-22,CUST12319,Customer_12319,East,Mumbai,Home & Kitchen,Mixer Grinder,3,8813.97,0.1,UPI,Returning,No,26441.909999999996,2644.191,23797.718999999997
ORD304113,2024-07-04,CUST12009,Customer_12009,South,Kolkata,Home & Kitchen,Cookware Set,2,10169.6,0.05,Net Banking,Returning,No,20339.2,1016.96,19322.24
ORD304114,2024-07-09,CUST12236,Customer_12236,West,Hyderabad,Sports,Yoga Mat,1,513.78,0.05,Cash,Returning,No,513.78,25.689,488.09099999999995
ORD304115,2025-08-25,CUST12551,Customer_12551,East,Mumbai,Clothing,T-Shirt,2,2292.97,0.05,UPI,New,No,4585.94,229.297,4356.643
ORD304116,2024-03-13,CUST12638,Customer_12638,East,Mumbai,Clothing,Sneakers,1,2467.35,0.0,Net Banking,Returning,No,2467.35,0.0,2467.35
ORD304117,2024-10-27,CUST12592,Customer_12592,North,Bengaluru,Clothing,Jacket,1,2169.5,0.05,Debit Card,Returning,No,2169.5,108.47500000000001,2061.025
ORD304118,2025-11-08,CUST12619,Customer_12619,East,Pune,Furniture,Study Table,7,10125.7,0.1,Debit Card,Returning,No,70879.90000000001,7087.990000000002,63791.91
ORD304119,2024-03-10,CUST13312,Customer_13312,North,Chennai,Home & Kitchen,Mixer Grinder,5,5219.61,0.1,Debit Card,New,No,26098.05,2609.8050000000003,23488.245
ORD304120,2024-02-18,CUST13312,Customer_13312,South,Bengaluru,Electronics,Power Bank,3,16245.7,0.05,Credit Card,New,No,48737.100000000006,2436.8550000000005,46300.245
ORD304121,2025-02-08,CUST12767,Customer_12767,East,Pune,Clothing,Jacket,2,4125.62,0.0,Net Banking,Returning,No,8251.24,0.0,8251.24
ORD304122,2024-09-17,CUST12511,Customer_12511,North,Delhi,Sports,Football,2,3831.32,0.05,Credit Card,New,No,7662.64,383.13200000000006,7279.508
ORD304123,2025-05-31,CUST12033,Customer_12033,East,Bengaluru,Sports,Yoga Mat,2,2513.04,0.05,Cash,New,No,5026.08,251.304,4774.776
ORD304124,2024-08-19,CUST13354,Customer_13354,West,Vijayawada,Sports,Football,3,8208.35,0.05,Credit Card,Returning,No,24625.050000000003,1231.2525000000003,23393.797500000004
ORD304125,2024-11-05,CUST12052,Customer_12052,South,Bengaluru,Home & Kitchen,Bedsheet,2,3107.9,0.15,Debit Card,New,No,6215.8,932.37,5283.43
ORD304126,2024-08-01,CUST12217,Customer_12217,East,Vijayawada,Electronics,Bluetooth Speaker,2,21950.75,0.05,Debit Card,New,No,43901.5,2195.0750000000003,41706.425
ORD304127,2025-11-16,CUST12598,Customer_12598,West,Pune,Sports,Running Shoes,4,6712.39,0.15,Net Banking,New,No,26849.56,4027.434,22822.126
ORD304128,2025-09-13,CUST13134,Customer_13134,South,Bengaluru,Clothing,T-Shirt,2,2131.26,0.05,UPI,Returning,No,4262.52,213.12600000000003,4049.3940000000002
ORD304129,2024-01-29,CUST13495,Customer_13495,East,Kolkata,Electronics,Wireless Headphones,1,13462.47,0.0,Credit Card,New,No,13462.47,0.0,13462.47
ORD304130,2024-02-24,CUST12917,Customer_12917,South,Delhi,Electronics,Power Bank,4,10132.57,0.05,UPI,Returning,No,40530.28,2026.5140000000001,38503.765999999996
ORD304131,2024-05-19,CUST12536,Customer_12536,North,Mumbai,Sports,Yoga Mat,7,4126.83,0.05,Debit Card,New,No,28887.809999999998,1444.3905,27443.419499999996
ORD304132,2025-11-28,CUST12201,Customer_12201,East,Bengaluru,Home & Kitchen,Cookware Set,4,845.66,0.15,UPI,New,No,3382.64,507.39599999999996,2875.2439999999997
ORD304133,2024-04-07,CUST12220,Customer_12220,South,Kolkata,Sports,Football,2,7244.13,0.1,Credit Card,Returning,No,14488.26,1448.826,13039.434000000001
ORD304134,2024-06-03,CUST12002,Customer_12002,North,Bengaluru,Sports,Dumbbells,1,4029.37,0.0,Cash,Returning,No,4029.37,0.0,4029.37
ORD304135,2024-02-26,CUST13462,Customer_13462,South,Bengaluru,Clothing,Jacket,1,1941.72,0.2,Debit Card,New,No,1941.72,388.34400000000005,1553.376
ORD304136,2025-09-01,CUST12344,Customer_12344,North,Pune,Electronics,USB Keyboard,1,18554.57,0.0,UPI,Returning,No,18554.57,0.0,18554.57
ORD304137,2025-03-04,CUST12997,Customer_12997,South,Pune,Sports,Football,3,2147.02,0.25,Cash,New,No,6441.0599999999995,1610.2649999999999,4830.795
ORD304138,2024-11-01,CUST12058,Customer_12058,South,Bengaluru,Furniture,Sofa,5,17241.97,0.05,Cash,Returning,No,86209.85,4310.4925,81899.35750000001
ORD304139,2025-11-29,CUST13378,Customer_13378,East,Mumbai,Furniture,Coffee Table,2,17792.93,0.1,UPI,Returning,No,35585.86,3558.5860000000002,32027.274
ORD304140,2024-08-16,CUST12662,Customer_12662,North,Vijayawada,Home & Kitchen,Cookware Set,5,9338.1,0.05,UPI,New,No,46690.5,2334.525,44355.975
ORD304141,2025-02-27,CUST12577,Customer_12577,West,Mumbai,Home & Kitchen,Mixer Grinder,1,6119.31,0.15,Credit Card,Returning,No,6119.31,917.8965000000001,5201.413500000001
ORD304142,2024-12-11,CUST12477,Customer_12477,West,Hyderabad,Sports,Yoga Mat,7,3011.92,0.05,Debit Card,Returning,No,21083.440000000002,1054.1720000000003,20029.268000000004
ORD304143,2025-12-29,CUST12724,Customer_12724,East,Delhi,Clothing,Jacket,3,519.25,0.15,Net Banking,New,No,1557.75,233.6625,1324.0875
ORD304144,2024-06-16,CUST12915,Customer_12915,North,Hyderabad,Clothing,Jacket,2,2356.92,0.2,Net Banking,Returning,No,4713.84,942.768,3771.072
ORD304145,2024-10-05,CUST12048,Customer_12048,East,Mumbai,Clothing,Jacket,2,606.33,0.15,Debit Card,Returning,No,1212.66,181.899,1030.761
ORD304146,2024-08-30,CUST12761,Customer_12761,East,Hyderabad,Home & Kitchen,Bedsheet,4,5972.41,0.05,Net Banking,Returning,Yes,23889.64,1194.482,22695.158
ORD304147,2025-01-02,CUST12995,Customer_12995,East,Vijayawada,Furniture,Coffee Table,2,23861.05,0.05,UPI,Returning,No,47722.1,2386.105,45335.994999999995
ORD304148,2025-11-19,CUST12813,Customer_12813,North,Chennai,Electronics,Wireless Headphones,4,14496.04,0.15,UPI,New,Yes,57984.16,8697.624,49286.53600000001
ORD304149,2025-03-24,CUST12377,Customer_12377,West,Chennai,Home & Kitchen,Mixer Grinder,2,1358.33,0.0,Debit Card,New,No,2716.66,0.0,2716.66
ORD304150,2025-06-05,CUST12310,Customer_12310,East,Kolkata,Clothing,Formal Shirt,2,1433.44,0.15,Cash,New,No,2866.88,430.032,2436.848
ORD304151,2024-06-27,CUST13488,Customer_13488,North,Delhi,Electronics,Bluetooth Speaker,1,22763.53,0.15,UPI,Returning,No,22763.53,3414.5294999999996,19349.0005
ORD304152,2025-09-25,CUST12639,Customer_12639,West,Vijayawada,Sports,Dumbbells,2,7146.36,0.1,Credit Card,New,No,14292.72,1429.272,12863.448
ORD304153,2024-10-31,CUST13330,Customer_13330,South,Chennai,Sports,Running Shoes,3,6972.55,0.25,Debit Card,Returning,No,20917.65,5229.4125,15688.237500000001
ORD304154,2024-03-12,CUST12780,Customer_12780,West,Vijayawada,Sports,Football,3,3320.33,0.05,Debit Card,Returning,No,9960.99,498.0495,9462.9405
ORD304155,2025-02-16,CUST12498,Customer_12498,North,Delhi,Electronics,Power Bank,5,12992.82,0.05,UPI,Returning,No,64964.1,3248.205,61715.895
ORD304156,2024-04-12,CUST13491,Customer_13491,East,Mumbai,Home & Kitchen,Bedsheet,2,4965.91,0.05,Net Banking,Returning,No,9931.82,496.591,9435.229
ORD304157,2024-02-07,CUST12091,Customer_12091,East,Bengaluru,Sports,Cricket Bat,1,8464.34,0.2,Cash,Returning,No,8464.34,1692.8680000000002,6771.472
ORD304158,2025-03-26,CUST13440,Customer_13440,South,Pune,Home & Kitchen,Bedsheet,4,10112.59,0.15,Debit Card,Returning,No,40450.36,6067.554,34382.806
ORD304159,2025-08-14,CUST13462,Customer_13462,North,Bengaluru,Furniture,Study Table,5,12954.97,0.1,UPI,Returning,No,64774.85,6477.485000000001,58297.365
ORD304160,2024-03-17,CUST12669,Customer_12669,East,Pune,Furniture,Study Table,1,12674.84,0.15,Net Banking,Returning,No,12674.84,1901.2259999999999,10773.614
ORD304161,2025-10-30,CUST13420,Customer_13420,East,Mumbai,Furniture,Bookshelf,1,7789.06,0.15,Net Banking,New,No,7789.06,1168.359,6620.701000000001
ORD304162,2025-06-23,CUST13446,Customer_13446,North,Mumbai,Clothing,Jeans,2,2027.82,0.05,Cash,New,No,4055.64,202.782,3852.8579999999997
ORD304163,2025-04-02,CUST12156,Customer_12156,South,Delhi,Home & Kitchen,Water Bottle,1,2595.61,0.0,Credit Card,Returning,No,2595.61,0.0,2595.61
ORD304164,2025-11-10,CUST12257,Customer_12257,West,Chennai,Furniture,Office Chair,2,19511.13,0.0,Net Banking,New,No,39022.26,0.0,39022.26
ORD304165,2024-05-15,CUST13260,Customer_13260,East,Vijayawada,Electronics,Wireless Headphones,4,6982.34,0.15,Cash,Returning,No,27929.36,4189.4039999999995,23739.956000000002
ORD304166,2025-09-11,CUST12855,Customer_12855,South,Chennai,Clothing,T-Shirt,2,1224.21,0.0,Credit Card,New,Yes,2448.42,0.0,2448.42
ORD304167,2025-01-10,CUST12790,Customer_12790,North,Delhi,Clothing,Formal Shirt,1,728.85,0.0,Cash,Returning,No,728.85,0.0,728.85
ORD304168,2025-01-26,CUST13071,Customer_13071,West,Pune,Electronics,Smart Watch,1,16769.41,0.05,Debit Card,New,Yes,16769.41,838.4705,15930.9395
ORD304169,2025-02-09,CUST13422,Customer_13422,West,Vijayawada,Clothing,Jeans,5,4915.28,0.15,Net Banking,New,Yes,24576.399999999998,3686.4599999999996,20889.94
ORD304170,2025-04-20,CUST13348,Customer_13348,West,Vijayawada,Home & Kitchen,Cookware Set,6,4282.97,0.05,Debit Card,Returning,Yes,25697.82,1284.891,24412.929
ORD304171,2025-05-19,CUST12927,Customer_12927,North,Bengaluru,Electronics,Smart Watch,5,23916.97,0.05,Net Banking,New,No,119584.85,5979.2425,113605.60750000001
ORD304172,2025-07-20,CUST12932,Customer_12932,South,Vijayawada,Sports,Yoga Mat,2,8741.33,0.05,Debit Card,New,No,17482.66,874.133,16608.527
ORD304173,2025-12-14,CUST13238,Customer_13238,South,Mumbai,Home & Kitchen,Bedsheet,1,6981.57,0.25,UPI,New,No,6981.57,1745.3925,5236.1775
ORD304174,2024-07-05,CUST12128,Customer_12128,North,Delhi,Home & Kitchen,Storage Box,5,8924.76,0.05,Cash,Returning,Yes,44623.8,2231.19,42392.61
ORD304175,2025-11-26,CUST12429,Customer_12429,South,Vijayawada,Home & Kitchen,Bedsheet,2,3221.42,0.05,Net Banking,Returning,No,6442.84,322.14200000000005,6120.698
ORD304176,2024-12-22,CUST12963,Customer_12963,North,Mumbai,Electronics,Smart Watch,7,16207.81,0.15,Net Banking,Returning,No,113454.67,17018.2005,96436.4695
ORD304177,2025-06-21,CUST12466,Customer_12466,North,Kolkata,Furniture,Office Chair,2,11656.06,0.0,Credit Card,New,No,23312.12,0.0,23312.12
ORD304178,2024-08-12,CUST13025,Customer_13025,South,Mumbai,Electronics,Wireless Headphones,2,3179.38,0.05,Net Banking,Returning,No,6358.76,317.93800000000005,6040.822
ORD304179,2024-05-31,CUST12062,Customer_12062,West,Delhi,Furniture,Sofa,7,14063.33,0.15,UPI,Returning,Yes,98443.31,14766.4965,83676.8135
ORD304180,2025-04-23,CUST12662,Customer_12662,North,Hyderabad,Clothing,Jeans,4,1159.49,0.15,Debit Card,New,Yes,4637.96,695.694,3942.266
ORD304181,2025-02-04,CUST12613,Customer_12613,East,Kolkata,Home & Kitchen,Water Bottle,4,10014.39,0.05,Cash,Returning,No,40057.56,2002.878,38054.682
ORD304182,2025-12-01,CUST12166,Customer_12166,North,Kolkata,Furniture,Study Table,2,26105.98,0.1,Cash,New,No,52211.96,5221.196,46990.763999999996
ORD304183,2025-01-23,CUST12133,Customer_12133,East,Pune,Furniture,Coffee Table,1,20300.84,0.25,Net Banking,Returning,No,20300.84,5075.21,15225.630000000001
ORD304184,2025-03-21,CUST12487,Customer_12487,West,Pune,Sports,Yoga Mat,6,4618.88,0.0,UPI,New,No,27713.28,0.0,27713.28
ORD304185,2024-12-19,CUST13049,Customer_13049,West,Bengaluru,Electronics,Wireless Headphones,1,17631.68,0.0,Credit Card,New,No,17631.68,0.0,17631.68
ORD304186,2024-12-16,CUST13065,Customer_13065,West,Vijayawada,Electronics,Smart Watch,2,16878.58,0.1,Net Banking,Returning,No,33757.16,3375.7160000000003,30381.444000000003
ORD304187,2025-08-11,CUST13036,Customer_13036,West,Pune,Home & Kitchen,Mixer Grinder,1,7872.99,0.2,Cash,Returning,No,7872.99,1574.598,6298.392
ORD304188,2024-06-19,CUST13191,Customer_13191,West,Delhi,Clothing,Jacket,3,5287.52,0.15,UPI,Returning,No,15862.560000000001,2379.384,13483.176000000001
ORD304189,2024-10-19,CUST13450,Customer_13450,West,Delhi,Home & Kitchen,Mixer Grinder,7,4207.48,0.1,Debit Card,Returning,No,29452.359999999997,2945.236,26507.123999999996
ORD304190,2024-10-25,CUST13254,Customer_13254,North,Hyderabad,Clothing,Jeans,2,3199.69,0.1,Net Banking,New,No,6399.38,639.9380000000001,5759.442
ORD304191,2025-03-22,CUST12722,Customer_12722,North,Kolkata,Electronics,USB Keyboard,2,8858.08,0.15,UPI,New,No,17716.16,2657.424,15058.736
ORD304192,2025-12-06,CUST12705,Customer_12705,East,Hyderabad,Sports,Football,4,3989.46,0.05,Credit Card,Returning,No,15957.84,797.892,15159.948
ORD304193,2025-03-20,CUST12147,Customer_12147,East,Kolkata,Furniture,Coffee Table,4,18287.09,0.2,UPI,Returning,No,73148.36,14629.672,58518.688
ORD304194,2024-03-11,CUST12056,Customer_12056,South,Vijayawada,Clothing,Jacket,1,2206.36,0.0,Cash,Returning,No,2206.36,0.0,2206.36
ORD304195,2024-02-03,CUST12754,Customer_12754,North,Mumbai,Sports,Football,2,1468.89,0.25,Debit Card,New,Yes,2937.78,734.445,2203.335
ORD304196,2025-10-02,CUST13285,Customer_13285,North,Kolkata,Clothing,Sneakers,2,4585.53,0.1,UPI,Returning,No,9171.06,917.106,8253.954
ORD304197,2025-11-01,CUST13136,Customer_13136,East,Bengaluru,Furniture,Office Chair,1,8828.58,0.05,UPI,Returning,No,8828.58,441.42900000000003,8387.151
ORD304198,2025-03-12,CUST12738,Customer_12738,South,Vijayawada,Home & Kitchen,Bedsheet,1,8180.74,0.05,Cash,Returning,No,8180.74,409.03700000000003,7771.7029999999995
ORD304199,2025-03-13,CUST12954,Customer_12954,West,Pune,Clothing,Sneakers,2,3522.03,0.1,UPI,Returning,No,7044.06,704.4060000000001,6339.654
ORD304200,2024-12-30,CUST12095,Customer_12095,West,Delhi,Electronics,Wireless Headphones,2,13404.12,0.15,Debit Card,Returning,No,26808.24,4021.236,22787.004
ORD304201,2024-05-10,CUST12979,Customer_12979,East,Bengaluru,Home & Kitchen,Cookware Set,3,3033.73,0.0,Debit Card,Returning,No,9101.19,0.0,9101.19
ORD304202,2025-03-29,CUST13253,Customer_13253,North,Vijayawada,Home & Kitchen,Mixer Grinder,3,1081.2,0.05,Credit Card,Returning,No,3243.6000000000004,162.18000000000004,3081.4200000000005
ORD304203,2025-06-21,CUST13488,Customer_13488,South,Mumbai,Clothing,T-Shirt,4,1758.7,0.0,Net Banking,Returning,Yes,7034.8,0.0,7034.8
ORD304204,2025-03-03,CUST12293,Customer_12293,West,Delhi,Sports,Cricket Bat,1,5078.05,0.05,Net Banking,Returning,No,5078.05,253.90250000000003,4824.1475
ORD304205,2024-01-22,CUST13391,Customer_13391,West,Kolkata,Furniture,Study Table,3,6060.73,0.25,Net Banking,Returning,No,18182.19,4545.5475,13636.642499999998
ORD304206,2025-04-20,CUST12992,Customer_12992,East,Delhi,Electronics,Smart Watch,1,13474.6,0.1,Net Banking,New,No,13474.6,1347.46,12127.14
ORD304207,2024-09-26,CUST12610,Customer_12610,North,Mumbai,Clothing,Formal Shirt,3,2101.93,0.05,Net Banking,Returning,Yes,6305.789999999999,315.2895,5990.500499999999
ORD304208,2024-08-16,CUST13055,Customer_13055,North,Kolkata,Furniture,Study Table,2,23869.41,0.1,Credit Card,Returning,No,47738.82,4773.8820000000005,42964.938
ORD304209,2025-08-30,CUST12816,Customer_12816,South,Mumbai,Clothing,Sneakers,5,1829.95,0.05,Debit Card,New,No,9149.75,457.4875,8692.2625
ORD304210,2025-08-14,CUST13184,Customer_13184,North,Mumbai,Electronics,USB Keyboard,3,10353.13,0.0,Cash,Returning,No,31059.39,0.0,31059.39
ORD304211,2025-03-03,CUST12595,Customer_12595,East,Hyderabad,Home & Kitchen,Storage Box,3,10397.93,0.0,Debit Card,Returning,No,31193.79,0.0,31193.79
ORD304212,2024-08-27,CUST12148,Customer_12148,South,Kolkata,Sports,Running Shoes,1,558.58,0.0,Debit Card,Returning,No,558.58,0.0,558.58
ORD304213,2024-05-26,CUST13034,Customer_13034,East,Pune,Clothing,Jeans,7,1709.84,0.25,Cash,Returning,No,11968.88,2992.22,8976.66
ORD304214,2024-01-22,CUST13189,Customer_13189,South,Bengaluru,Electronics,Bluetooth Speaker,2,12673.61,0.0,UPI,New,No,25347.22,0.0,25347.22
ORD304215,2025-09-04,CUST13195,Customer_13195,West,Chennai,Electronics,Bluetooth Speaker,3,4367.75,0.1,UPI,Returning,No,13103.25,1310.325,11792.925
ORD304216,2025-07-11,CUST12761,Customer_12761,South,Hyderabad,Furniture,Coffee Table,2,20047.55,0.2,Net Banking,New,No,40095.1,8019.02,32076.079999999998
ORD304217,2024-04-11,CUST12045,Customer_12045,South,Kolkata,Home & Kitchen,Storage Box,4,4736.35,0.05,Net Banking,New,Yes,18945.4,947.2700000000001,17998.13
ORD304218,2024-06-11,CUST12088,Customer_12088,North,Pune,Sports,Yoga Mat,2,1016.78,0.1,Credit Card,Returning,No,2033.56,203.356,1830.204
ORD304219,2024-10-21,CUST12191,Customer_12191,South,Hyderabad,Furniture,Study Table,2,27054.43,0.1,UPI,Returning,Yes,54108.86,5410.886,48697.974
ORD304220,2024-09-01,CUST13115,Customer_13115,North,Hyderabad,Sports,Dumbbells,1,3137.01,0.2,Cash,New,No,3137.01,627.402,2509.608
ORD304221,2024-10-21,CUST12424,Customer_12424,North,Bengaluru,Home & Kitchen,Storage Box,6,4055.32,0.1,Credit Card,Returning,No,24331.920000000002,2433.1920000000005,21898.728000000003
ORD304222,2025-03-26,CUST12702,Customer_12702,East,Kolkata,Home & Kitchen,Cookware Set,3,9574.17,0.05,Net Banking,Returning,Yes,28722.510000000002,1436.1255,27286.3845
ORD304223,2025-02-12,CUST13120,Customer_13120,East,Kolkata,Home & Kitchen,Mixer Grinder,1,2683.66,0.15,Debit Card,Returning,No,2683.66,402.549,2281.111
ORD304224,2024-03-22,CUST12061,Customer_12061,East,Chennai,Home & Kitchen,Mixer Grinder,2,2392.36,0.05,Cash,New,No,4784.72,239.23600000000002,4545.484
ORD304225,2024-07-07,CUST12692,Customer_12692,South,Bengaluru,Clothing,Formal Shirt,3,564.72,0.1,Net Banking,New,No,1694.16,169.41600000000003,1524.7440000000001
ORD304226,2025-06-27,CUST13126,Customer_13126,North,Hyderabad,Home & Kitchen,Storage Box,2,7343.42,0.0,Credit Card,Returning,No,14686.84,0.0,14686.84
ORD304227,2024-08-17,CUST12274,Customer_12274,East,Pune,Clothing,Sneakers,2,962.77,0.1,UPI,Returning,No,1925.54,192.554,1732.9859999999999
ORD304228,2024-09-28,CUST13154,Customer_13154,East,Chennai,Clothing,T-Shirt,2,3207.16,0.2,UPI,New,No,6414.32,1282.864,5131.456
ORD304229,2025-07-28,CUST12784,Customer_12784,West,Kolkata,Furniture,Study Table,3,22366.42,0.2,Net Banking,Returning,Yes,67099.26,13419.851999999999,53679.407999999996
ORD304230,2024-02-06,CUST12515,Customer_12515,East,Pune,Sports,Yoga Mat,5,5842.75,0.05,Cash,New,No,29213.75,1460.6875,27753.0625
ORD304231,2024-04-12,CUST13472,Customer_13472,West,Mumbai,Electronics,Power Bank,4,2801.85,0.0,Credit Card,Returning,Yes,11207.4,0.0,11207.4
ORD304232,2025-01-21,CUST12334,Customer_12334,South,Mumbai,Clothing,Jeans,5,3118.8,0.1,UPI,Returning,No,15594.0,1559.4,14034.6
ORD304233,2024-09-16,CUST13499,Customer_13499,East,Mumbai,Home & Kitchen,Mixer Grinder,1,701.44,0.05,Net Banking,New,No,701.44,35.072,666.368
ORD304234,2024-09-18,CUST12134,Customer_12134,South,Hyderabad,Sports,Dumbbells,6,7660.7,0.2,Cash,Returning,No,45964.2,9192.84,36771.36
ORD304235,2024-12-16,CUST13143,Customer_13143,West,Mumbai,Electronics,Power Bank,2,19141.51,0.05,UPI,Returning,No,38283.02,1914.1509999999998,36368.869
ORD304236,2024-04-25,CUST13087,Customer_13087,West,Chennai,Sports,Yoga Mat,1,8365.28,0.0,Debit Card,Returning,Yes,8365.28,0.0,8365.28
ORD304237,2025-05-30,CUST12519,Customer_12519,East,Mumbai,Home & Kitchen,Mixer Grinder,1,3440.92,0.1,Debit Card,Returning,No,3440.92,344.09200000000004,3096.828
ORD304238,2024-06-30,CUST13231,Customer_13231,West,Bengaluru,Electronics,Bluetooth Speaker,1,23867.71,0.1,Debit Card,New,No,23867.71,2386.771,21480.939
ORD304239,2024-12-29,CUST13122,Customer_13122,North,Vijayawada,Sports,Dumbbells,5,1158.34,0.15,Credit Card,Returning,No,5791.7,868.755,4922.945
ORD304240,2024-06-15,CUST12870,Customer_12870,West,Hyderabad,Electronics,Wireless Headphones,1,6488.6,0.05,UPI,Returning,No,6488.6,324.43000000000006,6164.17
ORD304241,2024-02-03,CUST13365,Customer_13365,South,Mumbai,Sports,Running Shoes,1,8703.66,0.1,Cash,Returning,No,8703.66,870.366,7833.294
ORD304242,2025-02-27,CUST12571,Customer_12571,West,Delhi,Furniture,Sofa,4,16750.72,0.05,Cash,Returning,No,67002.88,3350.1440000000002,63652.736000000004
ORD304243,2025-04-16,CUST13303,Customer_13303,North,Pune,Electronics,USB Keyboard,4,6801.62,0.15,Debit Card,New,Yes,27206.48,4080.9719999999998,23125.508
ORD304244,2025-11-17,CUST12166,Customer_12166,North,Mumbai,Clothing,Jacket,1,1000.83,0.05,Net Banking,New,No,1000.83,50.041500000000006,950.7885
ORD304245,2025-06-17,CUST13321,Customer_13321,North,Mumbai,Furniture,Bookshelf,1,19317.75,0.0,Debit Card,New,No,19317.75,0.0,19317.75
ORD304246,2024-06-01,CUST12951,Customer_12951,West,Bengaluru,Home & Kitchen,Storage Box,1,4172.17,0.1,Net Banking,Returning,Yes,4172.17,417.21700000000004,3754.953
ORD304247,2025-03-16,CUST12587,Customer_12587,West,Hyderabad,Sports,Cricket Bat,6,5305.42,0.25,Cash,Returning,No,31832.52,7958.13,23874.39
ORD304248,2025-08-12,CUST13247,Customer_13247,South,Delhi,Sports,Football,1,8595.6,0.1,Net Banking,Returning,No,8595.6,859.5600000000001,7736.04
ORD304249,2024-08-16,CUST12748,Customer_12748,North,Kolkata,Furniture,Coffee Table,6,2978.93,0.15,Credit Card,New,No,17873.579999999998,2681.037,15192.542999999998
ORD304250,2025-01-14,CUST13178,Customer_13178,South,Hyderabad,Electronics,Power Bank,1,2474.54,0.05,UPI,Returning,No,2474.54,123.727,2350.813
ORD304251,2024-10-29,CUST13294,Customer_13294,East,Kolkata,Electronics,Bluetooth Speaker,3,1078.51,0.1,UPI,New,No,3235.5299999999997,323.553,2911.977
ORD304252,2025-08-16,CUST12058,Customer_12058,South,Hyderabad,Home & Kitchen,Storage Box,3,11315.51,0.25,Net Banking,New,No,33946.53,8486.6325,25459.8975
ORD304253,2024-10-25,CUST12936,Customer_12936,East,Mumbai,Furniture,Office Chair,1,24215.28,0.15,Debit Card,Returning,No,24215.28,3632.292,20582.987999999998
ORD304254,2025-05-27,CUST12676,Customer_12676,South,Kolkata,Furniture,Study Table,3,28832.25,0.1,Net Banking,New,No,86496.75,8649.675000000001,77847.075
ORD304255,2025-10-16,CUST13277,Customer_13277,West,Mumbai,Clothing,Sneakers,6,2753.34,,Net Banking,New,No,16520.04,0.0,16520.04
ORD304256,2024-04-23,CUST12170,Customer_12170,South,Hyderabad,Home & Kitchen,Mixer Grinder,4,8266.82,0.0,Credit Card,New,Yes,33067.28,0.0,33067.28
ORD304257,2025-03-03,CUST12456,Customer_12456,East,Delhi,Sports,Dumbbells,7,6659.42,0.1,UPI,Returning,No,46615.94,4661.594,41954.346000000005
ORD304258,2025-12-08,CUST13320,Customer_13320,West,Bengaluru,Home & Kitchen,Water Bottle,1,6566.13,0.05,UPI,Returning,No,6566.13,328.3065,6237.8235
ORD304259,2025-06-04,CUST12478,Customer_12478,South,Bengaluru,Sports,Football,1,3835.22,0.05,Debit Card,Returning,No,3835.22,191.761,3643.459
ORD304260,2025-05-12,CUST12341,Customer_12341,East,Kolkata,Clothing,Formal Shirt,3,5760.13,0.0,Debit Card,New,No,17280.39,0.0,17280.39
ORD304261,2024-05-05,CUST12442,Customer_12442,West,Hyderabad,Sports,Dumbbells,1,5305.36,0.0,UPI,Returning,No,5305.36,0.0,5305.36
ORD304262,2024-02-20,CUST12604,Customer_12604,South,Kolkata,Clothing,Jacket,2,3770.2,0.05,Net Banking,Returning,No,7540.4,377.02,7163.379999999999
ORD304263,2024-08-19,CUST13387,Customer_13387,North,Hyderabad,Sports,Football,4,1253.02,0.15,Credit Card,New,No,5012.08,751.812,4260.268
ORD304264,2025-11-03,CUST12467,Customer_12467,North,Delhi,Electronics,USB Keyboard,4,5793.27,0.0,Cash,Returning,No,23173.08,0.0,23173.08
ORD304265,2024-01-28,CUST12188,Customer_12188,North,Kolkata,Furniture,Bookshelf,2,15552.6,0.05,UPI,New,No,31105.2,1555.2600000000002,29549.940000000002
ORD304266,2025-02-06,CUST12633,Customer_12633,North,Mumbai,Sports,Yoga Mat,2,1701.03,0.15,Cash,Returning,No,3402.06,510.30899999999997,2891.751
ORD304267,2025-10-22,CUST13267,Customer_13267,North,Chennai,Furniture,Coffee Table,1,26863.57,0.1,Debit Card,Returning,No,26863.57,2686.357,24177.213
ORD304268,2025-05-28,CUST12552,Customer_12552,East,Kolkata,Furniture,Coffee Table,6,28335.92,0.05,Net Banking,New,No,170015.52,8500.776,161514.74399999998
ORD304269,2025-07-29,CUST12230,Customer_12230,South,Kolkata,Clothing,Jacket,1,4438.01,0.1,Credit Card,Returning,No,4438.01,443.80100000000004,3994.2090000000003
ORD304270,2024-02-09,CUST12566,Customer_12566,North,Kolkata,Clothing,Jeans,1,5060.67,0.05,Credit Card,New,No,5060.67,253.0335,4807.6365000000005
ORD304271,2025-10-28,CUST12970,Customer_12970,East,Kolkata,Furniture,Coffee Table,1,19133.59,0.1,Debit Card,New,No,19133.59,1913.3590000000002,17220.231
ORD304272,2024-03-23,CUST12092,Customer_12092,East,Hyderabad,Sports,Running Shoes,5,8893.83,0.1,Credit Card,Returning,No,44469.15,4446.915,40022.235
ORD304273,2025-07-09,CUST13137,Customer_13137,South,Mumbai,Furniture,Office Chair,6,3529.77,0.25,Credit Card,Returning,No,21178.62,5294.655,15883.965
ORD304274,2024-08-11,CUST13119,Customer_13119,East,Kolkata,Sports,Yoga Mat,2,3882.66,0.1,UPI,Returning,No,7765.32,776.532,6988.788
ORD304275,2025-02-18,CUST13213,Customer_13213,East,Vijayawada,Electronics,Smart Watch,2,12509.12,0.05,Credit Card,Returning,No,25018.24,1250.9120000000003,23767.328
ORD304276,2024-09-15,CUST12675,Customer_12675,North,Delhi,Sports,Football,2,5544.18,0.1,UPI,Returning,No,11088.36,1108.836,9979.524000000001
ORD304277,2025-05-12,CUST13455,Customer_13455,East,Mumbai,Sports,Running Shoes,7,1900.41,0.1,Net Banking,New,No,13302.87,1330.2870000000003,11972.583
ORD304278,2024-03-10,CUST12725,Customer_12725,West,Kolkata,Sports,Dumbbells,3,3814.08,0.15,Cash,New,No,11442.24,1716.336,9725.904
ORD304279,2024-01-02,CUST12673,Customer_12673,East,Hyderabad,Home & Kitchen,Storage Box,1,436.55,0.05,Credit Card,Returning,No,436.55,21.8275,414.7225
ORD304280,2024-10-25,CUST12643,Customer_12643,South,Mumbai,Sports,Yoga Mat,3,8002.82,0.05,Net Banking,Returning,No,24008.46,1200.423,22808.037
ORD304281,2024-08-01,CUST12418,Customer_12418,South,Vijayawada,Home & Kitchen,Mixer Grinder,4,7108.76,0.1,UPI,Returning,No,28435.04,2843.5040000000004,25591.536
ORD304282,2024-12-23,CUST12707,Customer_12707,West,Bengaluru,Furniture,Office Chair,4,23235.31,0.2,UPI,Returning,No,92941.24,18588.248000000003,74352.992
ORD304283,2024-04-05,CUST13128,Customer_13128,North,Mumbai,Sports,Cricket Bat,2,5898.97,0.0,Debit Card,New,No,11797.94,0.0,11797.94
ORD304284,2024-01-04,CUST12370,Customer_12370,East,Chennai,Home & Kitchen,Mixer Grinder,4,11382.45,0.2,Debit Card,Returning,No,45529.8,9105.960000000001,36423.840000000004
ORD304285,2024-01-02,CUST13413,Customer_13413,West,Bengaluru,Electronics,USB Keyboard,1,17403.16,0.05,Debit Card,Returning,Yes,17403.16,870.158,16533.002
ORD304286,2025-04-29,CUST12357,Customer_12357,East,Vijayawada,Home & Kitchen,Water Bottle,3,1855.43,0.25,Debit Card,Returning,No,5566.29,1391.5725,4174.7175
ORD304287,2024-01-11,CUST12359,Customer_12359,South,Mumbai,Home & Kitchen,Bedsheet,1,4899.42,0.1,UPI,Returning,No,4899.42,489.942,4409.478
ORD304288,2024-02-28,CUST12226,Customer_12226,West,Mumbai,Furniture,Sofa,5,19933.35,0.15,Cash,Returning,No,99666.75,14950.012499999999,84716.7375
ORD304289,2024-01-21,CUST12873,Customer_12873,North,Kolkata,Sports,Football,2,2842.3,0.05,Debit Card,Returning,No,5684.6,284.23,5400.370000000001
ORD304290,2025-01-07,CUST13397,Customer_13397,North,Delhi,Sports,Dumbbells,1,1596.76,0.1,Credit Card,Returning,No,1596.76,159.67600000000002,1437.084
ORD304291,2025-10-25,CUST13060,Customer_13060,North,Delhi,Clothing,Jeans,4,3115.19,0.05,Net Banking,Returning,No,12460.76,623.038,11837.722
ORD304292,2024-09-27,CUST13370,Customer_13370,South,Mumbai,Home & Kitchen,Cookware Set,2,4219.65,0.05,Net Banking,Returning,No,8439.3,421.965,8017.334999999999
ORD304293,2024-10-23,CUST12045,Customer_12045,South,Pune,Home & Kitchen,Bedsheet,1,7536.01,0.1,Credit Card,New,No,7536.01,753.6010000000001,6782.409
ORD304294,2024-04-24,CUST13272,Customer_13272,South,Kolkata,Furniture,Office Chair,5,4162.67,0.25,Net Banking,Returning,Yes,20813.35,5203.3375,15610.012499999999
ORD304295,2025-06-23,CUST12221,Customer_12221,West,Delhi,Clothing,Formal Shirt,4,1105.79,0.05,Debit Card,Returning,No,4423.16,221.15800000000002,4202.0019999999995
ORD304296,2025-02-01,CUST12312,Customer_12312,North,Hyderabad,Electronics,USB Keyboard,6,15092.16,0.15,Debit Card,Returning,No,90552.95999999999,13582.943999999998,76970.01599999999
ORD304297,2025-02-16,CUST12272,Customer_12272,West,Vijayawada,Electronics,USB Keyboard,3,13231.92,0.05,Debit Card,Returning,No,39695.76,1984.7880000000002,37710.972
ORD304298,2024-08-28,CUST12843,Customer_12843,South,Chennai,Sports,Running Shoes,2,8775.07,0.05,Cash,New,No,17550.14,877.5070000000001,16672.632999999998
ORD304299,2025-12-05,CUST13156,Customer_13156,West,Kolkata,Home & Kitchen,Water Bottle,7,10055.99,0.15,Debit Card,Returning,No,70391.93,10558.789499999999,59833.140499999994
ORD304300,2025-10-22,CUST12638,Customer_12638,North,Bengaluru,Sports,Cricket Bat,5,5922.83,0.1,Cash,New,No,29614.15,2961.4150000000004,26652.735
ORD304301,2025-04-15,CUST13048,Customer_13048,West,Bengaluru,Sports,Cricket Bat,6,4666.81,0.05,Cash,Returning,No,28000.86,1400.0430000000001,26600.817
ORD304302,2025-04-20,CUST12740,Customer_12740,West,Mumbai,Home & Kitchen,Cookware Set,1,7629.0,0.2,Debit Card,New,Yes,7629.0,1525.8000000000002,6103.2
ORD304303,2024-11-04,CUST13378,Customer_13378,East,Kolkata,Home & Kitchen,Storage Box,3,3245.08,0.05,Credit Card,Returning,No,9735.24,486.762,9248.478
ORD304304,2025-08-21,CUST12816,Customer_12816,East,Delhi,Clothing,Jacket,4,1840.01,0.05,UPI,New,No,7360.04,368.002,6992.038
ORD304305,2024-06-26,CUST13199,Customer_13199,West,Mumbai,Clothing,T-Shirt,4,2974.61,0.0,Cash,Returning,No,11898.44,0.0,11898.44
ORD304306,2024-06-27,CUST12912,Customer_12912,South,Mumbai,Sports,Yoga Mat,2,7141.44,0.0,Cash,Returning,No,14282.88,0.0,14282.88
ORD304307,2025-08-12,CUST12209,Customer_12209,East,Kolkata,Furniture,Study Table,3,17393.99,0.2,Cash,Returning,No,52181.97,10436.394,41745.576
ORD304308,2024-09-09,CUST12829,Customer_12829,East,Delhi,Electronics,Wireless Headphones,6,19920.49,0.05,Net Banking,New,No,119522.94,5976.147000000001,113546.793
ORD304309,2024-10-11,CUST12987,Customer_12987,West,Pune,Home & Kitchen,Water Bottle,2,3990.81,0.2,Credit Card,Returning,No,7981.62,1596.324,6385.296
ORD304310,2024-12-01,CUST12133,Customer_12133,West,Mumbai,Home & Kitchen,Water Bottle,2,672.42,0.05,Cash,Returning,No,1344.84,67.242,1277.598
ORD304311,2025-04-13,CUST12142,Customer_12142,South,Delhi,Electronics,Bluetooth Speaker,3,5977.38,0.0,Debit Card,Returning,Yes,17932.14,0.0,17932.14
ORD304312,2024-06-18,CUST12850,Customer_12850,South,Mumbai,Electronics,USB Keyboard,1,23236.99,0.25,Debit Card,New,No,23236.99,5809.2475,17427.7425
ORD304313,2025-04-11,CUST12518,Customer_12518,South,Pune,Sports,Running Shoes,1,634.65,0.15,Debit Card,Returning,No,634.65,95.19749999999999,539.4525
ORD304314,2025-12-29,CUST12941,Customer_12941,West,Hyderabad,Home & Kitchen,Water Bottle,1,5245.08,0.1,Credit Card,Returning,Yes,5245.08,524.508,4720.572
ORD304315,2025-02-04,CUST12300,Customer_12300,North,Chennai,Electronics,Wireless Headphones,2,19008.37,0.05,Cash,New,Yes,38016.74,1900.837,36115.903
ORD304316,2024-02-25,CUST13145,Customer_13145,South,Bengaluru,Electronics,USB Keyboard,3,2235.83,0.05,UPI,Returning,No,6707.49,335.3745,6372.1155
ORD304317,2025-07-03,CUST12546,Customer_12546,East,Vijayawada,Home & Kitchen,Water Bottle,1,4284.45,0.2,UPI,Returning,No,4284.45,856.89,3427.56
ORD304318,2024-03-20,CUST12678,Customer_12678,East,Chennai,Clothing,Sneakers,1,626.79,0.05,UPI,Returning,No,626.79,31.3395,595.4504999999999
ORD304319,2024-07-13,CUST12279,Customer_12279,South,Vijayawada,Home & Kitchen,Mixer Grinder,1,1558.13,0.05,UPI,New,No,1558.13,77.90650000000001,1480.2235
ORD304320,2024-12-14,CUST13191,Customer_13191,South,Chennai,Furniture,Study Table,1,5558.83,0.15,Cash,Returning,No,5558.83,833.8245,4725.0055
ORD304321,2024-01-11,CUST12233,Customer_12233,North,Kolkata,Sports,Football,3,7927.8,0.0,Credit Card,Returning,No,23783.4,0.0,23783.4
ORD304322,2025-10-28,CUST12576,Customer_12576,East,Mumbai,Home & Kitchen,Cookware Set,1,4562.25,0.0,UPI,Returning,Yes,4562.25,0.0,4562.25
ORD304323,2025-02-18,CUST12134,Customer_12134,North,Delhi,Furniture,Study Table,2,14855.91,0.15,Net Banking,New,No,29711.82,4456.773,25255.047
ORD304324,2024-12-13,CUST13329,Customer_13329,West,Bengaluru,Furniture,Bookshelf,3,18878.89,0.1,Credit Card,New,Yes,56636.67,5663.667,50973.003
ORD304325,2024-05-28,CUST12934,Customer_12934,South,Pune,Sports,Football,4,2216.5,0.1,Net Banking,New,No,8866.0,886.6,7979.4
ORD304326,2025-11-08,CUST13304,Customer_13304,South,Bengaluru,Electronics,Smart Watch,6,23672.29,0.15,Net Banking,Returning,No,142033.74,21305.060999999998,120728.67899999999
ORD304327,2025-10-11,CUST13485,Customer_13485,North,Chennai,Furniture,Sofa,2,2688.69,0.1,UPI,New,No,5377.38,537.738,4839.642
ORD304328,2024-10-16,CUST12794,Customer_12794,West,Delhi,Clothing,Formal Shirt,3,2423.82,0.0,UPI,Returning,No,7271.460000000001,0.0,7271.460000000001
ORD304329,2024-02-02,CUST13405,Customer_13405,West,Hyderabad,Clothing,T-Shirt,4,2226.09,0.1,UPI,Returning,No,8904.36,890.4360000000001,8013.924000000001
ORD304330,2024-01-05,CUST12437,Customer_12437,South,Delhi,Furniture,Sofa,2,23051.18,0.15,Cash,Returning,No,46102.36,6915.354,39187.006
ORD304331,2024-03-02,CUST12499,Customer_12499,West,Mumbai,Sports,Dumbbells,3,4671.58,0.05,UPI,Returning,Yes,14014.74,700.7370000000001,13314.003
ORD304332,2024-04-27,CUST13013,Customer_13013,West,Bengaluru,Clothing,Jeans,1,5201.96,0.05,UPI,New,No,5201.96,260.098,4941.862
ORD304333,2024-05-17,CUST12491,Customer_12491,East,Bengaluru,Clothing,Jacket,1,2895.84,0.15,UPI,Returning,No,2895.84,434.37600000000003,2461.464
ORD304334,2025-02-13,CUST13019,Customer_13019,West,Mumbai,Furniture,Bookshelf,1,25640.89,0.1,Debit Card,New,No,25640.89,2564.089,23076.801
ORD304335,2024-03-21,CUST13030,Customer_13030,West,Pune,Clothing,Jacket,1,998.35,0.05,UPI,Returning,No,998.35,49.917500000000004,948.4325
ORD304336,2024-11-09,CUST12623,Customer_12623,West,Chennai,Home & Kitchen,Water Bottle,3,8573.03,0.0,Net Banking,New,No,25719.090000000004,0.0,25719.090000000004
ORD304337,2024-03-15,CUST12134,Customer_12134,South,Pune,Clothing,Sneakers,3,2587.31,0.0,Debit Card,New,No,7761.93,0.0,7761.93
ORD304338,2025-04-25,CUST13407,Customer_13407,East,Chennai,Sports,Running Shoes,6,1424.46,0.15,Net Banking,Returning,No,8546.76,1282.014,7264.746
ORD304339,2024-04-14,CUST13224,Customer_13224,East,Pune,Home & Kitchen,Mixer Grinder,1,3198.2,0.25,Debit Card,Returning,Yes,3198.2,799.55,2398.6499999999996
ORD304340,2025-08-20,CUST12585,Customer_12585,North,Bengaluru,Home & Kitchen,Cookware Set,1,9634.79,0.05,Debit Card,Returning,No,9634.79,481.7395000000001,9153.050500000001
ORD304341,2024-10-01,CUST13345,Customer_13345,East,Hyderabad,Clothing,T-Shirt,1,3746.47,0.1,Credit Card,Returning,No,3746.47,374.647,3371.823
ORD304342,2025-05-19,CUST12470,Customer_12470,East,Hyderabad,Clothing,Jacket,2,987.71,0.05,Credit Card,Returning,No,1975.42,98.77100000000002,1876.6490000000001
ORD304343,2025-09-29,CUST12726,Customer_12726,North,Vijayawada,Sports,Running Shoes,1,5927.86,0.0,Net Banking,New,No,5927.86,0.0,5927.86
ORD304344,2025-02-06,CUST12256,Customer_12256,North,Bengaluru,Clothing,Jacket,3,2886.54,0.2,Debit Card,New,No,8659.619999999999,1731.924,6927.695999999999
ORD304345,2025-11-23,CUST12153,Customer_12153,South,Hyderabad,Home & Kitchen,Bedsheet,1,1993.41,0.05,Debit Card,New,No,1993.41,99.6705,1893.7395000000001
ORD304346,2025-01-17,CUST12397,Customer_12397,East,Mumbai,Furniture,Office Chair,2,12212.79,0.15,UPI,Returning,No,24425.58,3663.837,20761.743000000002
ORD304347,2025-05-12,CUST12256,Customer_12256,East,Chennai,Sports,Running Shoes,5,3300.1,0.1,Credit Card,New,No,16500.5,1650.0500000000002,14850.45
ORD304348,2025-12-21,CUST13191,Customer_13191,East,Kolkata,Sports,Yoga Mat,3,7286.47,0.15,Net Banking,New,No,21859.41,3278.9114999999997,18580.4985
ORD304349,2024-12-25,CUST13071,Customer_13071,East,Mumbai,Clothing,Jacket,2,542.75,0.1,UPI,New,No,1085.5,108.55000000000001,976.95
ORD304350,2025-06-17,CUST12789,Customer_12789,East,Mumbai,Clothing,Sneakers,4,4875.52,,Cash,Returning,No,19502.08,0.0,19502.08
ORD304351,2025-05-16,CUST13161,Customer_13161,South,Bengaluru,Furniture,Sofa,3,5523.24,0.05,Debit Card,Returning,No,16569.72,828.4860000000001,15741.234
ORD304352,2024-04-09,CUST12595,Customer_12595,North,Vijayawada,Home & Kitchen,Water Bottle,7,4705.63,0.05,Debit Card,New,No,32939.41,1646.9705000000004,31292.439500000004
ORD304353,2024-04-22,CUST12901,Customer_12901,West,Pune,Furniture,Office Chair,1,9175.82,0.1,Credit Card,Returning,No,9175.82,917.582,8258.238
ORD304354,2024-05-31,CUST12478,Customer_12478,West,Vijayawada,Home & Kitchen,Storage Box,7,9485.84,0.1,Net Banking,New,No,66400.88,6640.088000000001,59760.792
ORD304355,2025-11-20,CUST12598,Customer_12598,West,Mumbai,Home & Kitchen,Water Bottle,3,9779.81,0.15,UPI,New,No,29339.43,4400.9145,24938.5155
ORD304356,2025-10-16,CUST12846,Customer_12846,East,Hyderabad,Clothing,Jeans,1,4904.4,0.05,Debit Card,Returning,No,4904.4,245.22,4659.179999999999
ORD304357,2024-10-30,CUST12532,Customer_12532,East,Vijayawada,Sports,Football,3,5530.22,0.15,Cash,New,No,16590.66,2488.5989999999997,14102.061
ORD304358,2025-04-19,CUST13209,Customer_13209,South,Bengaluru,Sports,Football,2,2103.44,0.05,UPI,New,No,4206.88,210.34400000000002,3996.536
ORD304359,2024-02-23,CUST13044,Customer_13044,West,Pune,Home & Kitchen,Water Bottle,1,823.08,0.15,Cash,Returning,No,823.08,123.462,699.618
ORD304360,2024-11-21,CUST12180,Customer_12180,East,Pune,Home & Kitchen,Bedsheet,1,4736.62,0.05,Credit Card,Returning,No,4736.62,236.83100000000002,4499.789
ORD304361,2025-02-05,CUST12933,Customer_12933,South,Chennai,Clothing,T-Shirt,6,3604.64,0.2,Cash,Returning,No,21627.84,4325.568,17302.272
ORD304362,2024-10-13,CUST12372,Customer_12372,West,Kolkata,Clothing,Jacket,1,2801.22,0.05,Credit Card,Returning,No,2801.22,140.061,2661.1589999999997
ORD304363,2025-11-09,CUST12235,Customer_12235,West,Mumbai,Electronics,Bluetooth Speaker,2,22609.01,0.1,Net Banking,Returning,No,45218.02,4521.802,40696.21799999999
ORD304364,2024-09-30,CUST13035,Customer_13035,South,Mumbai,Electronics,Wireless Headphones,3,18698.11,0.0,Net Banking,Returning,No,56094.33,0.0,56094.33
ORD304365,2024-02-26,CUST13216,Customer_13216,North,Chennai,Electronics,Wireless Headphones,2,7033.59,0.1,Credit Card,Returning,No,14067.18,1406.718,12660.462
ORD304366,2024-07-04,CUST12579,Customer_12579,West,Hyderabad,Clothing,Jacket,3,4772.08,0.0,Debit Card,Returning,No,14316.24,0.0,14316.24
ORD304367,2025-01-10,CUST13196,Customer_13196,South,Mumbai,Clothing,Sneakers,2,3508.58,0.05,Net Banking,Returning,No,7017.16,350.858,6666.302
ORD304368,2025-02-16,CUST12326,Customer_12326,North,Kolkata,Sports,Yoga Mat,3,7652.5,0.15,UPI,New,No,22957.5,3443.625,19513.875
ORD304369,2024-11-15,CUST13378,Customer_13378,South,Kolkata,Furniture,Bookshelf,2,18448.85,0.05,Net Banking,Returning,No,36897.7,1844.885,35052.814999999995
ORD304370,2024-11-27,CUST12638,Customer_12638,South,Pune,Home & Kitchen,Cookware Set,2,2631.12,,UPI,New,No,5262.24,0.0,5262.24
ORD304371,2024-07-21,CUST13300,Customer_13300,West,Vijayawada,Clothing,Jacket,1,3143.86,0.1,Cash,Returning,No,3143.86,314.386,2829.474
ORD304372,2025-07-21,CUST12305,Customer_12305,West,Bengaluru,Electronics,USB Keyboard,6,9205.34,0.0,Debit Card,Returning,No,55232.04,0.0,55232.04
ORD304373,2025-03-23,CUST12672,Customer_12672,West,Kolkata,Electronics,USB Keyboard,2,17951.54,0.1,Net Banking,Returning,No,35903.08,3590.3080000000004,32312.772
ORD304374,2024-03-11,CUST12735,Customer_12735,West,Hyderabad,Furniture,Sofa,6,5814.04,0.05,Net Banking,Returning,No,34884.24,1744.212,33140.028
ORD304375,2025-10-18,CUST12874,Customer_12874,South,Hyderabad,Clothing,T-Shirt,2,5261.52,0.15,Debit Card,Returning,No,10523.04,1578.4560000000001,8944.584
ORD304376,2024-05-09,CUST12845,Customer_12845,West,Kolkata,Electronics,Power Bank,2,12385.29,0.0,Credit Card,Returning,No,24770.58,0.0,24770.58
ORD304377,2025-08-06,CUST13138,Customer_13138,West,Vijayawada,Sports,Dumbbells,2,5473.36,0.0,Credit Card,New,No,10946.72,0.0,10946.72
ORD304378,2025-07-07,CUST13484,Customer_13484,West,Chennai,Electronics,Bluetooth Speaker,3,20900.46,0.15,Net Banking,New,No,62701.38,9405.206999999999,53296.172999999995
ORD304379,2024-12-01,CUST13245,Customer_13245,North,Vijayawada,Clothing,Jeans,2,3282.47,0.0,UPI,New,No,6564.94,0.0,6564.94
ORD304380,2024-11-03,CUST12153,Customer_12153,South,Kolkata,Sports,Dumbbells,6,2841.38,0.0,UPI,Returning,No,17048.28,0.0,17048.28
ORD304381,2025-01-08,CUST12590,Customer_12590,North,Pune,Clothing,T-Shirt,1,4646.64,0.0,UPI,Returning,No,4646.64,0.0,4646.64
ORD304382,2025-08-26,CUST13410,Customer_13410,North,Chennai,Home & Kitchen,Mixer Grinder,4,9654.82,0.05,Net Banking,New,No,38619.28,1930.964,36688.316
ORD304383,2025-05-29,CUST12338,Customer_12338,East,Mumbai,Furniture,Sofa,3,4760.23,0.05,Cash,Returning,No,14280.689999999999,714.0345,13566.655499999999
ORD304384,2025-01-10,CUST12856,Customer_12856,West,Delhi,Sports,Running Shoes,2,8275.43,0.05,Credit Card,New,No,16550.86,827.5430000000001,15723.317000000001
ORD304385,2025-09-06,CUST12020,Customer_12020,West,Mumbai,Home & Kitchen,Bedsheet,1,660.19,0.1,Credit Card,Returning,No,660.19,66.019,594.171
ORD304386,2024-07-07,CUST12810,Customer_12810,North,Mumbai,Clothing,Jeans,5,4261.07,0.0,Net Banking,Returning,No,21305.35,0.0,21305.35
ORD304387,2024-03-31,CUST13456,Customer_13456,South,Kolkata,Clothing,Formal Shirt,1,4663.87,0.05,UPI,New,No,4663.87,233.1935,4430.6765
ORD304388,2025-10-09,CUST12398,Customer_12398,East,Bengaluru,Home & Kitchen,Bedsheet,1,5405.47,0.2,UPI,Returning,No,5405.47,1081.094,4324.376
ORD304389,2024-04-09,CUST12278,Customer_12278,East,Bengaluru,Furniture,Office Chair,5,17643.9,0.15,UPI,Returning,No,88219.5,13232.925,74986.575
ORD304390,2025-08-21,CUST13135,Customer_13135,East,Mumbai,Home & Kitchen,Water Bottle,2,5355.26,0.2,Credit Card,Returning,No,10710.52,2142.1040000000003,8568.416000000001
ORD304391,2024-12-19,CUST13330,Customer_13330,West,Delhi,Furniture,Study Table,1,18528.3,0.15,Credit Card,Returning,No,18528.3,2779.245,15749.055
ORD304392,2025-04-23,CUST13295,Customer_13295,West,Pune,Home & Kitchen,Storage Box,2,11234.36,0.05,Credit Card,Returning,No,22468.72,1123.4360000000001,21345.284
ORD304393,2024-09-05,CUST12929,Customer_12929,South,Mumbai,Electronics,Smart Watch,3,6253.39,0.2,Cash,New,No,18760.170000000002,3752.0340000000006,15008.136000000002
ORD304394,2024-09-30,CUST13487,Customer_13487,North,Delhi,Clothing,Sneakers,4,1765.09,0.0,Credit Card,Returning,No,7060.36,0.0,7060.36
ORD304395,2025-01-29,CUST13430,Customer_13430,West,Hyderabad,Clothing,Jeans,7,765.33,0.15,Credit Card,Returning,No,5357.31,803.5965,4553.713500000001
ORD304396,2025-09-09,CUST12035,Customer_12035,East,Vijayawada,Furniture,Office Chair,1,22295.41,0.1,Debit Card,New,No,22295.41,2229.541,20065.869
ORD304397,2024-07-12,CUST13026,Customer_13026,West,Mumbai,Furniture,Study Table,3,1944.19,0.15,UPI,Returning,No,5832.57,874.8855,4957.684499999999
ORD304398,2024-06-13,CUST12554,Customer_12554,West,Vijayawada,Furniture,Bookshelf,2,10088.74,0.1,UPI,New,Yes,20177.48,2017.748,18159.732
ORD304399,2025-01-28,CUST12853,Customer_12853,West,Delhi,Sports,Cricket Bat,3,8484.4,0.15,Cash,Returning,Yes,25453.199999999997,3817.9799999999996,21635.219999999998
ORD304400,2024-10-22,CUST12366,Customer_12366,North,Hyderabad,Electronics,Power Bank,6,17461.96,0.1,Credit Card,Returning,No,104771.76,10477.176,94294.584
ORD304401,2024-11-23,CUST13234,Customer_13234,North,Chennai,Clothing,Jacket,6,2661.43,0.1,UPI,New,No,15968.579999999998,1596.858,14371.721999999998
ORD304402,2025-03-05,CUST13469,Customer_13469,West,Mumbai,Clothing,T-Shirt,2,520.99,0.0,Credit Card,New,No,1041.98,0.0,1041.98
ORD304403,2025-04-12,CUST13458,Customer_13458,South,Delhi,Furniture,Coffee Table,1,22022.42,0.2,Debit Card,New,No,22022.42,4404.4839999999995,17617.935999999998
ORD304404,2024-06-14,CUST12354,Customer_12354,North,Hyderabad,Electronics,USB Keyboard,2,7919.03,0.1,Net Banking,Returning,No,15838.06,1583.806,14254.253999999999
ORD304405,2025-08-16,CUST13017,Customer_13017,South,Pune,Clothing,Jacket,1,4766.41,0.1,Net Banking,New,No,4766.41,476.641,4289.769
ORD304406,2025-06-24,CUST12254,Customer_12254,North,Mumbai,Home & Kitchen,Bedsheet,2,8504.52,0.1,Debit Card,Returning,No,17009.04,1700.9040000000002,15308.136
ORD304407,2025-06-24,CUST12428,Customer_12428,West,Vijayawada,Furniture,Coffee Table,1,26911.01,0.1,Cash,Returning,No,26911.01,2691.101,24219.909
ORD304408,2024-06-24,CUST12323,Customer_12323,West,Chennai,Sports,Dumbbells,1,3793.77,0.2,Cash,Returning,No,3793.77,758.754,3035.016
ORD304409,2025-01-19,CUST13500,Customer_13500,South,Hyderabad,Home & Kitchen,Water Bottle,1,8243.08,0.0,Net Banking,New,No,8243.08,0.0,8243.08
ORD304410,2024-10-12,CUST12653,Customer_12653,North,Chennai,Furniture,Study Table,5,14664.56,0.0,Net Banking,Returning,No,73322.8,0.0,73322.8
ORD304411,2024-05-03,CUST12669,Customer_12669,West,Pune,Sports,Dumbbells,1,8611.13,0.05,Cash,New,No,8611.13,430.55649999999997,8180.5734999999995
ORD304412,2025-08-24,CUST13011,Customer_13011,South,Pune,Home & Kitchen,Storage Box,3,7045.91,0.15,Credit Card,New,No,21137.73,3170.6594999999998,17967.0705
ORD304413,2024-10-26,CUST12737,Customer_12737,North,Pune,Sports,Running Shoes,3,1400.02,0.2,Debit Card,Returning,No,4200.0599999999995,840.012,3360.048
ORD304414,2024-05-17,CUST12813,Customer_12813,South,Pune,Furniture,Bookshelf,1,3498.4,0.0,Cash,Returning,No,3498.4,0.0,3498.4
ORD304415,2025-12-02,CUST13051,Customer_13051,South,Pune,Clothing,Jeans,1,4041.61,0.1,Cash,New,No,4041.61,404.16100000000006,3637.449
ORD304416,2025-03-10,CUST13314,Customer_13314,East,Mumbai,Clothing,T-Shirt,3,3375.59,0.25,Debit Card,Returning,No,10126.77,2531.6925,7595.0775
ORD304417,2025-09-22,CUST12070,Customer_12070,West,Hyderabad,Home & Kitchen,Cookware Set,2,6950.9,0.05,UPI,Returning,No,13901.8,695.09,13206.71
ORD304418,2025-10-08,CUST12848,Customer_12848,South,Mumbai,Clothing,Jeans,3,3358.28,0.05,UPI,New,No,10074.84,503.742,9571.098
ORD304419,2024-03-14,CUST12115,Customer_12115,East,Mumbai,Electronics,Bluetooth Speaker,5,19153.75,0.05,Net Banking,New,No,95768.75,4788.4375,90980.3125
ORD304420,2025-11-04,CUST12475,Customer_12475,South,Hyderabad,Electronics,Wireless Headphones,7,7403.42,0.0,UPI,Returning,No,51823.94,0.0,51823.94
ORD304421,2025-08-09,CUST12696,Customer_12696,South,Mumbai,Electronics,Power Bank,2,8853.79,0.05,Credit Card,Returning,No,17707.58,885.3790000000001,16822.201
ORD304422,2025-09-10,CUST12866,Customer_12866,West,Pune,Clothing,T-Shirt,4,2696.68,0.05,UPI,Returning,No,10786.72,539.336,10247.384
ORD304423,2024-10-03,CUST12498,Customer_12498,West,Kolkata,Furniture,Study Table,3,9921.95,0.2,Cash,New,No,29765.850000000002,5953.170000000001,23812.68
ORD304424,2024-02-13,CUST12756,Customer_12756,West,Delhi,Clothing,T-Shirt,2,2262.33,0.05,Net Banking,New,No,4524.66,226.233,4298.427
ORD304425,2025-05-10,CUST12657,Customer_12657,South,Mumbai,Sports,Football,1,4010.78,0.0,Debit Card,New,Yes,4010.78,0.0,4010.78
ORD304426,2025-08-19,CUST12467,Customer_12467,East,Hyderabad,Furniture,Coffee Table,2,12055.16,0.25,Net Banking,New,No,24110.32,6027.58,18082.739999999998
ORD304427,2025-10-07,CUST13278,Customer_13278,East,Mumbai,Sports,Running Shoes,4,7162.79,0.1,Net Banking,New,No,28651.16,2865.116,25786.044
ORD304428,2025-08-24,CUST13399,Customer_13399,West,Delhi,Sports,Running Shoes,1,912.79,0.2,Net Banking,Returning,No,912.79,182.558,730.232
ORD304429,2025-08-28,CUST13479,Customer_13479,West,Delhi,Home & Kitchen,Bedsheet,1,10397.54,0.05,Net Banking,New,No,10397.54,519.8770000000001,9877.663
ORD304430,2024-04-26,CUST12061,Customer_12061,South,Pune,Clothing,Sneakers,1,708.26,0.1,Debit Card,Returning,Yes,708.26,70.82600000000001,637.434
ORD304431,2025-07-03,CUST13105,Customer_13105,West,Chennai,Clothing,Jeans,6,3848.64,0.05,Credit Card,New,No,23091.84,1154.592,21937.248
ORD304432,2025-08-05,CUST12270,Customer_12270,North,Pune,Electronics,Bluetooth Speaker,3,20855.19,0.05,UPI,Returning,No,62565.56999999999,3128.2785,59437.29149999999
ORD304433,2024-10-03,CUST12974,Customer_12974,North,Pune,Clothing,Sneakers,2,1497.86,0.0,UPI,New,Yes,2995.72,0.0,2995.72
ORD304434,2024-12-03,CUST12402,Customer_12402,South,Hyderabad,Home & Kitchen,Mixer Grinder,1,1465.68,0.0,Net Banking,New,No,1465.68,0.0,1465.68
ORD304435,2024-11-07,CUST13363,Customer_13363,North,Hyderabad,Clothing,Formal Shirt,1,1595.67,0.05,Net Banking,Returning,No,1595.67,79.7835,1515.8865
ORD304436,2024-02-22,CUST12233,Customer_12233,North,Pune,Electronics,Power Bank,2,7371.68,0.05,UPI,New,No,14743.36,737.1680000000001,14006.192000000001
ORD304437,2024-10-09,CUST12718,Customer_12718,East,Pune,Electronics,Bluetooth Speaker,6,1280.36,0.1,Credit Card,New,No,7682.16,768.216,6913.9439999999995
ORD304438,2024-06-07,CUST12030,Customer_12030,West,Delhi,Furniture,Sofa,1,18532.3,0.1,Cash,New,Yes,18532.3,1853.23,16679.07
ORD304439,2024-05-13,CUST13064,Customer_13064,South,Hyderabad,Clothing,T-Shirt,3,4215.44,0.15,UPI,Returning,No,12646.32,1896.9479999999999,10749.372
ORD304440,2025-02-14,CUST12062,Customer_12062,South,Chennai,Furniture,Office Chair,1,27791.63,0.15,UPI,Returning,No,27791.63,4168.7445,23622.8855
ORD304441,2024-09-21,CUST12467,Customer_12467,East,Delhi,Home & Kitchen,Storage Box,3,9506.38,0.0,Credit Card,Returning,No,28519.14,0.0,28519.14
ORD304442,2024-03-21,CUST12169,Customer_12169,East,Hyderabad,Furniture,Coffee Table,1,22290.44,0.0,Net Banking,Returning,No,22290.44,0.0,22290.44
ORD304443,2025-03-14,CUST12117,Customer_12117,East,,Electronics,Bluetooth Speaker,7,14432.87,0.05,Net Banking,New,No,101030.09000000001,5051.504500000001,95978.58550000002
ORD304444,2024-06-13,CUST13258,Customer_13258,South,Pune,Furniture,Study Table,2,20359.82,0.05,UPI,Returning,Yes,40719.64,2035.982,38683.657999999996
ORD304445,2025-10-30,CUST12689,Customer_12689,North,Bengaluru,Clothing,Sneakers,3,2384.15,0.1,Credit Card,Returning,No,7152.450000000001,715.2450000000001,6437.205000000001
ORD304446,2025-04-28,CUST12695,Customer_12695,North,Chennai,Home & Kitchen,Storage Box,4,4390.96,0.0,UPI,New,Yes,17563.84,0.0,17563.84
ORD304447,2024-07-27,CUST13460,Customer_13460,South,Pune,Clothing,Formal Shirt,4,720.9,0.0,Net Banking,Returning,No,2883.6,0.0,2883.6
ORD304448,2025-11-19,CUST12804,Customer_12804,North,Mumbai,Clothing,T-Shirt,5,1133.17,0.1,UPI,Returning,No,5665.85,566.585,5099.265
ORD304449,2025-08-27,CUST12293,Customer_12293,West,Kolkata,Furniture,Study Table,2,16050.83,0.2,UPI,New,Yes,32101.66,6420.332,25681.328
ORD304450,2024-10-25,CUST12100,Customer_12100,North,Mumbai,Furniture,Office Chair,5,21209.98,0.05,Net Banking,Returning,Yes,106049.9,5302.495,100747.405
ORD304451,2025-12-01,CUST12633,Customer_12633,West,Chennai,Sports,Cricket Bat,1,3810.32,0.2,Credit Card,Returning,No,3810.32,762.0640000000001,3048.2560000000003
ORD304452,2025-08-31,CUST12955,Customer_12955,South,Hyderabad,Furniture,Sofa,2,7415.28,0.15,Debit Card,Returning,No,14830.56,2224.584,12605.975999999999
ORD304453,2024-02-25,CUST12790,Customer_12790,East,Vijayawada,Sports,Yoga Mat,1,5171.76,0.1,Cash,New,No,5171.76,517.176,4654.584
ORD304454,2024-11-16,CUST12601,Customer_12601,East,Delhi,Electronics,Wireless Headphones,2,16628.75,0.1,Credit Card,Returning,No,33257.5,3325.75,29931.75
ORD304455,2024-07-26,CUST12843,Customer_12843,West,Mumbai,Home & Kitchen,Water Bottle,2,4843.93,0.1,Cash,New,No,9687.86,968.7860000000001,8719.074
ORD304456,2024-07-12,CUST13361,Customer_13361,East,Mumbai,Home & Kitchen,Cookware Set,4,9775.72,0.25,Credit Card,Returning,No,39102.88,9775.72,29327.159999999996
ORD304457,2025-11-22,CUST13403,Customer_13403,East,Chennai,Sports,Running Shoes,1,8606.75,0.2,UPI,New,No,8606.75,1721.3500000000001,6885.4
ORD304458,2024-02-09,CUST12577,Customer_12577,South,Chennai,Home & Kitchen,Bedsheet,3,1463.63,0.05,Debit Card,Returning,No,4390.89,219.54450000000003,4171.3455
ORD304459,2025-08-20,CUST12209,Customer_12209,East,Pune,Furniture,Sofa,6,10909.43,0.0,Cash,Returning,Yes,65456.58,0.0,65456.58
ORD304460,2025-02-26,CUST12079,Customer_12079,West,Mumbai,Sports,Yoga Mat,2,8535.76,0.1,UPI,New,No,17071.52,1707.152,15364.368
ORD304461,2025-12-08,CUST12284,Customer_12284,South,Vijayawada,Home & Kitchen,Bedsheet,1,10658.26,0.1,UPI,New,No,10658.26,1065.826,9592.434000000001
ORD304462,2024-06-11,CUST12673,Customer_12673,West,Delhi,Furniture,Coffee Table,4,5922.43,0.05,Credit Card,Returning,No,23689.72,1184.486,22505.234
ORD304463,2025-01-19,CUST12769,Customer_12769,South,Vijayawada,Electronics,Bluetooth Speaker,1,18665.8,0.05,Cash,Returning,No,18665.8,933.29,17732.51
ORD304464,2024-12-31,CUST12565,Customer_12565,West,Delhi,Furniture,Coffee Table,1,22759.01,0.05,Cash,New,No,22759.01,1137.9505,21621.0595
ORD304465,2024-12-26,CUST12403,Customer_12403,West,Hyderabad,Furniture,Office Chair,7,10457.6,0.05,Cash,New,No,73203.2,3660.16,69543.04
ORD304466,2024-04-09,CUST12411,Customer_12411,North,Bengaluru,Clothing,Jacket,1,1537.33,0.1,Net Banking,Returning,No,1537.33,153.733,1383.597
ORD304467,2025-06-15,CUST12628,Customer_12628,North,Mumbai,Electronics,Wireless Headphones,3,11385.44,0.25,UPI,New,No,34156.32,8539.08,25617.239999999998
ORD304468,2024-09-06,CUST13300,Customer_13300,East,Kolkata,Electronics,Power Bank,6,20783.84,0.25,Credit Card,Returning,No,124703.04000000001,31175.760000000002,93527.28
ORD304469,2025-11-24,CUST12490,Customer_12490,East,Pune,Clothing,T-Shirt,1,791.67,0.0,Debit Card,Returning,No,791.67,0.0,791.67
ORD304470,2024-08-11,CUST13087,Customer_13087,North,Pune,Electronics,Smart Watch,3,8901.53,0.0,Cash,New,No,26704.590000000004,0.0,26704.590000000004
ORD304471,2024-02-07,CUST12874,Customer_12874,North,Mumbai,Sports,Football,4,6128.42,0.05,UPI,New,No,24513.68,1225.684,23287.996
ORD304472,2024-06-15,CUST12367,Customer_12367,West,Mumbai,Sports,Running Shoes,6,2856.61,0.2,Net Banking,New,Yes,17139.66,3427.9320000000002,13711.728
ORD304473,2024-06-12,CUST12191,Customer_12191,North,Pune,Clothing,Jeans,1,2935.66,0.15,Cash,Returning,No,2935.66,440.349,2495.3109999999997
ORD304474,2024-09-11,CUST13027,Customer_13027,West,Chennai,Electronics,Bluetooth Speaker,4,20140.8,0.05,Net Banking,Returning,No,80563.2,4028.16,76535.04
ORD304475,2025-07-29,CUST12591,Customer_12591,East,Bengaluru,Electronics,USB Keyboard,2,2467.46,0.0,Net Banking,Returning,No,4934.92,0.0,4934.92
ORD304476,2024-03-16,CUST12079,Customer_12079,East,Chennai,Electronics,Bluetooth Speaker,6,4210.55,0.05,UPI,New,No,25263.300000000003,1263.1650000000002,24000.135000000002
ORD304477,2025-02-09,CUST13347,Customer_13347,East,Chennai,Electronics,Smart Watch,6,972.74,0.05,Net Banking,Returning,No,5836.4400000000005,291.82200000000006,5544.618
ORD304478,2024-08-09,CUST12408,Customer_12408,South,Kolkata,Furniture,Office Chair,3,28535.87,0.0,Cash,New,No,85607.61,0.0,85607.61
ORD304479,2025-05-07,CUST12867,Customer_12867,East,Pune,Home & Kitchen,Mixer Grinder,1,5278.67,0.1,Net Banking,Returning,No,5278.67,527.8670000000001,4750.803
ORD304480,2024-07-29,CUST13286,Customer_13286,West,Pune,Home & Kitchen,Mixer Grinder,3,9545.57,0.1,UPI,New,No,28636.71,2863.6710000000003,25773.038999999997
ORD304481,2024-06-01,CUST12512,Customer_12512,North,Chennai,Furniture,Bookshelf,5,13582.76,0.2,Cash,New,No,67913.8,13582.760000000002,54331.04
ORD304482,2025-09-17,CUST12478,Customer_12478,North,Vijayawada,Sports,Yoga Mat,3,3404.04,0.05,Credit Card,Returning,Yes,10212.119999999999,510.606,9701.514
ORD304483,2025-05-28,CUST12195,Customer_12195,West,Delhi,Sports,Running Shoes,3,8806.93,0.05,Cash,New,No,26420.79,1321.0395,25099.750500000002
ORD304484,2024-04-24,CUST13022,Customer_13022,West,Hyderabad,Clothing,Formal Shirt,2,4711.38,0.1,UPI,New,No,9422.76,942.2760000000001,8480.484
ORD304485,2025-04-15,CUST13255,Customer_13255,East,Hyderabad,Furniture,Sofa,2,22347.37,0.0,Cash,Returning,No,44694.74,0.0,44694.74
ORD304486,2025-01-27,CUST12862,Customer_12862,East,Vijayawada,Electronics,Bluetooth Speaker,2,17951.04,0.2,UPI,Returning,No,35902.08,7180.416000000001,28721.664
ORD304487,2025-09-13,CUST13234,Customer_13234,South,Bengaluru,Home & Kitchen,Water Bottle,2,1645.02,0.25,Credit Card,Returning,No,3290.04,822.51,2467.5299999999997
ORD304488,2024-04-22,CUST12410,Customer_12410,South,Hyderabad,Furniture,Study Table,1,16131.05,0.0,Net Banking,Returning,No,16131.05,0.0,16131.05
ORD304489,2024-12-06,CUST13482,Customer_13482,West,Bengaluru,Sports,Yoga Mat,2,8940.16,0.1,Cash,Returning,No,17880.32,1788.0320000000002,16092.288
ORD304490,2025-07-13,CUST12707,Customer_12707,East,Pune,Electronics,Wireless Headphones,4,11283.91,0.1,Cash,Returning,No,45135.64,4513.564,40622.076
ORD304491,2025-05-06,CUST13415,Customer_13415,West,Pune,Sports,Cricket Bat,1,3082.75,0.2,Net Banking,Returning,No,3082.75,616.5500000000001,2466.2
ORD304492,2025-12-06,CUST12233,Customer_12233,North,Hyderabad,Sports,Yoga Mat,3,6209.66,0.1,Net Banking,New,No,18628.98,1862.8980000000001,16766.082
ORD304493,2025-01-19,CUST12721,Customer_12721,North,Bengaluru,Electronics,Wireless Headphones,5,19819.11,0.0,Debit Card,New,No,99095.55,0.0,99095.55
ORD304494,2024-08-25,CUST12354,Customer_12354,South,Hyderabad,Clothing,Formal Shirt,1,3053.66,0.0,Net Banking,Returning,No,3053.66,0.0,3053.66
ORD304495,2024-09-12,CUST13182,Customer_13182,North,Mumbai,Electronics,Wireless Headphones,3,2367.8,0.15,UPI,New,No,7103.400000000001,1065.51,6037.89
ORD304496,2025-06-27,CUST13317,Customer_13317,North,Mumbai,Electronics,Power Bank,6,9394.74,0.0,Credit Card,New,No,56368.44,0.0,56368.44
ORD304497,2024-12-30,CUST12860,Customer_12860,South,Delhi,Sports,Football,1,2888.76,0.05,Debit Card,Returning,No,2888.76,144.43800000000002,2744.322
ORD304498,2025-01-02,CUST12824,Customer_12824,South,Mumbai,Home & Kitchen,Bedsheet,1,1422.3,0.1,Debit Card,New,No,1422.3,142.23,1280.07
ORD304499,2024-01-12,CUST12346,Customer_12346,South,Bengaluru,Furniture,Study Table,7,2650.75,0.2,Debit Card,Returning,No,18555.25,3711.05,14844.2
ORD304500,2025-11-26,CUST12401,Customer_12401,South,Pune,Sports,Dumbbells,2,7631.43,0.15,Net Banking,Returning,No,15262.86,2289.429,12973.431
ORD304501,2025-08-19,CUST12259,Customer_12259,North,Vijayawada,Furniture,Bookshelf,2,26547.55,0.05,Net Banking,Returning,No,53095.1,2654.755,50440.345
ORD304502,2025-05-02,CUST12881,Customer_12881,East,Hyderabad,Sports,Yoga Mat,1,8515.44,0.1,Cash,New,No,8515.44,851.5440000000001,7663.896000000001
ORD304503,2024-02-19,CUST13103,Customer_13103,West,Mumbai,Home & Kitchen,Mixer Grinder,3,1873.5,0.05,UPI,Returning,Yes,5620.5,281.02500000000003,5339.475
ORD304504,2025-02-08,CUST12099,Customer_12099,East,Delhi,Sports,Cricket Bat,6,1794.64,0.05,Net Banking,Returning,No,10767.84,538.392,10229.448
ORD304505,2024-05-12,CUST12216,Customer_12216,North,Mumbai,Home & Kitchen,Storage Box,4,4890.84,0.1,Cash,Returning,No,19563.36,1956.3360000000002,17607.024
ORD304506,2024-05-25,CUST12038,Customer_12038,North,Vijayawada,Furniture,Office Chair,7,5198.26,0.1,Credit Card,Returning,No,36387.82,3638.782,32749.038
ORD304507,2024-06-04,CUST12141,Customer_12141,East,Mumbai,Home & Kitchen,Bedsheet,1,5953.54,0.1,Net Banking,New,No,5953.54,595.354,5358.186
ORD304508,2024-10-31,CUST13203,Customer_13203,East,Delhi,Furniture,Office Chair,2,17512.45,0.2,UPI,New,No,35024.9,7004.9800000000005,28019.920000000002
ORD304509,2025-09-03,CUST12696,Customer_12696,North,Bengaluru,Sports,Football,4,3320.62,0.15,Debit Card,Returning,No,13282.48,1992.3719999999998,11290.108
ORD304510,2024-06-06,CUST12787,Customer_12787,West,Mumbai,Clothing,Sneakers,1,5434.42,0.0,Net Banking,Returning,No,5434.42,0.0,5434.42
ORD304511,2024-04-12,CUST13423,Customer_13423,West,Hyderabad,Furniture,Sofa,1,19801.91,0.15,Debit Card,New,No,19801.91,2970.2864999999997,16831.6235
ORD304512,2024-04-11,CUST13490,Customer_13490,South,Vijayawada,Sports,Running Shoes,5,4297.82,0.05,Debit Card,Returning,No,21489.1,1074.455,20414.644999999997
ORD304513,2024-05-04,CUST12125,Customer_12125,East,,Sports,Running Shoes,1,1622.87,0.0,Debit Card,New,No,1622.87,0.0,1622.87
ORD304514,2025-09-05,CUST13238,Customer_13238,South,Chennai,Sports,Dumbbells,1,8949.31,0.0,Net Banking,New,No,8949.31,0.0,8949.31
ORD304515,2025-03-10,CUST12865,Customer_12865,South,Chennai,Furniture,Office Chair,5,17374.65,0.05,Credit Card,Returning,Yes,86873.25,4343.6625,82529.5875
ORD304516,2025-12-28,CUST12173,Customer_12173,South,Pune,Furniture,Sofa,3,8586.09,0.05,Debit Card,Returning,No,25758.27,1287.9135,24470.3565
ORD304517,2025-02-17,CUST12736,Customer_12736,South,Hyderabad,Sports,Yoga Mat,3,5903.76,0.1,Cash,Returning,No,17711.28,1771.128,15940.151999999998
ORD304518,2024-10-14,CUST13138,Customer_13138,West,Kolkata,Sports,Dumbbells,3,8214.69,0.15,Debit Card,Returning,No,24644.07,3696.6105,20947.4595
ORD304519,2025-02-23,CUST12281,Customer_12281,South,Chennai,Furniture,Study Table,2,24864.7,0.05,Cash,Returning,No,49729.4,2486.4700000000003,47242.93
ORD304520,2025-05-19,CUST12648,Customer_12648,North,Bengaluru,Furniture,Study Table,1,13960.82,0.1,Credit Card,Returning,No,13960.82,1396.082,12564.738
ORD304521,2024-08-01,CUST12942,Customer_12942,West,Pune,Clothing,Jeans,1,3011.0,0.0,Debit Card,New,No,3011.0,0.0,3011.0
ORD304522,2025-02-06,CUST12108,Customer_12108,South,Vijayawada,Home & Kitchen,Storage Box,4,5576.25,0.15,Credit Card,Returning,No,22305.0,3345.75,18959.25
ORD304523,2025-12-07,CUST12339,Customer_12339,South,Delhi,Electronics,Power Bank,5,2135.13,0.05,Cash,Returning,Yes,10675.650000000001,533.7825000000001,10141.867500000002
ORD304524,2025-07-01,CUST12870,Customer_12870,North,Chennai,Furniture,Coffee Table,2,15316.29,0.1,Credit Card,Returning,No,30632.58,3063.2580000000003,27569.322
ORD304525,2024-02-10,CUST13173,Customer_13173,South,Vijayawada,Electronics,Bluetooth Speaker,3,15697.56,0.1,UPI,Returning,No,47092.68,4709.268,42383.412
ORD304526,2025-07-10,CUST13224,Customer_13224,South,Hyderabad,Clothing,T-Shirt,4,5506.72,0.15,Credit Card,Returning,No,22026.88,3304.032,18722.848
ORD304527,2024-05-06,CUST13227,Customer_13227,West,Pune,Clothing,Jacket,2,5713.54,0.05,UPI,New,No,11427.08,571.354,10855.726
ORD304528,2025-12-27,CUST12648,Customer_12648,West,Mumbai,Home & Kitchen,Bedsheet,1,9970.0,0.1,UPI,Returning,No,9970.0,997.0,8973.0
ORD304529,2025-07-05,CUST12503,Customer_12503,West,Hyderabad,Furniture,Coffee Table,3,6901.34,0.15,Credit Card,Returning,No,20704.02,3105.603,17598.417
ORD304530,2025-04-22,CUST12390,Customer_12390,South,Mumbai,Home & Kitchen,Water Bottle,6,10107.41,0.05,Net Banking,New,No,60644.46,3032.223,57612.237
ORD304531,2025-06-01,CUST13073,Customer_13073,East,Hyderabad,Furniture,Study Table,1,3204.76,0.05,Cash,New,No,3204.76,160.23800000000003,3044.5220000000004
ORD304532,2024-09-29,CUST12686,Customer_12686,West,Vijayawada,Sports,Cricket Bat,1,4684.63,0.05,Net Banking,Returning,No,4684.63,234.2315,4450.3985
ORD304533,2025-10-18,CUST12341,Customer_12341,East,Bengaluru,Sports,Football,5,5692.83,0.2,UPI,New,No,28464.15,5692.830000000001,22771.32
ORD304534,2024-06-01,CUST12867,Customer_12867,North,Hyderabad,Home & Kitchen,Mixer Grinder,3,6315.96,0.05,Net Banking,New,No,18947.88,947.3940000000001,18000.486
ORD304535,2024-03-28,CUST12650,Customer_12650,South,Vijayawada,Clothing,Sneakers,3,5374.12,0.05,Cash,Returning,No,16122.36,806.118,15316.242
ORD304536,2025-05-11,CUST12748,Customer_12748,North,Bengaluru,Electronics,Smart Watch,5,22611.47,0.1,UPI,Returning,No,113057.35,11305.735,101751.615
ORD304537,2025-03-25,CUST12660,Customer_12660,East,Bengaluru,Home & Kitchen,Water Bottle,2,5793.56,0.15,Credit Card,New,Yes,11587.12,1738.068,9849.052000000001
ORD304538,2024-10-15,CUST12038,Customer_12038,North,Delhi,Sports,Cricket Bat,2,9408.01,0.05,Cash,Returning,No,18816.02,940.801,17875.219
ORD304539,2024-03-21,CUST12959,Customer_12959,East,Delhi,Electronics,USB Keyboard,1,11060.75,0.1,Credit Card,Returning,No,11060.75,1106.075,9954.675
ORD304540,2024-10-02,CUST13180,Customer_13180,East,Chennai,Sports,Yoga Mat,2,4661.4,0.05,Credit Card,Returning,Yes,9322.8,466.14,8856.66
ORD304541,2025-01-13,CUST13424,Customer_13424,North,Hyderabad,Clothing,Sneakers,4,823.42,0.1,Cash,Returning,No,3293.68,329.368,2964.312
ORD304542,2025-05-02,CUST12303,Customer_12303,South,Chennai,Clothing,Jeans,5,2099.32,0.05,UPI,Returning,No,10496.6,524.83,9971.77
ORD304543,2024-06-17,CUST13119,Customer_13119,East,Pune,Electronics,Smart Watch,5,4074.66,0.15,Net Banking,Returning,No,20373.3,3055.995,17317.305
ORD304544,2024-12-08,CUST12140,Customer_12140,West,Delhi,Furniture,Sofa,3,11439.38,0.25,Net Banking,Returning,No,34318.14,8579.535,25738.605
ORD304545,2025-05-16,CUST12707,Customer_12707,West,Pune,Home & Kitchen,Storage Box,4,4354.51,0.05,Net Banking,Returning,Yes,17418.04,870.902,16547.138
ORD304546,2025-05-31,CUST13032,Customer_13032,West,Chennai,Electronics,USB Keyboard,2,7124.86,0.0,Net Banking,New,No,14249.72,0.0,14249.72
ORD304547,2024-08-28,CUST12083,Customer_12083,West,Hyderabad,Electronics,Power Bank,2,19793.56,0.0,UPI,New,No,39587.12,0.0,39587.12
ORD304548,2025-09-14,CUST12196,Customer_12196,North,Delhi,Electronics,Wireless Headphones,1,2124.17,0.05,Cash,Returning,No,2124.17,106.20850000000002,2017.9615000000001
ORD304549,2024-03-01,CUST12075,Customer_12075,East,Delhi,Furniture,Sofa,2,5744.88,0.1,UPI,New,No,11489.76,1148.976,10340.784
ORD304550,2024-02-28,CUST12185,Customer_12185,West,Chennai,Home & Kitchen,Bedsheet,3,8558.11,0.0,Debit Card,New,No,25674.33,0.0,25674.33
ORD304551,2024-08-19,CUST13356,Customer_13356,North,Delhi,Clothing,T-Shirt,1,878.33,0.0,Credit Card,New,No,878.33,0.0,878.33
ORD304552,2024-04-16,CUST12279,Customer_12279,East,Delhi,Furniture,Study Table,5,13000.13,0.2,Debit Card,Returning,No,65000.649999999994,13000.13,52000.52
ORD304553,2025-01-18,CUST12545,Customer_12545,North,Delhi,Electronics,Power Bank,1,12647.34,0.25,Debit Card,New,No,12647.34,3161.835,9485.505000000001
ORD304554,2025-10-26,CUST12610,Customer_12610,North,Delhi,Clothing,Jacket,2,556.13,0.1,Credit Card,New,No,1112.26,111.226,1001.034
ORD304555,2025-09-30,CUST13479,Customer_13479,North,Vijayawada,Sports,Dumbbells,5,1024.03,0.05,Credit Card,Returning,No,5120.15,256.0075,4864.1425
ORD304556,2025-11-25,CUST12175,Customer_12175,South,Bengaluru,Electronics,Bluetooth Speaker,4,19791.65,0.1,Net Banking,New,No,79166.6,7916.660000000001,71249.94
ORD304557,2024-11-09,CUST12873,Customer_12873,East,Bengaluru,Sports,Dumbbells,2,1780.96,0.25,Debit Card,Returning,Yes,3561.92,890.48,2671.44
ORD304558,2025-02-28,CUST12901,Customer_12901,East,Hyderabad,Sports,Dumbbells,5,9189.28,0.05,Cash,Returning,No,45946.4,2297.32,43649.08
ORD304559,2024-08-31,CUST12296,Customer_12296,South,Vijayawada,Furniture,Sofa,1,6414.68,0.2,Debit Card,Returning,No,6414.68,1282.9360000000001,5131.744000000001
ORD304560,2025-11-02,CUST12398,Customer_12398,East,Mumbai,Furniture,Office Chair,1,10138.31,0.05,Cash,Returning,Yes,10138.31,506.9155,9631.3945
ORD304561,2025-01-19,CUST13253,Customer_13253,West,Mumbai,Home & Kitchen,Cookware Set,1,10602.65,0.15,Cash,Returning,No,10602.65,1590.3974999999998,9012.2525
ORD304562,2025-06-16,CUST13266,Customer_13266,East,Pune,Furniture,Bookshelf,2,28117.48,0.15,Cash,Returning,No,56234.96,8435.243999999999,47799.716
ORD304563,2025-06-14,CUST12377,Customer_12377,North,Delhi,Furniture,Study Table,1,12194.1,0.0,Net Banking,Returning,No,12194.1,0.0,12194.1
ORD304564,2024-04-11,CUST12314,Customer_12314,East,Pune,Home & Kitchen,Mixer Grinder,7,6009.1,0.05,UPI,Returning,No,42063.700000000004,2103.1850000000004,39960.51500000001
ORD304565,2024-05-26,CUST13477,Customer_13477,East,Hyderabad,Electronics,Smart Watch,1,13174.87,0.1,Debit Card,Returning,No,13174.87,1317.487,11857.383000000002
ORD304566,2024-08-19,CUST12235,Customer_12235,West,Chennai,Clothing,Jacket,1,4896.14,0.0,Debit Card,Returning,No,4896.14,0.0,4896.14
ORD304567,2025-12-03,CUST12659,Customer_12659,North,Hyderabad,Home & Kitchen,Cookware Set,4,5056.64,0.1,Cash,Returning,No,20226.56,2022.6560000000002,18203.904000000002
ORD304568,2024-09-15,CUST12528,Customer_12528,East,Pune,Clothing,Jacket,2,1752.93,0.0,UPI,Returning,Yes,3505.86,0.0,3505.86
ORD304569,2024-10-16,CUST12996,Customer_12996,South,Delhi,Electronics,USB Keyboard,3,5502.82,0.15,Net Banking,New,No,16508.46,2476.269,14032.190999999999
ORD304570,2024-06-01,CUST12785,Customer_12785,East,Kolkata,Sports,Football,1,3287.69,0.25,Credit Card,New,No,3287.69,821.9225,2465.7675
ORD304571,2024-02-23,CUST12079,Customer_12079,South,Hyderabad,Furniture,Office Chair,3,9717.44,0.1,Credit Card,Returning,No,29152.32,2915.232,26237.088
ORD304572,2025-04-20,CUST13110,Customer_13110,North,Vijayawada,Furniture,Study Table,4,23829.22,0.15,Net Banking,Returning,No,95316.88,14297.532000000001,81019.348
ORD304573,2024-10-08,CUST12163,Customer_12163,North,Delhi,Sports,Running Shoes,6,4041.92,0.05,Cash,Returning,No,24251.52,1212.576,23038.944
ORD304574,2024-07-26,CUST13010,Customer_13010,South,Delhi,Sports,Dumbbells,1,1753.67,0.2,Debit Card,Returning,No,1753.67,350.73400000000004,1402.9360000000001
ORD304575,2024-02-29,CUST12720,Customer_12720,North,Vijayawada,Clothing,Formal Shirt,2,2051.38,0.15,Credit Card,Returning,No,4102.76,615.414,3487.3460000000005
ORD304576,2024-01-19,CUST13039,Customer_13039,West,Chennai,Clothing,Jeans,1,2490.96,0.05,Cash,New,No,2490.96,124.548,2366.4120000000003
ORD304577,2024-01-15,CUST13169,Customer_13169,North,Pune,Clothing,Jeans,2,2987.52,0.05,UPI,Returning,No,5975.04,298.752,5676.288
ORD304578,2024-08-23,CUST12265,Customer_12265,West,Vijayawada,Sports,Running Shoes,3,4422.57,0.1,Debit Card,Returning,No,13267.71,1326.771,11940.938999999998
ORD304579,2024-01-05,CUST13418,Customer_13418,South,Hyderabad,Electronics,Smart Watch,2,4805.77,0.05,UPI,Returning,No,9611.54,480.57700000000006,9130.963000000002
ORD304580,2025-02-12,CUST12119,Customer_12119,West,Bengaluru,Home & Kitchen,Cookware Set,4,6432.14,0.05,Credit Card,New,No,25728.56,1286.428,24442.132
ORD304581,2025-01-28,CUST12083,Customer_12083,North,Pune,Sports,Dumbbells,1,1193.43,0.05,UPI,Returning,No,1193.43,59.67150000000001,1133.7585000000001
ORD304582,2024-05-27,CUST12430,Customer_12430,East,Chennai,Clothing,Jeans,2,5227.63,0.0,Net Banking,New,No,10455.26,0.0,10455.26
ORD304583,2025-08-03,CUST12712,Customer_12712,West,Kolkata,Electronics,Wireless Headphones,3,7290.75,0.1,Credit Card,Returning,No,21872.25,2187.225,19685.025
ORD304584,2024-04-16,CUST12332,Customer_12332,West,Bengaluru,Electronics,Bluetooth Speaker,2,21558.77,0.0,UPI,Returning,No,43117.54,0.0,43117.54
ORD304585,2024-08-14,CUST12858,Customer_12858,West,Vijayawada,Home & Kitchen,Mixer Grinder,2,1348.72,0.15,Credit Card,Returning,No,2697.44,404.616,2292.824
ORD304586,2025-05-08,CUST13129,Customer_13129,East,Vijayawada,Electronics,Smart Watch,1,15456.46,0.05,Debit Card,Returning,No,15456.46,772.823,14683.636999999999
ORD304587,2025-06-01,CUST13397,Customer_13397,West,Hyderabad,Home & Kitchen,Mixer Grinder,2,6646.73,0.1,Net Banking,Returning,No,13293.46,1329.346,11964.114
ORD304588,2024-06-18,CUST12226,Customer_12226,North,Delhi,Clothing,Formal Shirt,2,2237.64,0.2,Net Banking,Returning,No,4475.28,895.056,3580.2239999999997
ORD304589,2024-01-04,CUST13285,Customer_13285,North,Delhi,Furniture,Study Table,4,3272.51,0.05,UPI,New,No,13090.04,654.5020000000001,12435.538
ORD304590,2024-08-29,CUST13204,Customer_13204,North,Chennai,Clothing,Formal Shirt,1,2550.75,0.05,Debit Card,Returning,No,2550.75,127.53750000000001,2423.2125
ORD304591,2025-12-15,CUST12611,Customer_12611,North,Delhi,Home & Kitchen,Cookware Set,1,2299.7,0.0,Net Banking,New,No,2299.7,0.0,2299.7
ORD304592,2024-09-08,CUST12057,Customer_12057,North,Bengaluru,Furniture,Sofa,7,3730.25,0.1,UPI,Returning,No,26111.75,2611.175,23500.575
ORD304593,2025-09-20,CUST12183,Customer_12183,West,Hyderabad,Home & Kitchen,Storage Box,5,9616.16,0.0,UPI,New,No,48080.8,0.0,48080.8
ORD304594,2025-09-04,CUST12036,Customer_12036,East,Vijayawada,Home & Kitchen,Water Bottle,5,4019.29,0.05,Cash,Returning,No,20096.45,1004.8225000000001,19091.627500000002
ORD304595,2025-06-26,CUST12853,Customer_12853,North,Pune,Sports,Yoga Mat,3,2427.68,0.1,Cash,Returning,No,7283.039999999999,728.304,6554.735999999999
ORD304596,2025-03-20,CUST12969,Customer_12969,East,Mumbai,Sports,Running Shoes,1,5888.83,0.15,Net Banking,New,No,5888.83,883.3245,5005.5055
ORD304597,2024-06-01,CUST12929,Customer_12929,South,Hyderabad,Home & Kitchen,Cookware Set,1,480.31,0.1,UPI,Returning,No,480.31,48.031000000000006,432.279
ORD304598,2024-09-09,CUST12479,Customer_12479,West,Vijayawada,Electronics,Wireless Headphones,4,20324.78,0.05,UPI,New,No,81299.12,4064.956,77234.16399999999
ORD304599,2024-03-20,CUST12615,Customer_12615,East,Chennai,Sports,Dumbbells,3,8775.34,0.0,Net Banking,Returning,No,26326.02,0.0,26326.02
ORD304600,2024-10-18,CUST13015,Customer_13015,West,Hyderabad,Furniture,Study Table,3,11247.97,0.2,Cash,New,Yes,33743.909999999996,6748.781999999999,26995.127999999997
ORD304601,2024-09-06,CUST12542,Customer_12542,West,Bengaluru,Furniture,Sofa,2,13350.91,0.15,Cash,Returning,No,26701.82,4005.2729999999997,22696.547
ORD304602,2024-08-05,CUST13324,Customer_13324,East,Pune,Home & Kitchen,Bedsheet,2,10012.71,0.05,Debit Card,Returning,No,20025.42,1001.271,19024.148999999998
ORD304603,2025-06-02,CUST12058,Customer_12058,East,Hyderabad,Home & Kitchen,Bedsheet,2,6287.14,0.05,Debit Card,New,Yes,12574.28,628.714,11945.566
ORD304604,2025-03-07,CUST13297,Customer_13297,West,Bengaluru,Electronics,Bluetooth Speaker,3,17649.84,0.25,Net Banking,Returning,No,52949.520000000004,13237.380000000001,39712.14
ORD304605,2024-04-03,CUST12725,Customer_12725,South,Kolkata,Electronics,Bluetooth Speaker,2,1036.35,0.15,Net Banking,Returning,No,2072.7,310.905,1761.7949999999998
ORD304606,2024-07-10,CUST12744,Customer_12744,South,Hyderabad,Furniture,Office Chair,6,3805.09,0.15,Debit Card,New,No,22830.54,3424.581,19405.959000000003
ORD304607,2025-07-18,CUST12383,Customer_12383,West,Chennai,Sports,Dumbbells,7,3738.25,0.1,Debit Card,Returning,No,26167.75,2616.775,23550.975
ORD304608,2025-01-06,CUST12047,Customer_12047,North,Vijayawada,Sports,Yoga Mat,1,2992.04,0.15,UPI,Returning,No,2992.04,448.806,2543.234
ORD304609,2025-12-29,CUST12399,Customer_12399,West,Hyderabad,Home & Kitchen,Bedsheet,4,4546.24,0.05,Credit Card,New,No,18184.96,909.248,17275.712
ORD304610,2024-09-26,CUST12138,Customer_12138,North,Bengaluru,Clothing,Sneakers,1,5048.01,0.25,Net Banking,New,No,5048.01,1262.0025,3786.0075
ORD304611,2024-07-10,CUST12798,Customer_12798,East,Kolkata,Sports,Cricket Bat,4,6839.95,0.05,Net Banking,Returning,No,27359.8,1367.99,25991.809999999998
ORD304612,2025-04-24,CUST12994,Customer_12994,West,Pune,Sports,Dumbbells,2,1498.11,0.05,Cash,Returning,No,2996.22,149.811,2846.4089999999997
ORD304613,2025-06-13,CUST12159,Customer_12159,North,Chennai,Electronics,Bluetooth Speaker,5,16091.33,0.1,Credit Card,Returning,No,80456.65,8045.665,72410.985
ORD304614,2025-02-26,CUST13372,Customer_13372,West,Hyderabad,Clothing,Formal Shirt,5,1383.47,0.05,Cash,New,No,6917.35,345.86750000000006,6571.4825
ORD304615,2025-03-05,CUST12820,Customer_12820,East,Kolkata,Clothing,T-Shirt,1,1543.57,0.05,Credit Card,New,No,1543.57,77.1785,1466.3915
ORD304616,2024-05-24,CUST12096,Customer_12096,South,,Furniture,Sofa,7,24508.63,0.05,UPI,Returning,No,171560.41,8578.0205,162982.3895
ORD304617,2024-12-21,CUST13297,Customer_13297,West,Pune,Electronics,Wireless Headphones,2,17378.79,0.15,UPI,New,No,34757.58,5213.637,29543.943000000003
ORD304618,2024-04-11,CUST12570,Customer_12570,West,Hyderabad,Home & Kitchen,Mixer Grinder,4,2720.58,0.15,UPI,New,Yes,10882.32,1632.348,9249.972
ORD304619,2025-05-26,CUST12749,Customer_12749,West,Kolkata,Furniture,Sofa,3,11746.56,0.15,Debit Card,New,No,35239.68,5285.952,29953.728
ORD304620,2025-10-18,CUST13093,Customer_13093,South,Mumbai,Furniture,Coffee Table,2,19631.98,0.05,Cash,Returning,No,39263.96,1963.198,37300.762
ORD304621,2025-03-31,CUST13500,Customer_13500,South,Bengaluru,Furniture,Study Table,1,3435.11,0.15,UPI,Returning,No,3435.11,515.2665,2919.8435
ORD304622,2024-05-23,CUST12778,Customer_12778,North,Vijayawada,Furniture,Study Table,3,5293.66,0.15,Credit Card,New,No,15880.98,2382.147,13498.832999999999
ORD304623,2024-09-27,CUST12806,Customer_12806,North,Kolkata,Clothing,Sneakers,2,3693.03,0.1,Cash,New,No,7386.06,738.6060000000001,6647.454000000001
ORD304624,2025-09-15,CUST12484,Customer_12484,East,Kolkata,Sports,Cricket Bat,3,6089.55,0.1,Cash,Returning,No,18268.65,1826.8650000000002,16441.785
ORD304625,2024-07-02,CUST12258,Customer_12258,West,Hyderabad,Clothing,T-Shirt,1,3893.7,0.0,Net Banking,New,No,3893.7,0.0,3893.7
ORD304626,2025-06-04,CUST13246,Customer_13246,North,Pune,Home & Kitchen,Bedsheet,1,6829.9,0.05,Cash,Returning,No,6829.9,341.495,6488.405
ORD304627,2025-06-04,CUST13177,Customer_13177,South,Vijayawada,Furniture,Office Chair,6,20115.26,0.2,Net Banking,Returning,No,120691.56,24138.312,96553.24799999999
ORD304628,2025-05-22,CUST12530,Customer_12530,South,Pune,Electronics,Bluetooth Speaker,2,22079.7,0.0,UPI,Returning,No,44159.4,0.0,44159.4
ORD304629,2025-05-15,CUST12197,Customer_12197,South,Kolkata,Sports,Football,1,8117.55,0.05,UPI,Returning,No,8117.55,405.87750000000005,7711.672500000001
ORD304630,2025-03-16,CUST12519,Customer_12519,West,Kolkata,Home & Kitchen,Storage Box,6,3621.54,0.05,UPI,Returning,No,21729.239999999998,1086.462,20642.778
ORD304631,2025-04-12,CUST12781,Customer_12781,North,Vijayawada,Clothing,Jacket,1,1939.38,0.15,Credit Card,Returning,No,1939.38,290.907,1648.4730000000002
ORD304632,2025-07-01,CUST12690,Customer_12690,East,Chennai,Sports,Yoga Mat,3,8871.65,0.0,Cash,Returning,No,26614.949999999997,0.0,26614.949999999997
ORD304633,2024-05-06,CUST12789,Customer_12789,East,Hyderabad,Furniture,Coffee Table,2,4852.39,0.05,UPI,Returning,Yes,9704.78,485.23900000000003,9219.541000000001
ORD304634,2025-12-10,CUST12055,Customer_12055,West,Chennai,Electronics,USB Keyboard,4,4352.0,0.1,Credit Card,Returning,No,17408.0,1740.8000000000002,15667.2
ORD304635,2024-08-23,CUST12113,Customer_12113,East,Bengaluru,Home & Kitchen,Storage Box,1,5321.84,0.1,Debit Card,New,No,5321.84,532.1840000000001,4789.656
ORD304636,2024-09-03,CUST12942,Customer_12942,South,Kolkata,Clothing,Jacket,3,4695.86,0.05,Debit Card,Returning,No,14087.579999999998,704.3789999999999,13383.200999999997
ORD304637,2025-08-11,CUST12154,Customer_12154,North,Chennai,Furniture,Coffee Table,3,21214.08,0.0,UPI,Returning,No,63642.240000000005,0.0,63642.240000000005
ORD304638,2025-05-07,CUST12038,Customer_12038,West,Delhi,Electronics,USB Keyboard,2,4449.24,0.05,Debit Card,Returning,No,8898.48,444.924,8453.556
ORD304639,2024-08-04,CUST12037,Customer_12037,East,Delhi,Sports,Yoga Mat,1,6425.0,0.0,Net Banking,New,No,6425.0,0.0,6425.0
ORD304640,2025-01-07,CUST12844,Customer_12844,South,Kolkata,Clothing,Jacket,4,5273.18,0.0,Debit Card,New,No,21092.72,0.0,21092.72
ORD304641,2024-05-21,CUST13153,Customer_13153,South,Chennai,Clothing,Formal Shirt,1,3686.74,0.15,Net Banking,Returning,No,3686.74,553.011,3133.729
ORD304642,2025-11-13,CUST12166,Customer_12166,North,Pune,Electronics,Smart Watch,5,4122.3,0.0,Credit Card,Returning,No,20611.5,0.0,20611.5
ORD304643,2024-04-27,CUST13339,Customer_13339,East,Vijayawada,Home & Kitchen,Cookware Set,1,2620.58,0.0,Credit Card,Returning,No,2620.58,0.0,2620.58
ORD304644,2025-09-14,CUST13254,Customer_13254,East,Bengaluru,Home & Kitchen,Storage Box,2,9013.97,0.15,Debit Card,New,No,18027.94,2704.191,15323.749
ORD304645,2024-11-01,CUST12813,Customer_12813,West,Delhi,Home & Kitchen,Bedsheet,2,4777.62,0.05,UPI,Returning,No,9555.24,477.762,9077.478
ORD304646,2025-08-12,CUST12088,Customer_12088,South,Hyderabad,Clothing,Formal Shirt,1,5394.48,0.1,Credit Card,New,No,5394.48,539.448,4855.031999999999
ORD304647,2024-09-14,CUST13167,Customer_13167,North,Chennai,Electronics,Bluetooth Speaker,4,1560.68,0.1,Debit Card,Returning,Yes,6242.72,624.272,5618.448
ORD304648,2024-12-24,CUST13248,Customer_13248,West,Mumbai,Clothing,Formal Shirt,5,1200.39,0.0,Debit Card,Returning,No,6001.950000000001,0.0,6001.950000000001
ORD304649,2024-12-05,CUST13221,Customer_13221,South,Chennai,Sports,Cricket Bat,3,986.97,0.05,Debit Card,New,No,2960.91,148.0455,2812.8644999999997
ORD304650,2024-09-06,CUST13157,Customer_13157,South,Pune,Electronics,Bluetooth Speaker,2,7057.91,0.1,Credit Card,New,No,14115.82,1411.582,12704.238
ORD304651,2025-11-02,CUST12369,Customer_12369,North,Bengaluru,Furniture,Coffee Table,3,10780.56,0.1,Net Banking,Returning,No,32341.68,3234.168,29107.512
ORD304652,2024-04-12,CUST12476,Customer_12476,North,Hyderabad,Home & Kitchen,Storage Box,1,11130.92,0.1,Net Banking,Returning,No,11130.92,1113.092,10017.828
ORD304653,2024-08-16,CUST13278,Customer_13278,West,Chennai,Sports,Football,3,7331.42,0.1,Net Banking,Returning,No,21994.260000000002,2199.4260000000004,19794.834000000003
ORD304654,2025-10-02,CUST12125,Customer_12125,North,Chennai,Sports,Running Shoes,1,7935.01,0.0,Net Banking,Returning,No,7935.01,0.0,7935.01
ORD304655,2025-10-30,CUST12503,Customer_12503,South,Mumbai,Home & Kitchen,Cookware Set,3,9911.39,0.15,Cash,New,No,29734.17,4460.125499999999,25274.0445
ORD304656,2024-02-25,CUST12538,Customer_12538,South,Chennai,Clothing,Jacket,3,2316.15,0.1,Credit Card,New,No,6948.450000000001,694.8450000000001,6253.6050000000005
ORD304657,2024-12-11,CUST12202,Customer_12202,South,Pune,Electronics,Smart Watch,1,14003.28,0.1,Credit Card,Returning,Yes,14003.28,1400.3280000000002,12602.952000000001
ORD304658,2024-05-09,CUST12732,Customer_12732,West,Mumbai,Clothing,Sneakers,2,4376.76,0.05,Credit Card,New,No,8753.52,437.67600000000004,8315.844000000001
ORD304659,2025-07-06,CUST12125,Customer_12125,West,Chennai,Furniture,Study Table,5,24638.22,0.1,Net Banking,Returning,No,123191.1,12319.11,110871.99
ORD304660,2025-03-18,CUST13436,Customer_13436,North,Chennai,Home & Kitchen,Cookware Set,6,2650.89,0.05,Debit Card,Returning,No,15905.34,795.267,15110.073
ORD304661,2024-06-13,CUST13337,Customer_13337,West,Vijayawada,Clothing,Formal Shirt,1,5064.06,0.0,UPI,Returning,Yes,5064.06,0.0,5064.06
ORD304662,2025-03-12,CUST13444,Customer_13444,East,Bengaluru,Electronics,Bluetooth Speaker,3,7324.97,0.05,Debit Card,Returning,No,21974.91,1098.7455,20876.1645
ORD304663,2025-01-09,CUST12489,Customer_12489,North,Hyderabad,Clothing,Sneakers,2,4374.61,0.0,Net Banking,Returning,No,8749.22,0.0,8749.22
ORD304664,2024-07-29,CUST12587,Customer_12587,East,Delhi,Home & Kitchen,Cookware Set,2,9867.65,0.05,UPI,Returning,No,19735.3,986.765,18748.535
ORD304665,2025-12-30,CUST12890,Customer_12890,East,Hyderabad,Furniture,Sofa,7,26038.54,0.2,Cash,New,No,182269.78,36453.956,145815.824
ORD304666,2024-05-05,CUST12388,Customer_12388,West,Hyderabad,Clothing,Jacket,2,4401.91,0.2,Cash,Returning,No,8803.82,1760.7640000000001,7043.056
ORD304667,2024-02-03,CUST12645,Customer_12645,South,Pune,Sports,Football,1,4686.97,0.2,UPI,Returning,No,4686.97,937.3940000000001,3749.576
ORD304668,2025-12-15,CUST12257,Customer_12257,West,Kolkata,Home & Kitchen,Water Bottle,5,7722.01,0.15,Cash,Returning,No,38610.05,5791.507500000001,32818.5425
ORD304669,2024-07-01,CUST12383,Customer_12383,East,Chennai,Sports,Dumbbells,1,5839.29,0.15,Cash,Returning,Yes,5839.29,875.8935,4963.3965
ORD304670,2025-02-09,CUST12525,Customer_12525,East,Delhi,Clothing,Formal Shirt,6,1964.29,0.05,Debit Card,New,No,11785.74,589.287,11196.453
ORD304671,2025-08-27,CUST12683,Customer_12683,South,Pune,Clothing,Sneakers,3,2701.16,0.05,Net Banking,Returning,No,8103.48,405.174,7698.306
ORD304672,2024-05-27,CUST13454,Customer_13454,South,Hyderabad,Home & Kitchen,Cookware Set,3,3243.56,0.05,Net Banking,Returning,No,9730.68,486.53400000000005,9244.146
ORD304673,2024-04-14,CUST12718,Customer_12718,West,Pune,Clothing,T-Shirt,6,3431.21,0.15,Debit Card,Returning,No,20587.260000000002,3088.0890000000004,17499.171000000002
ORD304674,2024-07-03,CUST13148,Customer_13148,North,Hyderabad,Furniture,Coffee Table,1,7804.78,0.1,Credit Card,New,No,7804.78,780.4780000000001,7024.302
ORD304675,2025-04-06,CUST12594,Customer_12594,South,Vijayawada,Clothing,T-Shirt,1,5241.38,0.0,Debit Card,New,No,5241.38,0.0,5241.38
ORD304676,2025-07-07,CUST12752,Customer_12752,West,Vijayawada,Sports,Yoga Mat,2,8642.89,0.0,Debit Card,New,No,17285.78,0.0,17285.78
ORD304677,2024-08-26,CUST12601,Customer_12601,East,Mumbai,Home & Kitchen,Water Bottle,5,9628.34,0.15,UPI,Returning,No,48141.7,7221.254999999999,40920.445
ORD304678,2024-07-19,CUST12310,Customer_12310,South,Pune,Furniture,Office Chair,4,21166.72,0.15,Net Banking,Returning,No,84666.88,12700.032000000001,71966.848
ORD304679,2024-09-21,CUST12718,Customer_12718,East,Vijayawada,Clothing,Sneakers,2,713.15,0.05,Credit Card,New,No,1426.3,71.315,1354.985
ORD304680,2024-02-01,CUST12544,Customer_12544,South,Hyderabad,Furniture,Bookshelf,2,15033.18,0.0,Credit Card,Returning,No,30066.36,0.0,30066.36
ORD304681,2025-09-23,CUST13141,Customer_13141,West,Pune,Sports,Yoga Mat,2,8249.38,0.2,Credit Card,New,Yes,16498.76,3299.752,13199.007999999998
ORD304682,2024-06-15,CUST12044,Customer_12044,South,Vijayawada,Sports,Cricket Bat,3,8620.04,0.1,UPI,Returning,No,25860.120000000003,2586.0120000000006,23274.108
ORD304683,2024-06-14,CUST12252,Customer_12252,South,Mumbai,Furniture,Office Chair,6,22716.58,0.0,Net Banking,New,No,136299.48,0.0,136299.48
ORD304684,2025-04-14,CUST12307,Customer_12307,East,Mumbai,Electronics,Smart Watch,1,10166.89,0.0,UPI,Returning,No,10166.89,0.0,10166.89
ORD304685,2025-02-27,CUST13047,Customer_13047,North,Bengaluru,Clothing,Formal Shirt,2,3638.39,0.1,UPI,Returning,No,7276.78,727.678,6549.102
ORD304686,2024-05-22,CUST12754,Customer_12754,East,Delhi,Sports,Football,2,7105.84,0.05,Debit Card,Returning,Yes,14211.68,710.5840000000001,13501.096
ORD304687,2024-06-16,CUST12229,Customer_12229,East,Mumbai,Clothing,Jeans,3,3648.55,0.2,Debit Card,Returning,No,10945.650000000001,2189.1300000000006,8756.52
ORD304688,2024-06-01,CUST12455,Customer_12455,West,Bengaluru,Clothing,T-Shirt,4,3521.72,0.05,Debit Card,Returning,No,14086.88,704.344,13382.536
ORD304689,2024-03-07,CUST13045,Customer_13045,East,Bengaluru,Furniture,Sofa,4,26299.75,0.0,Cash,Returning,No,105199.0,0.0,105199.0
ORD304690,2025-01-18,CUST13366,Customer_13366,East,Chennai,Electronics,Smart Watch,5,2061.57,0.0,Cash,New,No,10307.85,0.0,10307.85
ORD304691,2025-03-07,CUST13223,Customer_13223,West,Bengaluru,Electronics,Bluetooth Speaker,3,8433.44,0.1,UPI,New,Yes,25300.32,2530.032,22770.288
ORD304692,2024-03-10,CUST12566,Customer_12566,North,Vijayawada,Sports,Dumbbells,2,4218.53,0.1,Credit Card,Returning,No,8437.06,843.706,7593.353999999999
ORD304693,2025-04-01,CUST12920,Customer_12920,South,Kolkata,Home & Kitchen,Cookware Set,3,3095.33,0.05,Credit Card,New,No,9285.99,464.2995,8821.6905
ORD304694,2024-09-30,CUST13494,Customer_13494,East,Pune,Home & Kitchen,Cookware Set,5,1760.35,0.05,Net Banking,Returning,No,8801.75,440.08750000000003,8361.6625
ORD304695,2025-08-06,CUST12903,Customer_12903,East,Kolkata,Home & Kitchen,Mixer Grinder,1,4725.64,0.15,Credit Card,Returning,No,4725.64,708.846,4016.7940000000003
ORD304696,2025-06-28,CUST13048,Customer_13048,North,Hyderabad,Sports,Football,5,1581.61,0.1,UPI,New,No,7908.049999999999,790.805,7117.244999999999
ORD304697,2025-05-03,CUST13375,Customer_13375,East,Pune,Electronics,Bluetooth Speaker,6,11316.45,0.05,Cash,Returning,No,67898.70000000001,3394.935000000001,64503.765000000014
ORD304698,2025-10-17,CUST12651,Customer_12651,South,Delhi,Sports,Dumbbells,2,2674.48,0.15,UPI,Returning,No,5348.96,802.3439999999999,4546.616
ORD304699,2025-08-23,CUST12593,Customer_12593,South,Delhi,Furniture,Coffee Table,1,17090.87,0.15,Debit Card,New,No,17090.87,2563.6304999999998,14527.2395
ORD304700,2025-12-16,CUST12623,Customer_12623,North,Chennai,Electronics,Smart Watch,2,14843.92,0.15,Cash,New,No,29687.84,4453.1759999999995,25234.664
ORD304701,2024-09-11,CUST12115,Customer_12115,North,Mumbai,Electronics,Wireless Headphones,3,11742.16,0.15,UPI,Returning,Yes,35226.479999999996,5283.971999999999,29942.507999999998
ORD304702,2024-03-19,CUST13196,Customer_13196,East,Hyderabad,Clothing,Formal Shirt,4,4479.6,0.05,Debit Card,New,No,17918.4,895.9200000000001,17022.480000000003
ORD304703,2024-05-12,CUST12305,Customer_12305,East,Vijayawada,Clothing,Formal Shirt,2,3182.4,0.05,UPI,New,No,6364.8,318.24,6046.56
ORD304704,2024-07-08,CUST12302,Customer_12302,West,Hyderabad,Home & Kitchen,Water Bottle,1,1635.95,0.0,Cash,Returning,No,1635.95,0.0,1635.95
ORD304705,2025-07-29,CUST12019,Customer_12019,South,Vijayawada,Furniture,Bookshelf,4,7169.09,0.0,Debit Card,New,Yes,28676.36,0.0,28676.36
ORD304706,2025-08-02,CUST12749,Customer_12749,North,Pune,Furniture,Coffee Table,2,11588.47,0.05,UPI,Returning,No,23176.94,1158.847,22018.092999999997
ORD304707,2025-06-21,CUST12208,Customer_12208,East,Chennai,Home & Kitchen,Bedsheet,1,3749.43,0.0,Cash,Returning,No,3749.43,0.0,3749.43
ORD304708,2025-04-13,CUST12697,Customer_12697,East,Hyderabad,Home & Kitchen,Water Bottle,5,5109.1,0.15,UPI,Returning,No,25545.5,3831.825,21713.675
ORD304709,2024-09-14,CUST13271,Customer_13271,North,Kolkata,Furniture,Bookshelf,2,5538.27,0.1,Net Banking,Returning,No,11076.54,1107.6540000000002,9968.886
ORD304710,2025-09-03,CUST12834,Customer_12834,North,Delhi,Furniture,Study Table,1,26908.32,0.05,UPI,New,No,26908.32,1345.4160000000002,25562.904
ORD304711,2025-02-09,CUST13452,Customer_13452,East,Delhi,Clothing,Sneakers,1,577.87,0.25,Net Banking,New,No,577.87,144.4675,433.40250000000003
ORD304712,2025-05-18,CUST12582,Customer_12582,East,Vijayawada,Home & Kitchen,Water Bottle,1,10059.28,0.15,Debit Card,New,No,10059.28,1508.892,8550.388
ORD304713,2024-08-08,CUST13039,Customer_13039,South,Pune,Electronics,Wireless Headphones,6,14240.99,0.05,Debit Card,New,No,85445.94,4272.2970000000005,81173.643
ORD304714,2025-03-10,CUST12598,Customer_12598,West,Hyderabad,Home & Kitchen,Cookware Set,1,2794.48,0.0,Credit Card,New,No,2794.48,0.0,2794.48
ORD304715,2024-02-27,CUST12521,Customer_12521,South,Kolkata,Home & Kitchen,Water Bottle,1,8661.48,0.05,Debit Card,Returning,No,8661.48,433.074,8228.405999999999
ORD304716,2025-09-22,CUST13237,Customer_13237,North,Pune,Furniture,Sofa,1,20186.36,0.0,UPI,Returning,No,20186.36,0.0,20186.36
ORD304717,2025-01-31,CUST12378,Customer_12378,West,Bengaluru,Electronics,Smart Watch,2,23593.97,0.2,Cash,New,No,47187.94,9437.588000000002,37750.352
ORD304718,2025-05-14,CUST12838,Customer_12838,East,Kolkata,Clothing,Sneakers,1,1646.11,0.05,UPI,Returning,No,1646.11,82.3055,1563.8045
ORD304719,2024-09-28,CUST13154,Customer_13154,East,Delhi,Sports,Yoga Mat,1,6302.62,0.15,Debit Card,Returning,No,6302.62,945.3929999999999,5357.227
ORD304720,2024-04-12,CUST12862,Customer_12862,South,Mumbai,Sports,Cricket Bat,1,3089.39,0.2,Credit Card,New,No,3089.39,617.878,2471.5119999999997
ORD304721,2024-03-04,CUST12150,Customer_12150,West,Vijayawada,Electronics,Wireless Headphones,2,12945.56,0.0,Credit Card,Returning,No,25891.12,0.0,25891.12
ORD304722,2025-05-05,CUST12275,Customer_12275,West,Delhi,Home & Kitchen,Water Bottle,2,3047.72,0.05,Cash,Returning,No,6095.44,304.772,5790.668
ORD304723,2025-03-10,CUST13308,Customer_13308,East,Kolkata,Home & Kitchen,Bedsheet,4,10250.41,0.1,Debit Card,Returning,No,41001.64,4100.164,36901.476
ORD304724,2024-12-31,CUST13293,Customer_13293,East,Kolkata,Sports,Dumbbells,3,1226.56,0.05,Net Banking,Returning,No,3679.68,183.984,3495.696
ORD304725,2025-11-25,CUST12629,Customer_12629,West,Delhi,Home & Kitchen,Mixer Grinder,3,6677.5,0.0,Cash,Returning,No,20032.5,0.0,20032.5
ORD304726,2025-01-02,CUST13015,Customer_13015,North,Kolkata,Furniture,Office Chair,5,4437.08,0.15,Credit Card,Returning,No,22185.4,3327.81,18857.59
ORD304727,2024-03-10,CUST13406,Customer_13406,East,Chennai,Clothing,T-Shirt,1,4367.62,0.2,Debit Card,New,No,4367.62,873.524,3494.096
ORD304728,2025-04-24,CUST12854,Customer_12854,South,Pune,Home & Kitchen,Storage Box,4,1898.38,0.1,Debit Card,Returning,No,7593.52,759.3520000000001,6834.168000000001
ORD304729,2024-05-07,CUST12635,Customer_12635,South,Kolkata,Furniture,Bookshelf,2,15960.68,0.15,Cash,Returning,No,31921.36,4788.204,27133.156000000003
ORD304730,2024-05-12,CUST12467,Customer_12467,West,Mumbai,Clothing,T-Shirt,1,4182.85,0.15,Net Banking,Returning,No,4182.85,627.4275,3555.4225000000006
ORD304731,2025-12-24,CUST12617,Customer_12617,West,Kolkata,Clothing,Sneakers,3,3474.2,0.15,Debit Card,Returning,No,10422.599999999999,1563.3899999999996,8859.21
ORD304732,2025-11-04,CUST12562,Customer_12562,South,Hyderabad,Sports,Running Shoes,2,5144.65,0.05,Cash,Returning,No,10289.3,514.465,9774.835
ORD304733,2025-02-07,CUST12801,Customer_12801,North,Pune,Sports,Yoga Mat,1,2808.88,0.15,Debit Card,New,No,2808.88,421.332,2387.5480000000002
ORD304734,2024-12-10,CUST12504,Customer_12504,South,Bengaluru,Sports,Running Shoes,3,2362.85,0.1,Cash,New,Yes,7088.549999999999,708.855,6379.695
ORD304735,2024-03-29,CUST12136,Customer_12136,East,Pune,Sports,Running Shoes,1,6494.16,0.2,Debit Card,Returning,No,6494.16,1298.832,5195.3279999999995
ORD304736,2025-12-18,CUST12827,Customer_12827,West,Kolkata,Electronics,USB Keyboard,3,9702.78,0.05,Debit Card,New,No,29108.340000000004,1455.4170000000004,27652.923000000003
ORD304737,2025-03-23,CUST12455,Customer_12455,West,Delhi,Electronics,USB Keyboard,3,1858.87,0.0,Credit Card,Returning,Yes,5576.61,0.0,5576.61
ORD304738,2025-12-26,CUST12649,Customer_12649,East,Pune,Sports,Dumbbells,1,5756.97,0.1,Credit Card,Returning,No,5756.97,575.697,5181.273
ORD304739,2025-05-08,CUST12905,Customer_12905,South,Mumbai,Home & Kitchen,Water Bottle,6,4342.99,0.15,Net Banking,Returning,No,26057.94,3908.691,22149.249
ORD304740,2024-01-18,CUST12179,Customer_12179,South,Delhi,Furniture,Office Chair,2,7142.48,0.05,Cash,Returning,No,14284.96,714.248,13570.712
ORD304741,2024-04-25,CUST12836,Customer_12836,West,Kolkata,Sports,Football,1,3854.15,0.1,Net Banking,Returning,Yes,3854.15,385.415,3468.735
ORD304742,2024-09-25,CUST12732,Customer_12732,South,Bengaluru,Home & Kitchen,Cookware Set,6,7899.52,0.15,UPI,Returning,No,47397.12,7109.568,40287.552
ORD304743,2024-03-28,CUST12047,Customer_12047,West,Pune,Sports,Running Shoes,3,6718.67,0.05,Net Banking,New,No,20156.010000000002,1007.8005000000002,19148.2095
ORD304744,2025-04-12,CUST12801,Customer_12801,East,Delhi,Electronics,Smart Watch,4,4209.01,0.1,Credit Card,New,Yes,16836.04,1683.6040000000003,15152.436000000002
ORD304745,2025-08-30,CUST13302,Customer_13302,East,Kolkata,Sports,Yoga Mat,3,8299.99,0.05,Credit Card,Returning,No,24899.97,1244.9985000000001,23654.9715
ORD304746,2025-06-26,CUST12706,Customer_12706,West,Chennai,Sports,Yoga Mat,3,9016.99,0.15,Cash,Returning,Yes,27050.97,4057.6455,22993.324500000002
ORD304747,2025-12-26,CUST13150,Customer_13150,East,Bengaluru,Home & Kitchen,Storage Box,6,5778.12,0.1,UPI,Returning,No,34668.72,3466.8720000000003,31201.848
ORD304748,2024-11-18,CUST12749,Customer_12749,North,Hyderabad,Home & Kitchen,Bedsheet,2,7982.85,0.1,Net Banking,Returning,No,15965.7,1596.5700000000002,14369.130000000001
ORD304749,2024-12-17,CUST12506,Customer_12506,North,Kolkata,Electronics,Bluetooth Speaker,6,7096.72,0.0,Cash,Returning,No,42580.32,0.0,42580.32
ORD304750,2025-04-26,CUST13253,Customer_13253,South,Mumbai,Electronics,Smart Watch,2,16661.43,0.05,Credit Card,Returning,No,33322.86,1666.143,31656.717
ORD304751,2024-07-10,CUST12893,Customer_12893,East,Kolkata,Sports,Dumbbells,1,5179.87,0.0,Net Banking,New,No,5179.87,0.0,5179.87
ORD304752,2024-07-09,CUST13396,Customer_13396,West,,Sports,Cricket Bat,2,8249.84,0.1,Debit Card,Returning,No,16499.68,1649.968,14849.712
ORD304753,2025-04-16,CUST12981,Customer_12981,South,Mumbai,Home & Kitchen,Storage Box,7,3047.8,0.15,Debit Card,New,No,21334.600000000002,3200.19,18134.410000000003
ORD304754,2024-01-03,CUST13408,Customer_13408,East,Mumbai,Sports,Running Shoes,1,8027.26,0.25,Credit Card,New,No,8027.26,2006.815,6020.445
ORD304755,2024-08-02,CUST12378,Customer_12378,North,Kolkata,Clothing,T-Shirt,6,3009.86,0.05,Debit Card,Returning,No,18059.16,902.9580000000001,17156.202
ORD304756,2024-06-25,CUST12299,Customer_12299,North,Hyderabad,Clothing,Sneakers,1,1130.37,0.2,Debit Card,Returning,No,1130.37,226.07399999999998,904.2959999999999
ORD304757,2025-11-14,CUST12671,Customer_12671,North,Chennai,Home & Kitchen,Mixer Grinder,2,3839.18,0.1,Cash,Returning,No,7678.36,767.836,6910.523999999999
ORD304758,2024-10-23,CUST13222,Customer_13222,East,Pune,Sports,Football,3,1314.73,0.15,Debit Card,Returning,No,3944.19,591.6285,3352.5615
ORD304759,2025-02-02,CUST12513,Customer_12513,North,Vijayawada,Furniture,Office Chair,1,3651.18,0.1,Net Banking,Returning,No,3651.18,365.118,3286.062
ORD304760,2024-04-02,CUST13350,Customer_13350,South,Vijayawada,Clothing,Formal Shirt,1,636.72,0.05,Cash,New,No,636.72,31.836000000000002,604.884
ORD304761,2024-11-06,CUST12270,Customer_12270,West,Hyderabad,Home & Kitchen,Mixer Grinder,7,11297.62,0.15,UPI,New,Yes,79083.34000000001,11862.501000000002,67220.839
ORD304762,2024-01-04,CUST13247,Customer_13247,East,Hyderabad,Furniture,Sofa,6,25422.35,0.1,Debit Card,Returning,No,152534.09999999998,15253.409999999998,137280.68999999997
ORD304763,2024-09-13,CUST12242,Customer_12242,East,Mumbai,Electronics,Wireless Headphones,5,23162.23,0.0,Cash,New,No,115811.15,0.0,115811.15
ORD304764,2024-09-21,CUST13388,Customer_13388,East,Bengaluru,Sports,Football,4,811.21,0.05,Debit Card,New,No,3244.84,162.24200000000002,3082.598
ORD304765,2024-06-04,CUST12031,Customer_12031,South,Mumbai,Electronics,Power Bank,3,14651.85,0.0,UPI,New,No,43955.55,0.0,43955.55
ORD304766,2024-03-08,CUST12846,Customer_12846,South,Kolkata,Clothing,Sneakers,2,1981.06,0.1,Debit Card,New,No,3962.12,396.212,3565.908
ORD304767,2024-02-11,CUST13310,Customer_13310,South,,Electronics,Smart Watch,2,3523.5,0.1,UPI,New,No,7047.0,704.7,6342.3
ORD304768,2025-01-17,CUST12365,Customer_12365,East,Chennai,Sports,Cricket Bat,3,6710.94,0.2,Cash,Returning,Yes,20132.82,4026.5640000000003,16106.256
ORD304769,2025-06-17,CUST12738,Customer_12738,East,Hyderabad,Clothing,Jeans,3,628.03,0.15,Net Banking,Returning,No,1884.09,282.6135,1601.4765
ORD304770,2024-04-03,CUST12141,Customer_12141,North,Bengaluru,Home & Kitchen,Storage Box,4,9855.73,0.1,Credit Card,New,No,39422.92,3942.292,35480.628
ORD304771,2024-09-18,CUST13166,Customer_13166,South,Mumbai,Home & Kitchen,Bedsheet,3,6693.84,0.05,Credit Card,Returning,No,20081.52,1004.076,19077.444
ORD304772,2024-07-28,CUST12799,Customer_12799,South,Bengaluru,Furniture,Coffee Table,3,26869.59,0.05,UPI,Returning,No,80608.77,4030.4385,76578.3315
ORD304773,2024-03-25,CUST12543,Customer_12543,South,Vijayawada,Home & Kitchen,Bedsheet,3,11225.51,0.1,Debit Card,New,No,33676.53,3367.6530000000002,30308.877
ORD304774,2025-09-25,CUST13077,Customer_13077,North,Kolkata,Sports,Yoga Mat,2,9035.58,0.05,Debit Card,Returning,Yes,18071.16,903.558,17167.602
ORD304775,2024-10-27,CUST13129,Customer_13129,South,Hyderabad,Home & Kitchen,Bedsheet,5,2467.74,0.1,UPI,Returning,No,12338.699999999999,1233.87,11104.829999999998
ORD304776,2025-01-24,CUST12277,Customer_12277,East,Vijayawada,Clothing,Jeans,4,4700.8,0.05,Debit Card,New,Yes,18803.2,940.1600000000001,17863.04
ORD304777,2025-05-01,CUST13367,Customer_13367,South,Bengaluru,Home & Kitchen,Mixer Grinder,2,7943.01,0.15,Net Banking,Returning,No,15886.02,2382.903,13503.117
ORD304778,2025-11-16,CUST13108,Customer_13108,North,Hyderabad,Clothing,Jacket,2,1966.21,0.1,Credit Card,New,No,3932.42,393.242,3539.178
ORD304779,2024-08-23,CUST13179,Customer_13179,North,Hyderabad,Sports,Running Shoes,4,6814.52,0.1,Credit Card,Returning,No,27258.08,2725.8080000000004,24532.272
ORD304780,2024-01-19,CUST12110,Customer_12110,West,Delhi,Home & Kitchen,Mixer Grinder,1,1307.56,0.1,Debit Card,New,No,1307.56,130.756,1176.8039999999999
ORD304781,2024-05-23,CUST12558,Customer_12558,South,Vijayawada,Home & Kitchen,Storage Box,1,9326.46,0.1,Net Banking,Returning,No,9326.46,932.646,8393.813999999998
ORD304782,2024-10-24,CUST13079,Customer_13079,West,Chennai,Home & Kitchen,Cookware Set,1,524.88,0.1,Net Banking,Returning,No,524.88,52.488,472.392
ORD304783,2025-01-28,CUST13003,Customer_13003,South,Vijayawada,Clothing,T-Shirt,1,576.63,0.2,Debit Card,Returning,No,576.63,115.32600000000001,461.304
ORD304784,2024-08-16,CUST12403,Customer_12403,North,Delhi,Electronics,Smart Watch,3,7323.89,0.05,Cash,New,No,21971.670000000002,1098.5835000000002,20873.0865
ORD304785,2025-04-06,CUST13024,Customer_13024,North,Chennai,Furniture,Study Table,3,18233.94,0.05,Credit Card,New,No,54701.81999999999,2735.091,51966.72899999999
ORD304786,2024-03-31,CUST12428,Customer_12428,West,Pune,Sports,Yoga Mat,3,6448.87,0.1,Debit Card,New,No,19346.61,1934.661,17411.949
ORD304787,2025-01-25,CUST13167,Customer_13167,West,Bengaluru,Furniture,Bookshelf,5,8297.29,0.1,UPI,Returning,No,41486.450000000004,4148.645,37337.80500000001
ORD304788,2024-12-13,CUST13063,Customer_13063,North,Mumbai,Sports,Dumbbells,1,937.04,0.05,Cash,Returning,No,937.04,46.852000000000004,890.188
ORD304789,2025-01-14,CUST12074,Customer_12074,West,Pune,Electronics,Power Bank,1,20000.55,0.1,Cash,Returning,No,20000.55,2000.055,18000.495
ORD304790,2025-04-11,CUST12775,Customer_12775,South,Vijayawada,Furniture,Sofa,5,13879.96,0.0,Credit Card,New,No,69399.79999999999,0.0,69399.79999999999
ORD304791,2025-02-04,CUST12633,Customer_12633,East,Hyderabad,Clothing,Formal Shirt,1,1720.13,0.1,UPI,New,No,1720.13,172.01300000000003,1548.1170000000002
ORD304792,2024-10-29,CUST12417,Customer_12417,East,Pune,Clothing,Formal Shirt,4,514.26,0.15,Net Banking,Returning,Yes,2057.04,308.556,1748.484
ORD304793,2024-12-09,CUST12075,Customer_12075,North,Delhi,Clothing,Jeans,1,606.42,0.1,UPI,New,Yes,606.42,60.641999999999996,545.778
ORD304794,2025-02-24,CUST12160,Customer_12160,North,Hyderabad,Clothing,Formal Shirt,2,3739.91,0.05,Cash,New,No,7479.82,373.991,7105.829
ORD304795,2025-09-25,CUST12895,Customer_12895,North,Mumbai,Home & Kitchen,Cookware Set,6,3764.97,0.05,Cash,Returning,No,22589.82,1129.491,21460.328999999998
ORD304796,2025-07-21,CUST12545,Customer_12545,North,Chennai,Electronics,Bluetooth Speaker,3,23943.26,0.05,Cash,Returning,No,71829.78,3591.489,68238.291
ORD304797,2024-05-01,CUST13092,Customer_13092,East,Kolkata,Electronics,Power Bank,4,8392.87,0.05,Net Banking,Returning,No,33571.48,1678.5740000000003,31892.906000000003
ORD304798,2025-05-20,CUST12699,Customer_12699,West,Hyderabad,Furniture,Sofa,3,28135.94,0.15,Credit Card,Returning,No,84407.81999999999,12661.172999999999,71746.647
ORD304799,2025-06-08,CUST12850,Customer_12850,South,Kolkata,Home & Kitchen,Water Bottle,1,7946.06,0.1,Cash,New,No,7946.06,794.6060000000001,7151.454000000001
ORD304800,2025-05-17,CUST13371,Customer_13371,North,Mumbai,Home & Kitchen,Storage Box,2,9275.33,0.0,Cash,Returning,No,18550.66,0.0,18550.66
ORD304801,2024-03-09,CUST12852,Customer_12852,East,Mumbai,Sports,Cricket Bat,1,1969.21,0.1,Net Banking,Returning,No,1969.21,196.92100000000002,1772.289
ORD304802,2025-06-14,CUST12459,Customer_12459,East,Chennai,Clothing,Jeans,3,4959.21,0.1,Net Banking,Returning,No,14877.630000000001,1487.7630000000001,13389.867
ORD304803,2024-03-07,CUST12190,Customer_12190,West,Vijayawada,Sports,Football,1,3943.51,0.25,UPI,New,No,3943.51,985.8775,2957.6325
ORD304804,2025-09-16,CUST12071,Customer_12071,North,Delhi,Home & Kitchen,Cookware Set,3,9106.03,0.0,Credit Card,Returning,No,27318.090000000004,0.0,27318.090000000004
ORD304805,2024-05-24,CUST12990,Customer_12990,East,Mumbai,Clothing,Jacket,3,3712.54,0.1,Credit Card,Returning,No,11137.619999999999,1113.762,10023.857999999998
ORD304806,2025-07-30,CUST13179,Customer_13179,West,Hyderabad,Home & Kitchen,Cookware Set,1,1947.1,0.25,Net Banking,Returning,No,1947.1,486.775,1460.3249999999998
ORD304807,2025-05-08,CUST12814,Customer_12814,East,Kolkata,Home & Kitchen,Storage Box,1,532.16,0.15,Debit Card,New,No,532.16,79.824,452.33599999999996
ORD304808,2024-07-19,CUST12638,Customer_12638,West,Delhi,Home & Kitchen,Mixer Grinder,2,7865.33,0.15,Net Banking,Returning,No,15730.66,2359.5989999999997,13371.061
ORD304809,2025-07-10,CUST12623,Customer_12623,West,Chennai,Home & Kitchen,Cookware Set,2,2264.32,0.05,Net Banking,Returning,No,4528.64,226.43200000000002,4302.2080000000005
ORD304810,2025-10-12,CUST13371,Customer_13371,East,Pune,Furniture,Sofa,2,2188.49,0.1,UPI,Returning,No,4376.98,437.698,3939.2819999999997
ORD304811,2024-11-20,CUST12953,Customer_12953,West,Mumbai,Electronics,Smart Watch,4,4501.53,0.05,Net Banking,New,No,18006.12,900.306,17105.814
ORD304812,2024-12-09,CUST13167,Customer_13167,West,Mumbai,Electronics,Power Bank,2,15891.44,0.1,UPI,New,No,31782.88,3178.2880000000005,28604.592
ORD304813,2024-10-24,CUST13134,Customer_13134,South,Bengaluru,Clothing,T-Shirt,6,1896.5,0.2,Net Banking,Returning,No,11379.0,2275.8,9103.2
ORD304814,2024-02-03,CUST12655,Customer_12655,East,Hyderabad,Electronics,Power Bank,2,2861.9,0.05,Cash,Returning,No,5723.8,286.19,5437.610000000001
ORD304815,2024-06-06,CUST12127,Customer_12127,South,Mumbai,Sports,Dumbbells,1,4239.01,0.15,Net Banking,Returning,No,4239.01,635.8515,3603.1585000000005
ORD304816,2025-06-16,CUST13387,Customer_13387,South,Kolkata,Clothing,Formal Shirt,2,602.52,0.05,Cash,Returning,No,1205.04,60.252,1144.788
ORD304817,2025-08-19,CUST13007,Customer_13007,East,Chennai,Home & Kitchen,Water Bottle,3,4289.78,0.05,Credit Card,Returning,No,12869.34,643.4670000000001,12225.873
ORD304818,2024-12-23,CUST12223,Customer_12223,West,Hyderabad,Home & Kitchen,Cookware Set,5,452.66,0.0,UPI,Returning,No,2263.3,0.0,2263.3
ORD304819,2025-05-14,CUST12674,Customer_12674,West,Mumbai,Clothing,Formal Shirt,3,3648.93,0.15,Cash,New,No,10946.789999999999,1642.0185,9304.771499999999
ORD304820,2024-10-13,CUST13029,Customer_13029,North,Hyderabad,Furniture,Coffee Table,1,11310.3,0.2,Debit Card,Returning,No,11310.3,2262.06,9048.24
ORD304821,2024-08-20,CUST12365,Customer_12365,South,Mumbai,Furniture,Study Table,2,4532.67,0.05,Debit Card,Returning,No,9065.34,453.26700000000005,8612.073
ORD304822,2024-06-30,CUST12097,Customer_12097,North,Bengaluru,Home & Kitchen,Water Bottle,4,9669.01,0.1,UPI,New,No,38676.04,3867.6040000000003,34808.436
ORD304823,2025-01-04,CUST12881,Customer_12881,South,Kolkata,Sports,Dumbbells,2,894.94,0.05,UPI,Returning,No,1789.88,89.49400000000001,1700.3860000000002
ORD304824,2025-10-19,CUST12725,Customer_12725,South,Vijayawada,Home & Kitchen,Mixer Grinder,3,9639.33,0.1,Debit Card,Returning,No,28917.989999999998,2891.799,26026.191
ORD304825,2025-03-20,CUST13236,Customer_13236,North,Hyderabad,Clothing,Formal Shirt,1,798.12,0.1,Debit Card,Returning,No,798.12,79.81200000000001,718.308
ORD304826,2025-06-03,CUST12144,Customer_12144,South,Hyderabad,Furniture,Study Table,5,27179.87,0.0,Net Banking,New,No,135899.35,0.0,135899.35
ORD304827,2025-06-30,CUST12964,Customer_12964,West,Pune,Furniture,Coffee Table,1,7452.23,0.15,UPI,Returning,No,7452.23,1117.8345,6334.3955
ORD304828,2024-07-26,CUST12641,Customer_12641,East,Hyderabad,Home & Kitchen,Bedsheet,4,10596.91,0.1,Net Banking,New,No,42387.64,4238.764,38148.876
ORD304829,2025-07-15,CUST13111,Customer_13111,West,Pune,Home & Kitchen,Bedsheet,6,4316.87,0.25,Credit Card,New,No,25901.22,6475.305,19425.915
ORD304830,2025-04-17,CUST13227,Customer_13227,East,Vijayawada,Home & Kitchen,Bedsheet,2,11119.83,0.0,Debit Card,Returning,Yes,22239.66,0.0,22239.66
ORD304831,2025-03-23,CUST12802,Customer_12802,East,Hyderabad,Clothing,Formal Shirt,3,1141.35,0.2,Net Banking,New,No,3424.0499999999997,684.81,2739.24
ORD304832,2024-09-07,CUST12631,Customer_12631,West,Bengaluru,Home & Kitchen,Cookware Set,3,7844.91,0.15,Debit Card,Returning,No,23534.73,3530.2095,20004.5205
ORD304833,2024-06-22,CUST12044,Customer_12044,South,Kolkata,Clothing,T-Shirt,5,4168.14,0.1,Credit Card,Returning,No,20840.7,2084.07,18756.63
ORD304834,2025-03-22,CUST12144,Customer_12144,South,Pune,Furniture,Sofa,3,7420.06,0.05,Credit Card,New,No,22260.18,1113.009,21147.171000000002
ORD304835,2024-04-29,CUST12820,Customer_12820,North,Mumbai,Home & Kitchen,Storage Box,4,3448.99,0.0,UPI,Returning,No,13795.96,0.0,13795.96
ORD304836,2024-11-29,CUST13216,Customer_13216,East,Bengaluru,Sports,Cricket Bat,1,8638.84,0.1,Credit Card,Returning,No,8638.84,863.884,7774.956
ORD304837,2024-11-18,CUST13291,Customer_13291,South,Delhi,Home & Kitchen,Mixer Grinder,2,2445.38,0.1,Net Banking,Returning,No,4890.76,489.076,4401.684
ORD304838,2025-08-02,CUST13197,Customer_13197,North,Delhi,Furniture,Sofa,7,12169.74,0.15,UPI,Returning,No,85188.18,12778.226999999999,72409.953
ORD304839,2025-03-01,CUST13359,Customer_13359,North,Vijayawada,Clothing,T-Shirt,1,2322.8,0.0,Cash,Returning,Yes,2322.8,0.0,2322.8
ORD304840,2025-10-15,CUST12030,Customer_12030,East,Hyderabad,Home & Kitchen,Water Bottle,6,1542.47,0.1,Credit Card,Returning,No,9254.82,925.482,8329.338
ORD304841,2025-08-27,CUST13423,Customer_13423,East,Delhi,Clothing,Formal Shirt,1,3094.39,0.05,Debit Card,Returning,No,3094.39,154.7195,2939.6704999999997
ORD304842,2025-06-30,CUST13291,Customer_13291,West,Hyderabad,Sports,Football,5,2088.96,0.05,Credit Card,New,No,10444.8,522.24,9922.56
ORD304843,2024-04-27,CUST12355,Customer_12355,East,Kolkata,Electronics,Power Bank,6,22893.99,0.1,Cash,New,No,137363.94,13736.394,123627.546
ORD304844,2025-11-21,CUST13172,Customer_13172,South,Delhi,Sports,Yoga Mat,7,3026.98,0.15,UPI,New,No,21188.86,3178.329,18010.531
ORD304845,2024-12-26,CUST13444,Customer_13444,South,Delhi,Electronics,Wireless Headphones,1,17713.52,0.05,Credit Card,New,No,17713.52,885.676,16827.844
ORD304846,2024-06-03,CUST12791,Customer_12791,North,Kolkata,Sports,Yoga Mat,1,6522.2,0.1,Cash,New,No,6522.2,652.22,5869.98
ORD304847,2024-04-03,CUST12369,Customer_12369,East,Pune,Home & Kitchen,Bedsheet,2,7273.16,0.1,Net Banking,New,No,14546.32,1454.632,13091.688
ORD304848,2025-02-13,CUST12828,Customer_12828,North,Chennai,Sports,Dumbbells,3,4923.97,,Debit Card,Returning,Yes,14771.91,0.0,14771.91
ORD304849,2024-12-29,CUST13222,Customer_13222,South,Pune,Home & Kitchen,Cookware Set,2,10829.32,0.25,UPI,Returning,No,21658.64,5414.66,16243.98
ORD304850,2025-05-17,CUST13396,Customer_13396,North,Vijayawada,Furniture,Study Table,6,19409.84,0.1,Cash,New,No,116459.04000000001,11645.904000000002,104813.136
ORD304851,2025-01-12,CUST13141,Customer_13141,South,Hyderabad,Home & Kitchen,Mixer Grinder,3,9630.91,0.05,Net Banking,Returning,Yes,28892.73,1444.6365,27448.0935
ORD304852,2024-04-03,CUST13317,Customer_13317,North,Hyderabad,Sports,Football,3,7879.14,0.05,UPI,New,No,23637.420000000002,1181.871,22455.549000000003
ORD304853,2024-10-23,CUST12983,Customer_12983,North,Chennai,Furniture,Study Table,3,13945.16,0.0,UPI,Returning,No,41835.479999999996,0.0,41835.479999999996
ORD304854,2025-11-26,CUST13095,Customer_13095,East,Kolkata,Home & Kitchen,Bedsheet,1,10749.04,0.1,Net Banking,Returning,No,10749.04,1074.9040000000002,9674.136
ORD304855,2025-09-17,CUST13047,Customer_13047,South,Vijayawada,Electronics,USB Keyboard,5,6361.86,0.05,Debit Card,Returning,No,31809.3,1590.4650000000001,30218.835
ORD304856,2024-11-28,CUST13050,Customer_13050,South,Pune,Clothing,Sneakers,6,4268.74,0.1,Cash,Returning,No,25612.44,2561.244,23051.196
ORD304857,2024-11-04,CUST12873,Customer_12873,West,Hyderabad,Home & Kitchen,Bedsheet,2,4198.97,0.2,Cash,New,No,8397.94,1679.5880000000002,6718.352000000001
ORD304858,2025-03-06,CUST12614,Customer_12614,South,Delhi,Electronics,USB Keyboard,2,20291.74,0.0,Debit Card,Returning,No,40583.48,0.0,40583.48
ORD304859,2025-10-29,CUST12258,Customer_12258,North,Delhi,Sports,Cricket Bat,4,6890.41,0.0,Credit Card,New,Yes,27561.64,0.0,27561.64
ORD304860,2024-10-07,CUST13479,Customer_13479,South,Delhi,Electronics,USB Keyboard,3,9724.01,0.05,Cash,Returning,No,29172.03,1458.6015,27713.428499999998
ORD304861,2024-01-27,CUST12052,Customer_12052,South,Kolkata,Clothing,T-Shirt,2,5732.94,0.0,UPI,New,No,11465.88,0.0,11465.88
ORD304862,2025-07-05,CUST12219,Customer_12219,East,Bengaluru,Furniture,Coffee Table,2,4702.41,0.0,Debit Card,Returning,No,9404.82,0.0,9404.82
ORD304863,2024-11-25,CUST12043,Customer_12043,South,Hyderabad,Clothing,T-Shirt,6,2888.46,0.05,Credit Card,New,No,17330.760000000002,866.5380000000001,16464.222
ORD304864,2024-12-26,CUST12837,Customer_12837,East,Pune,Furniture,Coffee Table,1,20583.96,0.0,Debit Card,New,No,20583.96,0.0,20583.96
ORD304865,2024-10-21,CUST12906,Customer_12906,East,Hyderabad,Furniture,Sofa,6,8847.84,0.0,Credit Card,Returning,No,53087.04,0.0,53087.04
ORD304866,2024-12-04,CUST12221,Customer_12221,South,Bengaluru,Furniture,Bookshelf,4,2144.49,0.25,Debit Card,New,No,8577.96,2144.49,6433.469999999999
ORD304867,2024-02-24,CUST13313,Customer_13313,East,Chennai,Home & Kitchen,Mixer Grinder,1,7133.38,0.2,Net Banking,Returning,No,7133.38,1426.6760000000002,5706.704
ORD304868,2025-05-14,CUST13378,Customer_13378,North,Pune,Sports,Yoga Mat,2,8910.73,0.05,Credit Card,Returning,No,17821.46,891.073,16930.387
ORD304869,2024-03-28,CUST12126,Customer_12126,West,Hyderabad,Clothing,Sneakers,2,2961.45,0.05,Credit Card,Returning,Yes,5922.9,296.145,5626.754999999999
ORD304870,2025-09-18,CUST12830,Customer_12830,South,Mumbai,Sports,Yoga Mat,1,5223.56,0.1,Credit Card,New,No,5223.56,522.3560000000001,4701.204000000001
ORD304871,2025-09-21,CUST12509,Customer_12509,South,Pune,Clothing,Sneakers,1,4472.3,0.1,Cash,Returning,No,4472.3,447.23,4025.07
ORD304872,2025-05-01,CUST12242,Customer_12242,East,Delhi,Clothing,Formal Shirt,1,1471.5,0.05,Credit Card,Returning,No,1471.5,73.575,1397.925
ORD304873,2024-12-05,CUST12644,Customer_12644,West,Vijayawada,Furniture,Office Chair,5,14810.65,0.1,Net Banking,Returning,No,74053.25,7405.325000000001,66647.925
ORD304874,2024-07-30,CUST13235,Customer_13235,West,Pune,Electronics,USB Keyboard,2,11856.3,0.1,Cash,Returning,No,23712.6,2371.2599999999998,21341.34
ORD304875,2025-03-24,CUST12387,Customer_12387,West,Hyderabad,Clothing,Formal Shirt,2,2557.86,0.1,Cash,New,No,5115.72,511.57200000000006,4604.148
ORD304876,2024-09-17,CUST13045,Customer_13045,West,Delhi,Home & Kitchen,Water Bottle,1,7641.39,0.2,Net Banking,Returning,No,7641.39,1528.2780000000002,6113.112
ORD304877,2024-05-12,CUST12768,Customer_12768,North,Pune,Electronics,Smart Watch,3,5664.5,0.15,Net Banking,New,No,16993.5,2549.025,14444.475
ORD304878,2025-05-17,CUST12022,Customer_12022,West,Mumbai,Electronics,Power Bank,1,10986.84,0.0,Debit Card,New,No,10986.84,0.0,10986.84
ORD304879,2024-11-04,CUST12845,Customer_12845,South,Vijayawada,Electronics,Smart Watch,1,1133.11,0.05,Net Banking,Returning,No,1133.11,56.655499999999996,1076.4544999999998
ORD304880,2025-09-29,CUST12976,Customer_12976,South,Kolkata,Sports,Dumbbells,7,4163.39,0.05,UPI,Returning,No,29143.730000000003,1457.1865000000003,27686.543500000003
ORD304881,2024-09-14,CUST13203,Customer_13203,North,Kolkata,Furniture,Coffee Table,2,9695.68,0.0,UPI,Returning,No,19391.36,0.0,19391.36
ORD304882,2024-02-23,CUST12844,Customer_12844,West,Bengaluru,Home & Kitchen,Mixer Grinder,5,5631.79,0.15,Net Banking,Returning,No,28158.95,4223.8425,23935.107500000002
ORD304883,2025-12-11,CUST12682,Customer_12682,East,Delhi,Clothing,Jeans,2,3797.53,0.1,Debit Card,Returning,No,7595.06,759.5060000000001,6835.554
ORD304884,2025-09-20,CUST12366,Customer_12366,South,Bengaluru,Home & Kitchen,Bedsheet,3,11235.57,0.0,Debit Card,New,No,33706.71,0.0,33706.71
ORD304885,2024-09-14,CUST13299,Customer_13299,South,Chennai,Home & Kitchen,Water Bottle,7,4878.78,0.05,Debit Card,New,No,34151.46,1707.573,32443.887
ORD304886,2024-10-07,CUST12836,Customer_12836,West,Hyderabad,Clothing,Formal Shirt,2,3158.32,0.05,UPI,Returning,No,6316.64,315.83200000000005,6000.808
ORD304887,2025-04-24,CUST13024,Customer_13024,West,Bengaluru,Furniture,Coffee Table,5,23997.99,0.2,Cash,Returning,No,119989.95000000001,23997.990000000005,95991.96
ORD304888,2025-01-20,CUST12297,Customer_12297,South,Mumbai,Clothing,T-Shirt,1,908.65,0.15,Credit Card,Returning,No,908.65,136.29749999999999,772.3525
ORD304889,2024-03-13,CUST13114,Customer_13114,North,Hyderabad,Sports,Running Shoes,3,7296.62,0.05,Net Banking,Returning,No,21889.86,1094.4930000000002,20795.367000000002
ORD304890,2025-04-21,CUST12368,Customer_12368,North,Bengaluru,Electronics,Power Bank,1,22581.47,0.05,Net Banking,New,No,22581.47,1129.0735000000002,21452.396500000003
ORD304891,2024-02-09,CUST13129,Customer_13129,East,Kolkata,Sports,Running Shoes,3,632.11,0.1,Cash,Returning,No,1896.33,189.633,1706.697
ORD304892,2024-04-06,CUST13074,Customer_13074,North,Vijayawada,Electronics,USB Keyboard,3,15856.34,0.25,Net Banking,New,No,47569.020000000004,11892.255000000001,35676.765
ORD304893,2025-07-05,CUST13433,Customer_13433,North,Pune,Sports,Yoga Mat,2,4994.3,0.15,Net Banking,New,Yes,9988.6,1498.29,8490.310000000001
ORD304894,2025-04-12,CUST12770,Customer_12770,North,Vijayawada,Furniture,Office Chair,2,28385.43,0.1,Credit Card,New,No,56770.86,5677.086,51093.774
ORD304895,2025-01-11,CUST12073,Customer_12073,East,Mumbai,Clothing,Sneakers,2,4976.29,0.0,Credit Card,New,No,9952.58,0.0,9952.58
ORD304896,2024-05-15,CUST12483,Customer_12483,West,Chennai,Home & Kitchen,Bedsheet,2,1826.7,0.1,UPI,New,No,3653.4,365.34000000000003,3288.06
ORD304897,2025-06-11,CUST12306,Customer_12306,West,Pune,Sports,Dumbbells,4,8780.25,0.15,Cash,Returning,No,35121.0,5268.15,29852.85
ORD304898,2024-02-26,CUST13301,Customer_13301,South,Pune,Home & Kitchen,Mixer Grinder,7,4108.6,0.1,Debit Card,Returning,No,28760.200000000004,2876.0200000000004,25884.180000000004
ORD304899,2025-04-22,CUST12480,Customer_12480,North,Mumbai,Furniture,Study Table,3,12857.85,0.1,Credit Card,Returning,No,38573.55,3857.3550000000005,34716.195
ORD304900,2024-03-31,CUST12766,Customer_12766,South,,Clothing,Jeans,3,2724.95,0.05,Cash,New,No,8174.849999999999,408.7425,7766.107499999999
ORD304901,2024-04-29,CUST12321,Customer_12321,North,Hyderabad,Sports,Yoga Mat,2,8375.76,0.1,Cash,New,No,16751.52,1675.152,15076.368
ORD304902,2025-10-04,CUST12403,Customer_12403,West,Mumbai,Electronics,Power Bank,1,8786.27,0.15,UPI,Returning,No,8786.27,1317.9405,7468.329500000001
ORD304903,2025-03-29,CUST12726,Customer_12726,West,Mumbai,Furniture,Office Chair,2,19305.58,0.0,UPI,Returning,No,38611.16,0.0,38611.16
ORD304904,2024-01-23,CUST12101,Customer_12101,South,Hyderabad,Clothing,T-Shirt,3,805.46,0.05,Debit Card,Returning,Yes,2416.38,120.81900000000002,2295.561
ORD304905,2025-08-02,CUST12751,Customer_12751,East,Kolkata,Furniture,Coffee Table,1,5745.69,0.05,UPI,New,No,5745.69,287.2845,5458.4055
ORD304906,2025-06-07,CUST13488,Customer_13488,West,Delhi,Sports,Running Shoes,1,825.16,0.05,Debit Card,New,No,825.16,41.258,783.9019999999999
ORD304907,2025-03-18,CUST13349,Customer_13349,North,Delhi,Electronics,Smart Watch,1,8516.34,0.2,UPI,New,Yes,8516.34,1703.268,6813.072
ORD304908,2025-02-10,CUST12329,Customer_12329,South,Chennai,Home & Kitchen,Storage Box,2,8162.26,0.0,Credit Card,Returning,No,16324.52,0.0,16324.52
ORD304909,2024-07-05,CUST13252,Customer_13252,North,Vijayawada,Clothing,T-Shirt,4,3299.54,0.1,Cash,Returning,No,13198.16,1319.816,11878.344
ORD304910,2025-03-19,CUST12379,Customer_12379,West,Vijayawada,Clothing,Jacket,4,5136.78,0.0,Debit Card,New,No,20547.12,0.0,20547.12
ORD304911,2025-07-05,CUST12170,Customer_12170,East,Mumbai,Home & Kitchen,Water Bottle,2,11230.58,0.05,Net Banking,Returning,No,22461.16,1123.058,21338.102
ORD304912,2025-04-14,CUST12094,Customer_12094,North,Delhi,Home & Kitchen,Mixer Grinder,3,3846.42,0.05,Net Banking,Returning,No,11539.26,576.9630000000001,10962.297
ORD304913,2024-08-20,CUST12894,Customer_12894,North,Kolkata,Home & Kitchen,Water Bottle,7,10786.63,0.05,UPI,Returning,No,75506.40999999999,3775.3205,71731.08949999999
ORD304914,2025-12-31,CUST12922,Customer_12922,West,Mumbai,Home & Kitchen,Storage Box,3,11393.9,0.25,Net Banking,New,No,34181.7,8545.425,25636.274999999998
ORD304915,2024-03-25,CUST13042,Customer_13042,West,Vijayawada,Home & Kitchen,Water Bottle,1,9819.1,0.15,Cash,New,No,9819.1,1472.865,8346.235
ORD304916,2024-12-13,CUST12219,Customer_12219,North,Bengaluru,Clothing,Jacket,4,3748.71,0.15,Cash,Returning,No,14994.84,2249.226,12745.614
ORD304917,2024-05-07,CUST12547,Customer_12547,South,Pune,Home & Kitchen,Water Bottle,1,8273.87,0.05,UPI,New,No,8273.87,413.6935000000001,7860.1765000000005
ORD304918,2024-07-12,CUST12763,Customer_12763,East,Kolkata,Furniture,Study Table,2,26570.32,0.1,UPI,Returning,No,53140.64,5314.064,47826.576
ORD304919,2024-01-30,CUST12328,Customer_12328,West,Pune,Home & Kitchen,Mixer Grinder,4,9336.8,0.0,UPI,New,No,37347.2,0.0,37347.2
ORD304920,2024-12-19,CUST13116,Customer_13116,North,Delhi,Home & Kitchen,Storage Box,3,8702.71,0.05,Credit Card,Returning,No,26108.129999999997,1305.4065,24802.723499999996
ORD304921,2024-04-05,CUST12853,Customer_12853,East,Hyderabad,Home & Kitchen,Storage Box,1,10048.95,0.0,Net Banking,New,No,10048.95,0.0,10048.95
ORD304922,2025-03-21,CUST12287,Customer_12287,East,Mumbai,Clothing,T-Shirt,1,3686.83,0.1,Cash,New,No,3686.83,368.683,3318.147
ORD304923,2025-03-08,CUST12949,Customer_12949,North,Hyderabad,Clothing,T-Shirt,1,2982.91,0.05,Cash,Returning,No,2982.91,149.1455,2833.7644999999998
ORD304924,2024-02-09,CUST13083,Customer_13083,South,Vijayawada,Sports,Cricket Bat,1,6889.98,0.2,Credit Card,New,No,6889.98,1377.996,5511.9839999999995
ORD304925,2024-04-07,CUST13140,Customer_13140,South,Chennai,Home & Kitchen,Storage Box,7,4944.4,0.1,Cash,New,No,34610.799999999996,3461.08,31149.719999999994
ORD304926,2025-01-08,CUST13008,Customer_13008,West,Chennai,Clothing,Jeans,3,4983.41,0.1,Debit Card,New,No,14950.23,1495.0230000000001,13455.206999999999
ORD304927,2025-03-22,CUST12303,Customer_12303,West,Bengaluru,Home & Kitchen,Storage Box,4,10706.81,0.05,Cash,Returning,No,42827.24,2141.362,40685.878
ORD304928,2025-03-22,CUST13046,Customer_13046,West,Kolkata,Sports,Dumbbells,2,3569.57,0.0,Debit Card,Returning,Yes,7139.14,0.0,7139.14
ORD304929,2024-04-21,CUST12032,Customer_12032,North,Mumbai,Electronics,Smart Watch,1,17704.52,0.1,Cash,Returning,No,17704.52,1770.4520000000002,15934.068
ORD304930,2024-09-29,CUST13178,Customer_13178,West,Kolkata,Clothing,Jacket,6,1663.29,0.1,UPI,Returning,No,9979.74,997.974,8981.766
ORD304931,2025-05-11,CUST12747,Customer_12747,West,Vijayawada,Electronics,USB Keyboard,3,23779.87,0.2,Credit Card,Returning,No,71339.61,14267.922,57071.688
ORD304932,2024-01-26,CUST12939,Customer_12939,South,Vijayawada,Clothing,Jeans,5,3567.13,0.15,Credit Card,New,No,17835.65,2675.3475000000003,15160.302500000002
ORD304933,2024-07-29,CUST13426,Customer_13426,South,Mumbai,Clothing,Formal Shirt,5,2775.35,0.05,Cash,New,No,13876.75,693.8375000000001,13182.9125
ORD304934,2025-06-14,CUST12433,Customer_12433,South,Delhi,Electronics,Smart Watch,6,10036.35,0.0,Credit Card,New,No,60218.100000000006,0.0,60218.100000000006
ORD304935,2025-12-27,CUST12912,Customer_12912,North,Kolkata,Electronics,Wireless Headphones,1,8191.59,0.2,Net Banking,New,No,8191.59,1638.3180000000002,6553.272
ORD304936,2025-11-11,CUST13304,Customer_13304,South,Vijayawada,Home & Kitchen,Cookware Set,3,5369.94,0.1,Cash,New,No,16109.82,1610.982,14498.838
ORD304937,2024-06-10,CUST12430,Customer_12430,North,Kolkata,Electronics,Wireless Headphones,2,9670.28,0.05,Debit Card,New,No,19340.56,967.0280000000001,18373.532000000003
ORD304938,2025-05-04,CUST13317,Customer_13317,North,Delhi,Sports,Football,2,6754.34,0.0,Net Banking,New,No,13508.68,0.0,13508.68
ORD304939,2024-06-22,CUST12481,Customer_12481,East,Hyderabad,Sports,Yoga Mat,4,4651.2,0.05,Cash,Returning,No,18604.8,930.24,17674.559999999998
ORD304940,2025-01-16,CUST13251,Customer_13251,West,Vijayawada,Sports,Running Shoes,4,6943.87,0.05,UPI,New,No,27775.48,1388.7740000000001,26386.706
ORD304941,2024-11-16,CUST12101,Customer_12101,West,Chennai,Electronics,Power Bank,1,9188.5,0.1,Debit Card,Returning,No,9188.5,918.85,8269.65
ORD304942,2025-12-09,CUST12666,Customer_12666,South,Chennai,Sports,Football,2,4564.47,0.05,Debit Card,New,No,9128.94,456.44700000000006,8672.493
ORD304943,2025-06-12,CUST12775,Customer_12775,South,Kolkata,Furniture,Office Chair,4,15459.2,0.1,Debit Card,Returning,No,61836.8,6183.68,55653.12
ORD304944,2025-10-09,CUST12006,Customer_12006,East,Chennai,Furniture,Sofa,1,7588.24,0.1,Net Banking,Returning,No,7588.24,758.8240000000001,6829.415999999999
ORD304945,2025-10-24,CUST12947,Customer_12947,West,Chennai,Electronics,Power Bank,2,9331.17,0.1,Credit Card,New,No,18662.34,1866.2340000000002,16796.106
ORD304946,2024-05-07,CUST12593,Customer_12593,West,Kolkata,Clothing,T-Shirt,3,1574.71,0.0,Cash,New,No,4724.13,0.0,4724.13
ORD304947,2025-02-27,CUST12765,Customer_12765,South,Bengaluru,Furniture,Bookshelf,3,25289.59,0.15,Cash,New,Yes,75868.77,11380.3155,64488.45450000001
ORD304948,2024-11-11,CUST12423,Customer_12423,North,Chennai,Electronics,Bluetooth Speaker,2,11928.52,0.0,Debit Card,New,No,23857.04,0.0,23857.04
ORD304949,2024-01-17,CUST13221,Customer_13221,North,Delhi,Furniture,Bookshelf,2,23410.94,0.0,Debit Card,New,No,46821.88,0.0,46821.88
ORD304950,2024-07-10,CUST12962,Customer_12962,South,Pune,Sports,Cricket Bat,6,5700.03,0.1,UPI,New,No,34200.18,3420.018,30780.162
ORD304951,2024-11-28,CUST12431,Customer_12431,East,Chennai,Clothing,T-Shirt,6,1341.88,0.05,Cash,Returning,Yes,8051.280000000001,402.5640000000001,7648.716
ORD304952,2025-04-23,CUST12279,Customer_12279,East,Mumbai,Sports,Yoga Mat,4,3612.89,0.15,Net Banking,Returning,No,14451.56,2167.734,12283.826
ORD304953,2025-01-26,CUST13267,Customer_13267,East,Pune,Electronics,Power Bank,1,11132.58,0.15,Debit Card,Returning,No,11132.58,1669.887,9462.693
ORD304954,2025-01-23,CUST12624,Customer_12624,West,Pune,Furniture,Coffee Table,1,27483.62,0.15,UPI,Returning,No,27483.62,4122.543,23361.076999999997
ORD304955,2024-06-23,CUST12901,Customer_12901,East,Mumbai,Clothing,Formal Shirt,2,2665.48,0.1,UPI,Returning,No,5330.96,533.096,4797.864
ORD304956,2025-04-27,CUST13280,Customer_13280,East,Delhi,Home & Kitchen,Storage Box,1,11089.01,0.1,UPI,New,No,11089.01,1108.901,9980.109
ORD304957,2024-07-21,CUST12015,Customer_12015,North,Mumbai,Sports,Dumbbells,1,2717.02,0.05,Net Banking,Returning,No,2717.02,135.851,2581.169
ORD304958,2025-03-09,CUST12901,Customer_12901,South,Chennai,Clothing,T-Shirt,1,2694.45,0.15,UPI,Returning,No,2694.45,404.16749999999996,2290.2825
ORD304959,2024-05-25,CUST12554,Customer_12554,East,Mumbai,Electronics,Smart Watch,1,8397.96,0.05,Credit Card,Returning,No,8397.96,419.89799999999997,7978.061999999999
ORD304960,2024-04-11,CUST12976,Customer_12976,North,Chennai,Sports,Football,7,9317.08,0.15,UPI,Returning,No,65219.56,9782.934,55436.626
ORD304961,2024-08-30,CUST12604,Customer_12604,East,Bengaluru,Sports,Dumbbells,1,704.93,0.0,Cash,New,No,704.93,0.0,704.93
ORD304962,2024-01-04,CUST13458,Customer_13458,West,Kolkata,Furniture,Coffee Table,6,17156.81,0.0,Net Banking,Returning,No,102940.86000000002,0.0,102940.86000000002
ORD304963,2025-10-08,CUST13443,Customer_13443,North,Hyderabad,Sports,Running Shoes,5,8881.28,0.0,Debit Card,Returning,No,44406.4,0.0,44406.4
ORD304964,2025-08-26,CUST12383,Customer_12383,North,Chennai,Sports,Cricket Bat,3,9289.48,0.05,UPI,New,No,27868.44,1393.422,26475.018
ORD304965,2025-04-07,CUST13426,Customer_13426,East,Hyderabad,Furniture,Study Table,1,25525.64,0.0,Credit Card,Returning,Yes,25525.64,0.0,25525.64
ORD304966,2024-07-17,CUST12495,Customer_12495,South,,Clothing,Jeans,2,5549.21,0.15,Credit Card,New,No,11098.42,1664.763,9433.657
ORD304967,2024-01-08,CUST12353,Customer_12353,North,Chennai,Clothing,Jeans,1,4654.18,0.15,Cash,New,No,4654.18,698.1270000000001,3956.0530000000003
ORD304968,2024-01-21,CUST12442,Customer_12442,South,Kolkata,Sports,Cricket Bat,2,3912.84,0.05,Debit Card,Returning,No,7825.68,391.28400000000005,7434.396000000001
ORD304969,2025-12-15,CUST13070,Customer_13070,South,Kolkata,Sports,Yoga Mat,1,7578.37,0.1,Credit Card,Returning,No,7578.37,757.837,6820.532999999999
ORD304970,2025-06-20,CUST13464,Customer_13464,West,Pune,Clothing,Jacket,7,918.98,0.15,UPI,New,No,6432.860000000001,964.9290000000001,5467.9310000000005
ORD304971,2024-08-23,CUST13169,Customer_13169,East,Chennai,Furniture,Office Chair,3,23880.54,0.05,UPI,New,No,71641.62,3582.081,68059.53899999999
ORD304972,2024-04-11,CUST12152,Customer_12152,North,Mumbai,Home & Kitchen,Mixer Grinder,7,7075.13,0.1,UPI,Returning,No,49525.91,4952.591,44573.319
ORD304973,2024-09-28,CUST13147,Customer_13147,South,Vijayawada,Home & Kitchen,Water Bottle,2,6442.51,0.25,Cash,Returning,No,12885.02,3221.255,9663.765
ORD304974,2024-08-13,CUST13361,Customer_13361,North,Mumbai,Clothing,T-Shirt,2,689.46,0.15,Credit Card,New,No,1378.92,206.838,1172.082
ORD304975,2024-02-01,CUST12087,Customer_12087,East,Kolkata,Clothing,T-Shirt,3,2920.22,0.1,Net Banking,Returning,No,8760.66,876.066,7884.594
ORD304976,2024-06-24,CUST12485,Customer_12485,South,Mumbai,Home & Kitchen,Water Bottle,1,7105.96,0.15,Credit Card,Returning,No,7105.96,1065.894,6040.066
ORD304977,2024-02-27,CUST12064,Customer_12064,East,Vijayawada,Sports,Cricket Bat,4,8674.49,0.0,Net Banking,New,No,34697.96,0.0,34697.96
ORD304978,2024-02-22,CUST12645,Customer_12645,West,Chennai,Electronics,USB Keyboard,3,4060.4,0.05,Cash,Returning,No,12181.2,609.0600000000001,11572.140000000001
ORD304979,2024-09-01,CUST13074,Customer_13074,South,Kolkata,Sports,Cricket Bat,3,4593.63,0.05,Debit Card,Returning,Yes,13780.89,689.0445,13091.8455
ORD304980,2024-04-09,CUST12028,Customer_12028,North,Bengaluru,Sports,Running Shoes,6,2493.92,0.2,Cash,Returning,Yes,14963.52,2992.704,11970.816
ORD304981,2024-12-22,CUST13030,Customer_13030,West,Bengaluru,Sports,Dumbbells,2,4810.52,0.05,Net Banking,New,No,9621.04,481.0520000000001,9139.988000000001
ORD304982,2024-05-26,CUST12202,Customer_12202,West,Bengaluru,Furniture,Sofa,4,9901.11,0.2,UPI,Returning,No,39604.44,7920.888000000001,31683.552000000003
ORD304983,2024-11-22,CUST12574,Customer_12574,East,Chennai,Electronics,Power Bank,1,14080.03,0.1,Credit Card,New,No,14080.03,1408.0030000000002,12672.027
ORD304984,2024-06-10,CUST12696,Customer_12696,South,Vijayawada,Home & Kitchen,Water Bottle,2,7573.79,0.2,Net Banking,Returning,No,15147.58,3029.516,12118.064
ORD304985,2024-07-28,CUST12321,Customer_12321,South,Hyderabad,Home & Kitchen,Storage Box,2,9203.75,0.0,Credit Card,Returning,No,18407.5,0.0,18407.5
ORD304986,2025-04-17,CUST12708,Customer_12708,West,Bengaluru,Furniture,Office Chair,3,2434.11,0.2,Credit Card,Returning,No,7302.33,1460.4660000000001,5841.864
ORD304987,2025-04-04,CUST12746,Customer_12746,West,Pune,Sports,Football,7,6496.0,0.0,Debit Card,Returning,Yes,45472.0,0.0,45472.0
ORD304988,2025-10-09,CUST12677,Customer_12677,East,Kolkata,Sports,Dumbbells,1,1193.91,0.0,Credit Card,Returning,No,1193.91,0.0,1193.91
ORD304989,2024-12-21,CUST13149,Customer_13149,West,Vijayawada,Sports,Yoga Mat,1,4722.86,0.05,Cash,New,No,4722.86,236.143,4486.717
ORD304990,2024-12-14,CUST12949,Customer_12949,South,Pune,Clothing,Jacket,2,1040.44,0.05,Credit Card,Returning,No,2080.88,104.04400000000001,1976.836
ORD304991,2025-09-23,CUST12464,Customer_12464,West,Chennai,Clothing,Formal Shirt,3,1749.9,0.1,Debit Card,New,No,5249.700000000001,524.9700000000001,4724.7300000000005
ORD304992,2024-07-17,CUST13280,Customer_13280,North,Vijayawada,Clothing,Jeans,1,2131.47,0.0,Net Banking,New,No,2131.47,0.0,2131.47
ORD304993,2025-02-10,CUST12319,Customer_12319,South,Hyderabad,Electronics,Power Bank,6,22672.13,0.0,Net Banking,Returning,No,136032.78,0.0,136032.78
ORD304994,2025-11-11,CUST12110,Customer_12110,East,Hyderabad,Sports,Running Shoes,2,549.22,0.0,Cash,Returning,No,1098.44,0.0,1098.44
ORD304995,2024-10-14,CUST12753,Customer_12753,West,Bengaluru,Furniture,Office Chair,4,21673.11,0.1,Net Banking,Returning,No,86692.44,8669.244,78023.196
ORD304996,2024-03-31,CUST13438,Customer_13438,North,Kolkata,Sports,Football,6,1483.18,0.05,Cash,Returning,No,8899.08,444.954,8454.126
ORD304997,2025-04-02,CUST12644,Customer_12644,South,Bengaluru,Clothing,Sneakers,6,1109.56,0.15,Debit Card,Returning,No,6657.36,998.6039999999999,5658.755999999999
ORD304998,2025-07-27,CUST12907,Customer_12907,East,Hyderabad,Electronics,USB Keyboard,2,5655.1,0.05,Net Banking,New,No,11310.2,565.5100000000001,10744.69
ORD304999,2025-04-27,CUST12800,Customer_12800,West,Pune,Clothing,Formal Shirt,2,2187.03,0.1,Credit Card,Returning,No,4374.06,437.40600000000006,3936.6540000000005
ORD305000,2024-09-06,CUST12355,Customer_12355,South,Chennai,Electronics,USB Keyboard,4,4531.79,0.15,Debit Card,New,No,18127.16,2719.074,15408.086
